Cache sync 1 at Sat Mar  7 12:06:07 UTC 2026
Cache sync 2 at Sat Mar  7 12:06:07 UTC 2026
Cache sync 3 at Sat Mar  7 12:06:07 UTC 2026
Cache sync 4 at Sat Mar  7 12:06:07 UTC 2026
Cache sync 5 at Sat Mar  7 12:06:07 UTC 2026
Cache sync 6 at Sat Mar  7 12:06:07 UTC 2026
Cache sync 7 at Sat Mar  7 12:06:07 UTC 2026
Cache sync 8 at Sat Mar  7 12:06:07 UTC 2026
Cache sync 9 at Sat Mar  7 12:06:07 UTC 2026
Cache sync 10 at Sat Mar  7 12:06:07 UTC 2026
Cache sync 11 at Sat Mar  7 12:06:07 UTC 2026
Cache sync 12 at Sat Mar  7 12:06:07 UTC 2026
Cache sync 13 at Sat Mar  7 12:06:07 UTC 2026
Cache sync 14 at Sat Mar  7 12:06:07 UTC 2026
Cache sync 15 at Sat Mar  7 12:06:07 UTC 2026
Cache sync 16 at Sat Mar  7 12:06:07 UTC 2026
Cache sync 17 at Sat Mar  7 12:06:07 UTC 2026
Cache sync 18 at Sat Mar  7 12:06:07 UTC 2026
Cache sync 19 at Sat Mar  7 12:06:07 UTC 2026
Cache sync 20 at Sat Mar  7 12:06:07 UTC 2026
Cache sync 21 at Sat Mar  7 12:06:07 UTC 2026
Cache sync 22 at Sat Mar  7 12:06:07 UTC 2026
Cache sync 23 at Sat Mar  7 12:06:07 UTC 2026
Cache sync 24 at Sat Mar  7 12:06:07 UTC 2026
Cache sync 25 at Sat Mar  7 12:06:07 UTC 2026
Cache sync 26 at Sat Mar  7 12:06:07 UTC 2026
Cache sync 27 at Sat Mar  7 12:06:07 UTC 2026
Cache sync 28 at Sat Mar  7 12:06:07 UTC 2026
Cache sync 29 at Sat Mar  7 12:06:07 UTC 2026
Cache sync 30 at Sat Mar  7 12:06:07 UTC 2026
Cache sync 31 at Sat Mar  7 12:06:07 UTC 2026
Cache sync 32 at Sat Mar  7 12:06:07 UTC 2026
Cache sync 33 at Sat Mar  7 12:06:07 UTC 2026
Cache sync 34 at Sat Mar  7 12:06:07 UTC 2026
Cache sync 35 at Sat Mar  7 12:06:07 UTC 2026
Cache sync 36 at Sat Mar  7 12:06:07 UTC 2026
Cache sync 37 at Sat Mar  7 12:06:07 UTC 2026
Cache sync 38 at Sat Mar  7 12:06:07 UTC 2026
Cache sync 39 at Sat Mar  7 12:06:07 UTC 2026
Cache sync 40 at Sat Mar  7 12:06:07 UTC 2026
Cache sync 41 at Sat Mar  7 12:06:07 UTC 2026
Cache sync 42 at Sat Mar  7 12:06:07 UTC 2026
Cache sync 43 at Sat Mar  7 12:06:07 UTC 2026
Cache sync 1 at Sat Mar  7 15:04:34 UTC 2026
Cache sync 2 at Sat Mar  7 15:04:34 UTC 2026
Cache sync 3 at Sat Mar  7 15:04:34 UTC 2026
Cache sync 4 at Sat Mar  7 15:04:34 UTC 2026
Cache sync 5 at Sat Mar  7 15:04:34 UTC 2026
Cache sync 6 at Sat Mar  7 15:04:34 UTC 2026
Cache sync 7 at Sat Mar  7 15:04:34 UTC 2026
Cache sync 8 at Sat Mar  7 15:04:34 UTC 2026
Cache sync 9 at Sat Mar  7 15:04:34 UTC 2026
Cache sync 10 at Sat Mar  7 15:04:34 UTC 2026
Cache sync 1 at Sat Mar  7 18:05:29 UTC 2026
Cache sync 2 at Sat Mar  7 18:05:29 UTC 2026
Cache sync 3 at Sat Mar  7 18:05:29 UTC 2026
Cache sync 4 at Sat Mar  7 18:05:29 UTC 2026
Cache sync 5 at Sat Mar  7 18:05:29 UTC 2026
Cache sync 6 at Sat Mar  7 18:05:29 UTC 2026
Cache sync 7 at Sat Mar  7 18:05:29 UTC 2026
Cache sync 8 at Sat Mar  7 18:05:29 UTC 2026
Cache sync 9 at Sat Mar  7 18:05:29 UTC 2026
Cache sync 10 at Sat Mar  7 18:05:29 UTC 2026
Cache sync 11 at Sat Mar  7 18:05:29 UTC 2026
Cache sync 12 at Sat Mar  7 18:05:29 UTC 2026
Cache sync 13 at Sat Mar  7 18:05:29 UTC 2026
Cache sync 14 at Sat Mar  7 18:05:29 UTC 2026
Cache sync 15 at Sat Mar  7 18:05:29 UTC 2026
Cache sync 16 at Sat Mar  7 18:05:29 UTC 2026
Cache sync 17 at Sat Mar  7 18:05:29 UTC 2026
Cache sync 18 at Sat Mar  7 18:05:29 UTC 2026
Cache sync 19 at Sat Mar  7 18:05:29 UTC 2026
Cache sync 1 at Sat Mar  7 21:04:02 UTC 2026
Cache sync 2 at Sat Mar  7 21:04:02 UTC 2026
Cache sync 3 at Sat Mar  7 21:04:02 UTC 2026
Cache sync 4 at Sat Mar  7 21:04:02 UTC 2026
Cache sync 5 at Sat Mar  7 21:04:02 UTC 2026
Cache sync 1 at Sun Mar  8 00:17:16 UTC 2026
Cache sync 2 at Sun Mar  8 00:17:16 UTC 2026
Cache sync 3 at Sun Mar  8 00:17:16 UTC 2026
Cache sync 4 at Sun Mar  8 00:17:16 UTC 2026
Cache sync 5 at Sun Mar  8 00:17:16 UTC 2026
Cache sync 6 at Sun Mar  8 00:17:16 UTC 2026
Cache sync 7 at Sun Mar  8 00:17:16 UTC 2026
Cache sync 1 at Sun Mar  8 03:46:51 UTC 2026
Cache sync 2 at Sun Mar  8 03:46:51 UTC 2026
Cache sync 3 at Sun Mar  8 03:46:51 UTC 2026
Cache sync 4 at Sun Mar  8 03:46:51 UTC 2026
Cache sync 5 at Sun Mar  8 03:46:51 UTC 2026
Cache sync 6 at Sun Mar  8 03:46:51 UTC 2026
Cache sync 7 at Sun Mar  8 03:46:51 UTC 2026
Cache sync 8 at Sun Mar  8 03:46:51 UTC 2026
Cache sync 9 at Sun Mar  8 03:46:51 UTC 2026
Cache sync 10 at Sun Mar  8 03:46:51 UTC 2026
Cache sync 11 at Sun Mar  8 03:46:51 UTC 2026
Cache sync 12 at Sun Mar  8 03:46:51 UTC 2026
Cache sync 13 at Sun Mar  8 03:46:51 UTC 2026
Cache sync 14 at Sun Mar  8 03:46:51 UTC 2026
Cache sync 15 at Sun Mar  8 03:46:51 UTC 2026
Cache sync 16 at Sun Mar  8 03:46:51 UTC 2026
Cache sync 17 at Sun Mar  8 03:46:51 UTC 2026
Cache sync 18 at Sun Mar  8 03:46:51 UTC 2026
Cache sync 19 at Sun Mar  8 03:46:51 UTC 2026
Cache sync 20 at Sun Mar  8 03:46:51 UTC 2026
Cache sync 21 at Sun Mar  8 03:46:51 UTC 2026
Cache sync 22 at Sun Mar  8 03:46:51 UTC 2026
Cache sync 23 at Sun Mar  8 03:46:51 UTC 2026
Cache sync 24 at Sun Mar  8 03:46:51 UTC 2026
Cache sync 25 at Sun Mar  8 03:46:51 UTC 2026
Cache sync 26 at Sun Mar  8 03:46:51 UTC 2026
Cache sync 27 at Sun Mar  8 03:46:51 UTC 2026
Cache sync 28 at Sun Mar  8 03:46:51 UTC 2026
Cache sync 29 at Sun Mar  8 03:46:51 UTC 2026
Cache sync 30 at Sun Mar  8 03:46:51 UTC 2026
Cache sync 31 at Sun Mar  8 03:46:51 UTC 2026
Cache sync 32 at Sun Mar  8 03:46:51 UTC 2026
Cache sync 33 at Sun Mar  8 03:46:51 UTC 2026
Cache sync 34 at Sun Mar  8 03:46:51 UTC 2026
Cache sync 35 at Sun Mar  8 03:46:51 UTC 2026
Cache sync 36 at Sun Mar  8 03:46:51 UTC 2026
Cache sync 37 at Sun Mar  8 03:46:51 UTC 2026
Cache sync 38 at Sun Mar  8 03:46:51 UTC 2026
Cache sync 39 at Sun Mar  8 03:46:51 UTC 2026
Cache sync 40 at Sun Mar  8 03:46:51 UTC 2026
Cache sync 41 at Sun Mar  8 03:46:51 UTC 2026
Cache sync 42 at Sun Mar  8 03:46:51 UTC 2026
Cache sync 43 at Sun Mar  8 03:46:51 UTC 2026
Cache sync 1 at Sun Mar  8 06:12:37 UTC 2026
Cache sync 2 at Sun Mar  8 06:12:37 UTC 2026
Cache sync 3 at Sun Mar  8 06:12:37 UTC 2026
Cache sync 4 at Sun Mar  8 06:12:37 UTC 2026
Cache sync 5 at Sun Mar  8 06:12:37 UTC 2026
Cache sync 6 at Sun Mar  8 06:12:37 UTC 2026
Cache sync 7 at Sun Mar  8 06:12:37 UTC 2026
Cache sync 8 at Sun Mar  8 06:12:37 UTC 2026
Cache sync 9 at Sun Mar  8 06:12:37 UTC 2026
Cache sync 10 at Sun Mar  8 06:12:37 UTC 2026
Cache sync 11 at Sun Mar  8 06:12:37 UTC 2026
Cache sync 12 at Sun Mar  8 06:12:37 UTC 2026
Cache sync 13 at Sun Mar  8 06:12:37 UTC 2026
Cache sync 14 at Sun Mar  8 06:12:37 UTC 2026
Cache sync 15 at Sun Mar  8 06:12:37 UTC 2026
Cache sync 16 at Sun Mar  8 06:12:37 UTC 2026
Cache sync 17 at Sun Mar  8 06:12:37 UTC 2026
Cache sync 18 at Sun Mar  8 06:12:37 UTC 2026
Cache sync 19 at Sun Mar  8 06:12:37 UTC 2026
Cache sync 20 at Sun Mar  8 06:12:37 UTC 2026
Cache sync 21 at Sun Mar  8 06:12:37 UTC 2026
Cache sync 22 at Sun Mar  8 06:12:37 UTC 2026
Cache sync 23 at Sun Mar  8 06:12:37 UTC 2026
Cache sync 24 at Sun Mar  8 06:12:37 UTC 2026
Cache sync 25 at Sun Mar  8 06:12:37 UTC 2026
Cache sync 26 at Sun Mar  8 06:12:37 UTC 2026
Cache sync 27 at Sun Mar  8 06:12:37 UTC 2026
Cache sync 28 at Sun Mar  8 06:12:37 UTC 2026
Cache sync 29 at Sun Mar  8 06:12:37 UTC 2026
Cache sync 30 at Sun Mar  8 06:12:37 UTC 2026
Cache sync 31 at Sun Mar  8 06:12:37 UTC 2026
Cache sync 32 at Sun Mar  8 06:12:37 UTC 2026
Cache sync 33 at Sun Mar  8 06:12:37 UTC 2026
Cache sync 34 at Sun Mar  8 06:12:37 UTC 2026
Cache sync 35 at Sun Mar  8 06:12:37 UTC 2026
Cache sync 36 at Sun Mar  8 06:12:37 UTC 2026
Cache sync 37 at Sun Mar  8 06:12:37 UTC 2026
Cache sync 38 at Sun Mar  8 06:12:37 UTC 2026
Cache sync 39 at Sun Mar  8 06:12:37 UTC 2026
Cache sync 40 at Sun Mar  8 06:12:37 UTC 2026
Cache sync 41 at Sun Mar  8 06:12:37 UTC 2026
Cache sync 42 at Sun Mar  8 06:12:37 UTC 2026
Cache sync 43 at Sun Mar  8 06:12:37 UTC 2026
Cache sync 44 at Sun Mar  8 06:12:37 UTC 2026
Cache sync 45 at Sun Mar  8 06:12:37 UTC 2026
Cache sync 46 at Sun Mar  8 06:12:37 UTC 2026
Cache sync 47 at Sun Mar  8 06:12:37 UTC 2026
Cache sync 48 at Sun Mar  8 06:12:37 UTC 2026
Cache sync 49 at Sun Mar  8 06:12:37 UTC 2026
Cache sync 50 at Sun Mar  8 06:12:37 UTC 2026
Cache sync 51 at Sun Mar  8 06:12:37 UTC 2026
Cache sync 52 at Sun Mar  8 06:12:37 UTC 2026
Cache sync 53 at Sun Mar  8 06:12:37 UTC 2026
Cache sync 54 at Sun Mar  8 06:12:37 UTC 2026
Cache sync 55 at Sun Mar  8 06:12:38 UTC 2026
Cache sync 56 at Sun Mar  8 06:12:38 UTC 2026
Cache sync 57 at Sun Mar  8 06:12:38 UTC 2026
Cache sync 58 at Sun Mar  8 06:12:38 UTC 2026
Cache sync 59 at Sun Mar  8 06:12:38 UTC 2026
Cache sync 60 at Sun Mar  8 06:12:38 UTC 2026
Cache sync 1 at Sun Mar  8 09:06:55 UTC 2026
Cache sync 2 at Sun Mar  8 09:06:55 UTC 2026
Cache sync 3 at Sun Mar  8 09:06:55 UTC 2026
Cache sync 4 at Sun Mar  8 09:06:55 UTC 2026
Cache sync 5 at Sun Mar  8 09:06:55 UTC 2026
Cache sync 6 at Sun Mar  8 09:06:55 UTC 2026
Cache sync 7 at Sun Mar  8 09:06:55 UTC 2026
Cache sync 8 at Sun Mar  8 09:06:55 UTC 2026
Cache sync 9 at Sun Mar  8 09:06:55 UTC 2026
Cache sync 10 at Sun Mar  8 09:06:55 UTC 2026
Cache sync 11 at Sun Mar  8 09:06:55 UTC 2026
Cache sync 12 at Sun Mar  8 09:06:55 UTC 2026
Cache sync 13 at Sun Mar  8 09:06:55 UTC 2026
Cache sync 14 at Sun Mar  8 09:06:55 UTC 2026
Cache sync 15 at Sun Mar  8 09:06:55 UTC 2026
Cache sync 16 at Sun Mar  8 09:06:55 UTC 2026
Cache sync 17 at Sun Mar  8 09:06:55 UTC 2026
Cache sync 18 at Sun Mar  8 09:06:55 UTC 2026
Cache sync 19 at Sun Mar  8 09:06:55 UTC 2026
Cache sync 20 at Sun Mar  8 09:06:55 UTC 2026
Cache sync 21 at Sun Mar  8 09:06:55 UTC 2026
Cache sync 22 at Sun Mar  8 09:06:55 UTC 2026
Cache sync 23 at Sun Mar  8 09:06:55 UTC 2026
Cache sync 24 at Sun Mar  8 09:06:55 UTC 2026
Cache sync 25 at Sun Mar  8 09:06:55 UTC 2026
Cache sync 26 at Sun Mar  8 09:06:55 UTC 2026
Cache sync 27 at Sun Mar  8 09:06:55 UTC 2026
Cache sync 28 at Sun Mar  8 09:06:55 UTC 2026
Cache sync 29 at Sun Mar  8 09:06:55 UTC 2026
Cache sync 30 at Sun Mar  8 09:06:55 UTC 2026
Cache sync 31 at Sun Mar  8 09:06:55 UTC 2026
Cache sync 32 at Sun Mar  8 09:06:55 UTC 2026
Cache sync 33 at Sun Mar  8 09:06:55 UTC 2026
Cache sync 34 at Sun Mar  8 09:06:55 UTC 2026
Cache sync 35 at Sun Mar  8 09:06:55 UTC 2026
Cache sync 36 at Sun Mar  8 09:06:55 UTC 2026
Cache sync 37 at Sun Mar  8 09:06:55 UTC 2026
Cache sync 38 at Sun Mar  8 09:06:55 UTC 2026
Cache sync 39 at Sun Mar  8 09:06:55 UTC 2026
Cache sync 40 at Sun Mar  8 09:06:55 UTC 2026
Cache sync 41 at Sun Mar  8 09:06:55 UTC 2026
Cache sync 42 at Sun Mar  8 09:06:55 UTC 2026
Cache sync 43 at Sun Mar  8 09:06:55 UTC 2026
Cache sync 44 at Sun Mar  8 09:06:55 UTC 2026
Cache sync 45 at Sun Mar  8 09:06:55 UTC 2026
Cache sync 46 at Sun Mar  8 09:06:55 UTC 2026
Cache sync 47 at Sun Mar  8 09:06:55 UTC 2026
Cache sync 48 at Sun Mar  8 09:06:55 UTC 2026
Cache sync 49 at Sun Mar  8 09:06:55 UTC 2026
Cache sync 50 at Sun Mar  8 09:06:55 UTC 2026
Cache sync 51 at Sun Mar  8 09:06:55 UTC 2026
Cache sync 52 at Sun Mar  8 09:06:55 UTC 2026
Cache sync 53 at Sun Mar  8 09:06:55 UTC 2026
Cache sync 54 at Sun Mar  8 09:06:55 UTC 2026
Cache sync 55 at Sun Mar  8 09:06:55 UTC 2026
Cache sync 56 at Sun Mar  8 09:06:55 UTC 2026
Cache sync 57 at Sun Mar  8 09:06:55 UTC 2026
Cache sync 58 at Sun Mar  8 09:06:55 UTC 2026
Cache sync 59 at Sun Mar  8 09:06:55 UTC 2026
Cache sync 60 at Sun Mar  8 09:06:55 UTC 2026
Cache sync 61 at Sun Mar  8 09:06:55 UTC 2026
Cache sync 62 at Sun Mar  8 09:06:55 UTC 2026
Cache sync 63 at Sun Mar  8 09:06:55 UTC 2026
Cache sync 64 at Sun Mar  8 09:06:55 UTC 2026
Cache sync 65 at Sun Mar  8 09:06:55 UTC 2026
Cache sync 66 at Sun Mar  8 09:06:55 UTC 2026
Cache sync 1 at Sun Mar  8 15:04:51 UTC 2026
Cache sync 2 at Sun Mar  8 15:04:51 UTC 2026
Cache sync 3 at Sun Mar  8 15:04:51 UTC 2026
Cache sync 4 at Sun Mar  8 15:04:51 UTC 2026
Cache sync 5 at Sun Mar  8 15:04:51 UTC 2026
Cache sync 6 at Sun Mar  8 15:04:51 UTC 2026
Cache sync 7 at Sun Mar  8 15:04:51 UTC 2026
Cache sync 8 at Sun Mar  8 15:04:51 UTC 2026
Cache sync 9 at Sun Mar  8 15:04:51 UTC 2026
Cache sync 10 at Sun Mar  8 15:04:51 UTC 2026
Cache sync 11 at Sun Mar  8 15:04:51 UTC 2026
Cache sync 12 at Sun Mar  8 15:04:51 UTC 2026
Cache sync 13 at Sun Mar  8 15:04:51 UTC 2026
Cache sync 14 at Sun Mar  8 15:04:51 UTC 2026
Cache sync 15 at Sun Mar  8 15:04:51 UTC 2026
Cache sync 16 at Sun Mar  8 15:04:51 UTC 2026
Cache sync 17 at Sun Mar  8 15:04:51 UTC 2026
Cache sync 18 at Sun Mar  8 15:04:51 UTC 2026
Cache sync 19 at Sun Mar  8 15:04:51 UTC 2026
Cache sync 20 at Sun Mar  8 15:04:51 UTC 2026
Cache sync 21 at Sun Mar  8 15:04:51 UTC 2026
Cache sync 22 at Sun Mar  8 15:04:51 UTC 2026
Cache sync 23 at Sun Mar  8 15:04:51 UTC 2026
Cache sync 24 at Sun Mar  8 15:04:51 UTC 2026
Cache sync 25 at Sun Mar  8 15:04:51 UTC 2026
Cache sync 26 at Sun Mar  8 15:04:51 UTC 2026
Cache sync 27 at Sun Mar  8 15:04:51 UTC 2026
Cache sync 28 at Sun Mar  8 15:04:51 UTC 2026
Cache sync 29 at Sun Mar  8 15:04:51 UTC 2026
Cache sync 30 at Sun Mar  8 15:04:51 UTC 2026
Cache sync 31 at Sun Mar  8 15:04:51 UTC 2026
Cache sync 32 at Sun Mar  8 15:04:51 UTC 2026
Cache sync 33 at Sun Mar  8 15:04:51 UTC 2026
Cache sync 34 at Sun Mar  8 15:04:51 UTC 2026
Cache sync 35 at Sun Mar  8 15:04:51 UTC 2026
Cache sync 36 at Sun Mar  8 15:04:51 UTC 2026
Cache sync 37 at Sun Mar  8 15:04:51 UTC 2026
Cache sync 38 at Sun Mar  8 15:04:51 UTC 2026
Cache sync 39 at Sun Mar  8 15:04:51 UTC 2026
Cache sync 40 at Sun Mar  8 15:04:51 UTC 2026
Cache sync 41 at Sun Mar  8 15:04:51 UTC 2026
Cache sync 42 at Sun Mar  8 15:04:51 UTC 2026
Cache sync 43 at Sun Mar  8 15:04:51 UTC 2026
Cache sync 44 at Sun Mar  8 15:04:51 UTC 2026
Cache sync 45 at Sun Mar  8 15:04:51 UTC 2026
Cache sync 46 at Sun Mar  8 15:04:51 UTC 2026
Cache sync 47 at Sun Mar  8 15:04:51 UTC 2026
Cache sync 48 at Sun Mar  8 15:04:51 UTC 2026
Cache sync 49 at Sun Mar  8 15:04:51 UTC 2026
Cache sync 50 at Sun Mar  8 15:04:51 UTC 2026
Cache sync 51 at Sun Mar  8 15:04:51 UTC 2026
Cache sync 52 at Sun Mar  8 15:04:51 UTC 2026
Cache sync 53 at Sun Mar  8 15:04:51 UTC 2026
Cache sync 54 at Sun Mar  8 15:04:51 UTC 2026
Cache sync 55 at Sun Mar  8 15:04:51 UTC 2026
Cache sync 56 at Sun Mar  8 15:04:51 UTC 2026
Cache sync 57 at Sun Mar  8 15:04:51 UTC 2026
Cache sync 58 at Sun Mar  8 15:04:51 UTC 2026
Cache sync 59 at Sun Mar  8 15:04:51 UTC 2026
Cache sync 60 at Sun Mar  8 15:04:51 UTC 2026
Cache sync 61 at Sun Mar  8 15:04:51 UTC 2026
Cache sync 62 at Sun Mar  8 15:04:51 UTC 2026
Cache sync 63 at Sun Mar  8 15:04:51 UTC 2026
Cache sync 64 at Sun Mar  8 15:04:51 UTC 2026
Cache sync 65 at Sun Mar  8 15:04:51 UTC 2026
Cache sync 66 at Sun Mar  8 15:04:51 UTC 2026
Cache sync 67 at Sun Mar  8 15:04:51 UTC 2026
Cache sync 68 at Sun Mar  8 15:04:51 UTC 2026
Cache sync 1 at Sun Mar  8 18:05:39 UTC 2026
Cache sync 2 at Sun Mar  8 18:05:39 UTC 2026
Cache sync 3 at Sun Mar  8 18:05:39 UTC 2026
Cache sync 4 at Sun Mar  8 18:05:39 UTC 2026
Cache sync 5 at Sun Mar  8 18:05:39 UTC 2026
Cache sync 6 at Sun Mar  8 18:05:39 UTC 2026
Cache sync 7 at Sun Mar  8 18:05:39 UTC 2026
Cache sync 1 at Sun Mar  8 21:05:01 UTC 2026
Cache sync 2 at Sun Mar  8 21:05:01 UTC 2026
Cache sync 3 at Sun Mar  8 21:05:01 UTC 2026
Cache sync 4 at Sun Mar  8 21:05:01 UTC 2026
Cache sync 5 at Sun Mar  8 21:05:01 UTC 2026
Cache sync 6 at Sun Mar  8 21:05:01 UTC 2026
Cache sync 7 at Sun Mar  8 21:05:01 UTC 2026
Cache sync 8 at Sun Mar  8 21:05:01 UTC 2026
Cache sync 9 at Sun Mar  8 21:05:01 UTC 2026
Cache sync 10 at Sun Mar  8 21:05:01 UTC 2026
Cache sync 11 at Sun Mar  8 21:05:01 UTC 2026
Cache sync 12 at Sun Mar  8 21:05:01 UTC 2026
Cache sync 13 at Sun Mar  8 21:05:01 UTC 2026
Cache sync 14 at Sun Mar  8 21:05:01 UTC 2026
Cache sync 15 at Sun Mar  8 21:05:01 UTC 2026
Cache sync 16 at Sun Mar  8 21:05:01 UTC 2026
Cache sync 17 at Sun Mar  8 21:05:01 UTC 2026
Cache sync 18 at Sun Mar  8 21:05:01 UTC 2026
Cache sync 19 at Sun Mar  8 21:05:01 UTC 2026
Cache sync 20 at Sun Mar  8 21:05:01 UTC 2026
Cache sync 21 at Sun Mar  8 21:05:01 UTC 2026
Cache sync 22 at Sun Mar  8 21:05:01 UTC 2026
Cache sync 23 at Sun Mar  8 21:05:01 UTC 2026
Cache sync 24 at Sun Mar  8 21:05:01 UTC 2026
Cache sync 25 at Sun Mar  8 21:05:01 UTC 2026
Cache sync 26 at Sun Mar  8 21:05:01 UTC 2026
Cache sync 27 at Sun Mar  8 21:05:01 UTC 2026
Cache sync 28 at Sun Mar  8 21:05:01 UTC 2026
Cache sync 29 at Sun Mar  8 21:05:01 UTC 2026
Cache sync 30 at Sun Mar  8 21:05:01 UTC 2026
Cache sync 31 at Sun Mar  8 21:05:01 UTC 2026
Cache sync 32 at Sun Mar  8 21:05:01 UTC 2026
Cache sync 33 at Sun Mar  8 21:05:01 UTC 2026
Cache sync 34 at Sun Mar  8 21:05:01 UTC 2026
Cache sync 1 at Mon Mar  9 00:17:25 UTC 2026
Cache sync 2 at Mon Mar  9 00:17:25 UTC 2026
Cache sync 3 at Mon Mar  9 00:17:25 UTC 2026
Cache sync 4 at Mon Mar  9 00:17:25 UTC 2026
Cache sync 5 at Mon Mar  9 00:17:25 UTC 2026
Cache sync 6 at Mon Mar  9 00:17:26 UTC 2026
Cache sync 7 at Mon Mar  9 00:17:26 UTC 2026
Cache sync 8 at Mon Mar  9 00:17:26 UTC 2026
Cache sync 9 at Mon Mar  9 00:17:26 UTC 2026
Cache sync 10 at Mon Mar  9 00:17:26 UTC 2026
Cache sync 11 at Mon Mar  9 00:17:26 UTC 2026
Cache sync 12 at Mon Mar  9 00:17:26 UTC 2026
Cache sync 13 at Mon Mar  9 00:17:26 UTC 2026
Cache sync 14 at Mon Mar  9 00:17:26 UTC 2026
Cache sync 15 at Mon Mar  9 00:17:26 UTC 2026
Cache sync 16 at Mon Mar  9 00:17:26 UTC 2026
Cache sync 17 at Mon Mar  9 00:17:26 UTC 2026
Cache sync 18 at Mon Mar  9 00:17:26 UTC 2026
Cache sync 19 at Mon Mar  9 00:17:26 UTC 2026
Cache sync 20 at Mon Mar  9 00:17:26 UTC 2026
Cache sync 21 at Mon Mar  9 00:17:26 UTC 2026
Cache sync 22 at Mon Mar  9 00:17:26 UTC 2026
Cache sync 23 at Mon Mar  9 00:17:26 UTC 2026
Cache sync 24 at Mon Mar  9 00:17:26 UTC 2026
Cache sync 25 at Mon Mar  9 00:17:26 UTC 2026
Cache sync 26 at Mon Mar  9 00:17:26 UTC 2026
Cache sync 27 at Mon Mar  9 00:17:26 UTC 2026
Cache sync 28 at Mon Mar  9 00:17:26 UTC 2026
Cache sync 29 at Mon Mar  9 00:17:27 UTC 2026
Cache sync 30 at Mon Mar  9 00:17:27 UTC 2026
Cache sync 31 at Mon Mar  9 00:17:27 UTC 2026
Cache sync 32 at Mon Mar  9 00:17:27 UTC 2026
Cache sync 33 at Mon Mar  9 00:17:27 UTC 2026
Cache sync 34 at Mon Mar  9 00:17:27 UTC 2026
Cache sync 35 at Mon Mar  9 00:17:27 UTC 2026
Cache sync 36 at Mon Mar  9 00:17:27 UTC 2026
Cache sync 37 at Mon Mar  9 00:17:27 UTC 2026
Cache sync 38 at Mon Mar  9 00:17:27 UTC 2026
Cache sync 39 at Mon Mar  9 00:17:27 UTC 2026
Cache sync 40 at Mon Mar  9 00:17:27 UTC 2026
Cache sync 41 at Mon Mar  9 00:17:27 UTC 2026
Cache sync 42 at Mon Mar  9 00:17:27 UTC 2026
Cache sync 43 at Mon Mar  9 00:17:27 UTC 2026
Cache sync 44 at Mon Mar  9 00:17:27 UTC 2026
Cache sync 45 at Mon Mar  9 00:17:27 UTC 2026
Cache sync 46 at Mon Mar  9 00:17:27 UTC 2026
Cache sync 47 at Mon Mar  9 00:17:27 UTC 2026
Cache sync 48 at Mon Mar  9 00:17:27 UTC 2026
Cache sync 49 at Mon Mar  9 00:17:27 UTC 2026
Cache sync 50 at Mon Mar  9 00:17:27 UTC 2026
Cache sync 51 at Mon Mar  9 00:17:27 UTC 2026
Cache sync 52 at Mon Mar  9 00:17:27 UTC 2026
Cache sync 53 at Mon Mar  9 00:17:27 UTC 2026
Cache sync 54 at Mon Mar  9 00:17:27 UTC 2026
Cache sync 55 at Mon Mar  9 00:17:27 UTC 2026
Cache sync 56 at Mon Mar  9 00:17:27 UTC 2026
Cache sync 57 at Mon Mar  9 00:17:27 UTC 2026
Cache sync 58 at Mon Mar  9 00:17:27 UTC 2026
Cache sync 59 at Mon Mar  9 00:17:27 UTC 2026
Cache sync 60 at Mon Mar  9 00:17:27 UTC 2026
Cache sync 61 at Mon Mar  9 00:17:27 UTC 2026
Cache sync 62 at Mon Mar  9 00:17:27 UTC 2026
Cache sync 63 at Mon Mar  9 00:17:28 UTC 2026
Cache sync 64 at Mon Mar  9 00:17:28 UTC 2026
Cache sync 65 at Mon Mar  9 00:17:28 UTC 2026
Cache sync 66 at Mon Mar  9 00:17:28 UTC 2026
Cache sync 67 at Mon Mar  9 00:17:28 UTC 2026
Cache sync 68 at Mon Mar  9 00:17:28 UTC 2026
Cache sync 69 at Mon Mar  9 00:17:28 UTC 2026
Cache sync 70 at Mon Mar  9 00:17:28 UTC 2026
Cache sync 71 at Mon Mar  9 00:17:28 UTC 2026
Cache sync 72 at Mon Mar  9 00:17:28 UTC 2026
Cache sync 73 at Mon Mar  9 00:17:28 UTC 2026
Cache sync 74 at Mon Mar  9 00:17:28 UTC 2026
Cache sync 75 at Mon Mar  9 00:17:28 UTC 2026
Cache sync 76 at Mon Mar  9 00:17:28 UTC 2026
Cache sync 77 at Mon Mar  9 00:17:28 UTC 2026
Cache sync 78 at Mon Mar  9 00:17:28 UTC 2026
Cache sync 79 at Mon Mar  9 00:17:28 UTC 2026
Cache sync 80 at Mon Mar  9 00:17:28 UTC 2026
Cache sync 81 at Mon Mar  9 00:17:28 UTC 2026
Cache sync 82 at Mon Mar  9 00:17:28 UTC 2026
Cache sync 83 at Mon Mar  9 00:17:28 UTC 2026
Cache sync 1 at Mon Mar  9 03:48:16 UTC 2026
Cache sync 2 at Mon Mar  9 03:48:16 UTC 2026
Cache sync 3 at Mon Mar  9 03:48:16 UTC 2026
Cache sync 4 at Mon Mar  9 03:48:16 UTC 2026
Cache sync 5 at Mon Mar  9 03:48:16 UTC 2026
Cache sync 6 at Mon Mar  9 03:48:16 UTC 2026
Cache sync 7 at Mon Mar  9 03:48:16 UTC 2026
Cache sync 8 at Mon Mar  9 03:48:16 UTC 2026
Cache sync 9 at Mon Mar  9 03:48:16 UTC 2026
Cache sync 10 at Mon Mar  9 03:48:16 UTC 2026
Cache sync 11 at Mon Mar  9 03:48:16 UTC 2026
Cache sync 12 at Mon Mar  9 03:48:16 UTC 2026
Cache sync 13 at Mon Mar  9 03:48:16 UTC 2026
Cache sync 14 at Mon Mar  9 03:48:16 UTC 2026
Cache sync 15 at Mon Mar  9 03:48:16 UTC 2026
Cache sync 16 at Mon Mar  9 03:48:16 UTC 2026
Cache sync 17 at Mon Mar  9 03:48:16 UTC 2026
Cache sync 18 at Mon Mar  9 03:48:17 UTC 2026
Cache sync 19 at Mon Mar  9 03:48:17 UTC 2026
Cache sync 20 at Mon Mar  9 03:48:17 UTC 2026
Cache sync 21 at Mon Mar  9 03:48:17 UTC 2026
Cache sync 22 at Mon Mar  9 03:48:17 UTC 2026
Cache sync 23 at Mon Mar  9 03:48:17 UTC 2026
Cache sync 24 at Mon Mar  9 03:48:17 UTC 2026
Cache sync 25 at Mon Mar  9 03:48:17 UTC 2026
Cache sync 26 at Mon Mar  9 03:48:17 UTC 2026
Cache sync 27 at Mon Mar  9 03:48:17 UTC 2026
Cache sync 28 at Mon Mar  9 03:48:17 UTC 2026
Cache sync 29 at Mon Mar  9 03:48:17 UTC 2026
Cache sync 30 at Mon Mar  9 03:48:17 UTC 2026
Cache sync 31 at Mon Mar  9 03:48:17 UTC 2026
Cache sync 32 at Mon Mar  9 03:48:17 UTC 2026
Cache sync 33 at Mon Mar  9 03:48:17 UTC 2026
Cache sync 34 at Mon Mar  9 03:48:17 UTC 2026
Cache sync 35 at Mon Mar  9 03:48:17 UTC 2026
Cache sync 36 at Mon Mar  9 03:48:17 UTC 2026
Cache sync 37 at Mon Mar  9 03:48:17 UTC 2026
Cache sync 38 at Mon Mar  9 03:48:17 UTC 2026
Cache sync 39 at Mon Mar  9 03:48:17 UTC 2026
Cache sync 40 at Mon Mar  9 03:48:17 UTC 2026
Cache sync 41 at Mon Mar  9 03:48:17 UTC 2026
Cache sync 42 at Mon Mar  9 03:48:17 UTC 2026
Cache sync 43 at Mon Mar  9 03:48:17 UTC 2026
Cache sync 44 at Mon Mar  9 03:48:17 UTC 2026
Cache sync 45 at Mon Mar  9 03:48:17 UTC 2026
Cache sync 46 at Mon Mar  9 03:48:17 UTC 2026
Cache sync 47 at Mon Mar  9 03:48:17 UTC 2026
Cache sync 48 at Mon Mar  9 03:48:17 UTC 2026
Cache sync 49 at Mon Mar  9 03:48:17 UTC 2026
Cache sync 50 at Mon Mar  9 03:48:17 UTC 2026
Cache sync 51 at Mon Mar  9 03:48:17 UTC 2026
Cache sync 52 at Mon Mar  9 03:48:17 UTC 2026
Cache sync 53 at Mon Mar  9 03:48:17 UTC 2026
Cache sync 54 at Mon Mar  9 03:48:17 UTC 2026
Cache sync 55 at Mon Mar  9 03:48:17 UTC 2026
Cache sync 56 at Mon Mar  9 03:48:17 UTC 2026
Cache sync 57 at Mon Mar  9 03:48:17 UTC 2026
Cache sync 58 at Mon Mar  9 03:48:17 UTC 2026
Cache sync 59 at Mon Mar  9 03:48:17 UTC 2026
Cache sync 60 at Mon Mar  9 03:48:17 UTC 2026
Cache sync 61 at Mon Mar  9 03:48:17 UTC 2026
Cache sync 62 at Mon Mar  9 03:48:17 UTC 2026
Cache sync 63 at Mon Mar  9 03:48:17 UTC 2026
Cache sync 64 at Mon Mar  9 03:48:17 UTC 2026
Cache sync 65 at Mon Mar  9 03:48:17 UTC 2026
Cache sync 66 at Mon Mar  9 03:48:17 UTC 2026
Cache sync 67 at Mon Mar  9 03:48:17 UTC 2026
Cache sync 68 at Mon Mar  9 03:48:17 UTC 2026
Cache sync 69 at Mon Mar  9 03:48:17 UTC 2026
Cache sync 70 at Mon Mar  9 03:48:17 UTC 2026
Cache sync 71 at Mon Mar  9 03:48:17 UTC 2026
Cache sync 72 at Mon Mar  9 03:48:17 UTC 2026
Cache sync 73 at Mon Mar  9 03:48:17 UTC 2026
Cache sync 74 at Mon Mar  9 03:48:17 UTC 2026
Cache sync 75 at Mon Mar  9 03:48:17 UTC 2026
Cache sync 76 at Mon Mar  9 03:48:17 UTC 2026
Cache sync 77 at Mon Mar  9 03:48:17 UTC 2026
Cache sync 78 at Mon Mar  9 03:48:17 UTC 2026
Cache sync 1 at Mon Mar  9 06:21:22 UTC 2026
Cache sync 2 at Mon Mar  9 06:21:22 UTC 2026
Cache sync 3 at Mon Mar  9 06:21:22 UTC 2026
Cache sync 4 at Mon Mar  9 06:21:22 UTC 2026
Cache sync 5 at Mon Mar  9 06:21:22 UTC 2026
Cache sync 6 at Mon Mar  9 06:21:22 UTC 2026
Cache sync 7 at Mon Mar  9 06:21:22 UTC 2026
Cache sync 8 at Mon Mar  9 06:21:22 UTC 2026
Cache sync 9 at Mon Mar  9 06:21:22 UTC 2026
Cache sync 10 at Mon Mar  9 06:21:22 UTC 2026
Cache sync 11 at Mon Mar  9 06:21:22 UTC 2026
Cache sync 12 at Mon Mar  9 06:21:22 UTC 2026
Cache sync 13 at Mon Mar  9 06:21:22 UTC 2026
Cache sync 14 at Mon Mar  9 06:21:22 UTC 2026
Cache sync 15 at Mon Mar  9 06:21:22 UTC 2026
Cache sync 16 at Mon Mar  9 06:21:22 UTC 2026
Cache sync 17 at Mon Mar  9 06:21:22 UTC 2026
Cache sync 18 at Mon Mar  9 06:21:22 UTC 2026
Cache sync 19 at Mon Mar  9 06:21:22 UTC 2026
Cache sync 20 at Mon Mar  9 06:21:22 UTC 2026
Cache sync 21 at Mon Mar  9 06:21:22 UTC 2026
Cache sync 22 at Mon Mar  9 06:21:22 UTC 2026
Cache sync 23 at Mon Mar  9 06:21:22 UTC 2026
Cache sync 24 at Mon Mar  9 06:21:22 UTC 2026
Cache sync 25 at Mon Mar  9 06:21:22 UTC 2026
Cache sync 26 at Mon Mar  9 06:21:22 UTC 2026
Cache sync 27 at Mon Mar  9 06:21:22 UTC 2026
Cache sync 28 at Mon Mar  9 06:21:22 UTC 2026
Cache sync 29 at Mon Mar  9 06:21:22 UTC 2026
Cache sync 30 at Mon Mar  9 06:21:22 UTC 2026
Cache sync 31 at Mon Mar  9 06:21:22 UTC 2026
Cache sync 32 at Mon Mar  9 06:21:22 UTC 2026
Cache sync 33 at Mon Mar  9 06:21:22 UTC 2026
Cache sync 34 at Mon Mar  9 06:21:22 UTC 2026
Cache sync 35 at Mon Mar  9 06:21:22 UTC 2026
Cache sync 36 at Mon Mar  9 06:21:22 UTC 2026
Cache sync 37 at Mon Mar  9 06:21:22 UTC 2026
Cache sync 38 at Mon Mar  9 06:21:22 UTC 2026
Cache sync 39 at Mon Mar  9 06:21:22 UTC 2026
Cache sync 40 at Mon Mar  9 06:21:22 UTC 2026
Cache sync 41 at Mon Mar  9 06:21:22 UTC 2026
Cache sync 42 at Mon Mar  9 06:21:22 UTC 2026
Cache sync 43 at Mon Mar  9 06:21:22 UTC 2026
Cache sync 44 at Mon Mar  9 06:21:22 UTC 2026
Cache sync 45 at Mon Mar  9 06:21:22 UTC 2026
Cache sync 46 at Mon Mar  9 06:21:22 UTC 2026
Cache sync 47 at Mon Mar  9 06:21:22 UTC 2026
Cache sync 48 at Mon Mar  9 06:21:22 UTC 2026
Cache sync 49 at Mon Mar  9 06:21:22 UTC 2026
Cache sync 50 at Mon Mar  9 06:21:22 UTC 2026
Cache sync 51 at Mon Mar  9 06:21:22 UTC 2026
Cache sync 52 at Mon Mar  9 06:21:22 UTC 2026
Cache sync 53 at Mon Mar  9 06:21:22 UTC 2026
Cache sync 54 at Mon Mar  9 06:21:22 UTC 2026
Cache sync 55 at Mon Mar  9 06:21:22 UTC 2026
Cache sync 56 at Mon Mar  9 06:21:22 UTC 2026
Cache sync 57 at Mon Mar  9 06:21:22 UTC 2026
Cache sync 58 at Mon Mar  9 06:21:22 UTC 2026
Cache sync 59 at Mon Mar  9 06:21:22 UTC 2026
Cache sync 60 at Mon Mar  9 06:21:22 UTC 2026
Cache sync 61 at Mon Mar  9 06:21:22 UTC 2026
Cache sync 62 at Mon Mar  9 06:21:22 UTC 2026
Cache sync 63 at Mon Mar  9 06:21:22 UTC 2026
Cache sync 64 at Mon Mar  9 06:21:22 UTC 2026
Cache sync 65 at Mon Mar  9 06:21:22 UTC 2026
Cache sync 66 at Mon Mar  9 06:21:22 UTC 2026
Cache sync 67 at Mon Mar  9 06:21:22 UTC 2026
Cache sync 68 at Mon Mar  9 06:21:22 UTC 2026
Cache sync 69 at Mon Mar  9 06:21:22 UTC 2026
Cache sync 70 at Mon Mar  9 06:21:23 UTC 2026
Cache sync 71 at Mon Mar  9 06:21:23 UTC 2026
Cache sync 72 at Mon Mar  9 06:21:23 UTC 2026
Cache sync 73 at Mon Mar  9 06:21:23 UTC 2026
Cache sync 74 at Mon Mar  9 06:21:23 UTC 2026
Cache sync 75 at Mon Mar  9 06:21:23 UTC 2026
Cache sync 76 at Mon Mar  9 06:21:23 UTC 2026
Cache sync 77 at Mon Mar  9 06:21:23 UTC 2026
Cache sync 1 at Mon Mar  9 12:10:31 UTC 2026
Cache sync 2 at Mon Mar  9 12:10:31 UTC 2026
Cache sync 3 at Mon Mar  9 12:10:31 UTC 2026
Cache sync 4 at Mon Mar  9 12:10:31 UTC 2026
Cache sync 5 at Mon Mar  9 12:10:31 UTC 2026
Cache sync 6 at Mon Mar  9 12:10:31 UTC 2026
Cache sync 7 at Mon Mar  9 12:10:31 UTC 2026
Cache sync 8 at Mon Mar  9 12:10:31 UTC 2026
Cache sync 9 at Mon Mar  9 12:10:31 UTC 2026
Cache sync 10 at Mon Mar  9 12:10:31 UTC 2026
Cache sync 11 at Mon Mar  9 12:10:31 UTC 2026
Cache sync 12 at Mon Mar  9 12:10:31 UTC 2026
Cache sync 13 at Mon Mar  9 12:10:31 UTC 2026
Cache sync 14 at Mon Mar  9 12:10:31 UTC 2026
Cache sync 15 at Mon Mar  9 12:10:31 UTC 2026
Cache sync 16 at Mon Mar  9 12:10:31 UTC 2026
Cache sync 17 at Mon Mar  9 12:10:31 UTC 2026
Cache sync 18 at Mon Mar  9 12:10:31 UTC 2026
Cache sync 19 at Mon Mar  9 12:10:31 UTC 2026
Cache sync 20 at Mon Mar  9 12:10:31 UTC 2026
Cache sync 21 at Mon Mar  9 12:10:31 UTC 2026
Cache sync 22 at Mon Mar  9 12:10:31 UTC 2026
Cache sync 23 at Mon Mar  9 12:10:31 UTC 2026
Cache sync 24 at Mon Mar  9 12:10:31 UTC 2026
Cache sync 25 at Mon Mar  9 12:10:31 UTC 2026
Cache sync 26 at Mon Mar  9 12:10:31 UTC 2026
Cache sync 27 at Mon Mar  9 12:10:31 UTC 2026
Cache sync 28 at Mon Mar  9 12:10:31 UTC 2026
Cache sync 29 at Mon Mar  9 12:10:31 UTC 2026
Cache sync 30 at Mon Mar  9 12:10:31 UTC 2026
Cache sync 31 at Mon Mar  9 12:10:31 UTC 2026
Cache sync 32 at Mon Mar  9 12:10:31 UTC 2026
Cache sync 33 at Mon Mar  9 12:10:31 UTC 2026
Cache sync 34 at Mon Mar  9 12:10:31 UTC 2026
Cache sync 35 at Mon Mar  9 12:10:31 UTC 2026
Cache sync 36 at Mon Mar  9 12:10:31 UTC 2026
Cache sync 37 at Mon Mar  9 12:10:31 UTC 2026
Cache sync 38 at Mon Mar  9 12:10:31 UTC 2026
Cache sync 39 at Mon Mar  9 12:10:31 UTC 2026
Cache sync 40 at Mon Mar  9 12:10:31 UTC 2026
Cache sync 41 at Mon Mar  9 12:10:31 UTC 2026
Cache sync 42 at Mon Mar  9 12:10:31 UTC 2026
Cache sync 43 at Mon Mar  9 12:10:31 UTC 2026
Cache sync 44 at Mon Mar  9 12:10:31 UTC 2026
Cache sync 45 at Mon Mar  9 12:10:31 UTC 2026
Cache sync 46 at Mon Mar  9 12:10:31 UTC 2026
Cache sync 47 at Mon Mar  9 12:10:31 UTC 2026
Cache sync 48 at Mon Mar  9 12:10:31 UTC 2026
Cache sync 49 at Mon Mar  9 12:10:31 UTC 2026
Cache sync 50 at Mon Mar  9 12:10:31 UTC 2026
Cache sync 1 at Mon Mar  9 15:20:12 UTC 2026
Cache sync 2 at Mon Mar  9 15:20:12 UTC 2026
Cache sync 3 at Mon Mar  9 15:20:12 UTC 2026
Cache sync 4 at Mon Mar  9 15:20:12 UTC 2026
Cache sync 5 at Mon Mar  9 15:20:12 UTC 2026
Cache sync 6 at Mon Mar  9 15:20:12 UTC 2026
Cache sync 7 at Mon Mar  9 15:20:12 UTC 2026
Cache sync 8 at Mon Mar  9 15:20:12 UTC 2026
Cache sync 9 at Mon Mar  9 15:20:12 UTC 2026
Cache sync 10 at Mon Mar  9 15:20:12 UTC 2026
Cache sync 11 at Mon Mar  9 15:20:12 UTC 2026
Cache sync 12 at Mon Mar  9 15:20:12 UTC 2026
Cache sync 13 at Mon Mar  9 15:20:12 UTC 2026
Cache sync 14 at Mon Mar  9 15:20:12 UTC 2026
Cache sync 15 at Mon Mar  9 15:20:12 UTC 2026
Cache sync 16 at Mon Mar  9 15:20:12 UTC 2026
Cache sync 17 at Mon Mar  9 15:20:12 UTC 2026
Cache sync 18 at Mon Mar  9 15:20:12 UTC 2026
Cache sync 19 at Mon Mar  9 15:20:12 UTC 2026
Cache sync 20 at Mon Mar  9 15:20:12 UTC 2026
Cache sync 21 at Mon Mar  9 15:20:12 UTC 2026
Cache sync 22 at Mon Mar  9 15:20:12 UTC 2026
Cache sync 23 at Mon Mar  9 15:20:12 UTC 2026
Cache sync 24 at Mon Mar  9 15:20:12 UTC 2026
Cache sync 25 at Mon Mar  9 15:20:12 UTC 2026
Cache sync 26 at Mon Mar  9 15:20:12 UTC 2026
Cache sync 27 at Mon Mar  9 15:20:12 UTC 2026
Cache sync 28 at Mon Mar  9 15:20:12 UTC 2026
Cache sync 29 at Mon Mar  9 15:20:12 UTC 2026
Cache sync 30 at Mon Mar  9 15:20:12 UTC 2026
Cache sync 31 at Mon Mar  9 15:20:12 UTC 2026
Cache sync 32 at Mon Mar  9 15:20:12 UTC 2026
Cache sync 33 at Mon Mar  9 15:20:12 UTC 2026
Cache sync 34 at Mon Mar  9 15:20:12 UTC 2026
Cache sync 35 at Mon Mar  9 15:20:12 UTC 2026
Cache sync 36 at Mon Mar  9 15:20:12 UTC 2026
Cache sync 37 at Mon Mar  9 15:20:12 UTC 2026
Cache sync 38 at Mon Mar  9 15:20:12 UTC 2026
Cache sync 39 at Mon Mar  9 15:20:12 UTC 2026
Cache sync 40 at Mon Mar  9 15:20:12 UTC 2026
Cache sync 41 at Mon Mar  9 15:20:12 UTC 2026
Cache sync 42 at Mon Mar  9 15:20:12 UTC 2026
Cache sync 43 at Mon Mar  9 15:20:12 UTC 2026
Cache sync 44 at Mon Mar  9 15:20:12 UTC 2026
Cache sync 45 at Mon Mar  9 15:20:12 UTC 2026
Cache sync 46 at Mon Mar  9 15:20:12 UTC 2026
Cache sync 47 at Mon Mar  9 15:20:12 UTC 2026
Cache sync 48 at Mon Mar  9 15:20:12 UTC 2026
Cache sync 49 at Mon Mar  9 15:20:12 UTC 2026
Cache sync 50 at Mon Mar  9 15:20:13 UTC 2026
Cache sync 51 at Mon Mar  9 15:20:13 UTC 2026
Cache sync 52 at Mon Mar  9 15:20:13 UTC 2026
Cache sync 53 at Mon Mar  9 15:20:13 UTC 2026
Cache sync 54 at Mon Mar  9 15:20:13 UTC 2026
Cache sync 55 at Mon Mar  9 15:20:13 UTC 2026
Cache sync 56 at Mon Mar  9 15:20:13 UTC 2026
Cache sync 57 at Mon Mar  9 15:20:13 UTC 2026
Cache sync 58 at Mon Mar  9 15:20:13 UTC 2026
Cache sync 59 at Mon Mar  9 15:20:13 UTC 2026
Cache sync 60 at Mon Mar  9 15:20:13 UTC 2026
Cache sync 61 at Mon Mar  9 15:20:13 UTC 2026
Cache sync 62 at Mon Mar  9 15:20:13 UTC 2026
Cache sync 1 at Mon Mar  9 18:15:54 UTC 2026
Cache sync 2 at Mon Mar  9 18:15:54 UTC 2026
Cache sync 3 at Mon Mar  9 18:15:54 UTC 2026
Cache sync 4 at Mon Mar  9 18:15:54 UTC 2026
Cache sync 5 at Mon Mar  9 18:15:54 UTC 2026
Cache sync 6 at Mon Mar  9 18:15:54 UTC 2026
Cache sync 7 at Mon Mar  9 18:15:54 UTC 2026
Cache sync 8 at Mon Mar  9 18:15:54 UTC 2026
Cache sync 9 at Mon Mar  9 18:15:54 UTC 2026
Cache sync 10 at Mon Mar  9 18:15:54 UTC 2026
Cache sync 11 at Mon Mar  9 18:15:54 UTC 2026
Cache sync 12 at Mon Mar  9 18:15:54 UTC 2026
Cache sync 13 at Mon Mar  9 18:15:54 UTC 2026
Cache sync 14 at Mon Mar  9 18:15:54 UTC 2026
Cache sync 15 at Mon Mar  9 18:15:54 UTC 2026
Cache sync 16 at Mon Mar  9 18:15:54 UTC 2026
Cache sync 17 at Mon Mar  9 18:15:54 UTC 2026
Cache sync 18 at Mon Mar  9 18:15:54 UTC 2026
Cache sync 19 at Mon Mar  9 18:15:54 UTC 2026
Cache sync 20 at Mon Mar  9 18:15:54 UTC 2026
Cache sync 21 at Mon Mar  9 18:15:54 UTC 2026
Cache sync 22 at Mon Mar  9 18:15:54 UTC 2026
Cache sync 23 at Mon Mar  9 18:15:54 UTC 2026
Cache sync 24 at Mon Mar  9 18:15:54 UTC 2026
Cache sync 25 at Mon Mar  9 18:15:54 UTC 2026
Cache sync 26 at Mon Mar  9 18:15:54 UTC 2026
Cache sync 27 at Mon Mar  9 18:15:54 UTC 2026
Cache sync 28 at Mon Mar  9 18:15:54 UTC 2026
Cache sync 29 at Mon Mar  9 18:15:54 UTC 2026
Cache sync 30 at Mon Mar  9 18:15:54 UTC 2026
Cache sync 31 at Mon Mar  9 18:15:54 UTC 2026
Cache sync 32 at Mon Mar  9 18:15:54 UTC 2026
Cache sync 33 at Mon Mar  9 18:15:54 UTC 2026
Cache sync 34 at Mon Mar  9 18:15:54 UTC 2026
Cache sync 35 at Mon Mar  9 18:15:54 UTC 2026
Cache sync 36 at Mon Mar  9 18:15:54 UTC 2026
Cache sync 37 at Mon Mar  9 18:15:54 UTC 2026
Cache sync 38 at Mon Mar  9 18:15:54 UTC 2026
Cache sync 39 at Mon Mar  9 18:15:54 UTC 2026
Cache sync 40 at Mon Mar  9 18:15:54 UTC 2026
Cache sync 41 at Mon Mar  9 18:15:54 UTC 2026
Cache sync 42 at Mon Mar  9 18:15:54 UTC 2026
Cache sync 43 at Mon Mar  9 18:15:54 UTC 2026
Cache sync 44 at Mon Mar  9 18:15:54 UTC 2026
Cache sync 45 at Mon Mar  9 18:15:54 UTC 2026
Cache sync 46 at Mon Mar  9 18:15:54 UTC 2026
Cache sync 47 at Mon Mar  9 18:15:54 UTC 2026
Cache sync 48 at Mon Mar  9 18:15:54 UTC 2026
Cache sync 49 at Mon Mar  9 18:15:54 UTC 2026
Cache sync 50 at Mon Mar  9 18:15:54 UTC 2026
Cache sync 51 at Mon Mar  9 18:15:54 UTC 2026
Cache sync 52 at Mon Mar  9 18:15:54 UTC 2026
Cache sync 1 at Mon Mar  9 21:08:08 UTC 2026
Cache sync 2 at Mon Mar  9 21:08:08 UTC 2026
Cache sync 3 at Mon Mar  9 21:08:08 UTC 2026
Cache sync 4 at Mon Mar  9 21:08:08 UTC 2026
Cache sync 5 at Mon Mar  9 21:08:08 UTC 2026
Cache sync 1 at Tue Mar 10 00:15:05 UTC 2026
Cache sync 2 at Tue Mar 10 00:15:05 UTC 2026
Cache sync 3 at Tue Mar 10 00:15:05 UTC 2026
Cache sync 4 at Tue Mar 10 00:15:05 UTC 2026
Cache sync 5 at Tue Mar 10 00:15:05 UTC 2026
Cache sync 6 at Tue Mar 10 00:15:05 UTC 2026
Cache sync 7 at Tue Mar 10 00:15:05 UTC 2026
Cache sync 8 at Tue Mar 10 00:15:05 UTC 2026
Cache sync 9 at Tue Mar 10 00:15:05 UTC 2026
Cache sync 10 at Tue Mar 10 00:15:05 UTC 2026
Cache sync 11 at Tue Mar 10 00:15:05 UTC 2026
Cache sync 12 at Tue Mar 10 00:15:05 UTC 2026
Cache sync 13 at Tue Mar 10 00:15:05 UTC 2026
Cache sync 14 at Tue Mar 10 00:15:05 UTC 2026
Cache sync 15 at Tue Mar 10 00:15:05 UTC 2026
Cache sync 16 at Tue Mar 10 00:15:05 UTC 2026
Cache sync 17 at Tue Mar 10 00:15:05 UTC 2026
Cache sync 18 at Tue Mar 10 00:15:05 UTC 2026
Cache sync 19 at Tue Mar 10 00:15:05 UTC 2026
Cache sync 20 at Tue Mar 10 00:15:05 UTC 2026
Cache sync 21 at Tue Mar 10 00:15:05 UTC 2026
Cache sync 22 at Tue Mar 10 00:15:05 UTC 2026
Cache sync 23 at Tue Mar 10 00:15:05 UTC 2026
Cache sync 24 at Tue Mar 10 00:15:05 UTC 2026
Cache sync 1 at Tue Mar 10 03:46:18 UTC 2026
Cache sync 2 at Tue Mar 10 03:46:18 UTC 2026
Cache sync 3 at Tue Mar 10 03:46:18 UTC 2026
Cache sync 4 at Tue Mar 10 03:46:18 UTC 2026
Cache sync 5 at Tue Mar 10 03:46:18 UTC 2026
Cache sync 6 at Tue Mar 10 03:46:18 UTC 2026
Cache sync 7 at Tue Mar 10 03:46:18 UTC 2026
Cache sync 8 at Tue Mar 10 03:46:18 UTC 2026
Cache sync 9 at Tue Mar 10 03:46:18 UTC 2026
Cache sync 10 at Tue Mar 10 03:46:19 UTC 2026
Cache sync 11 at Tue Mar 10 03:46:19 UTC 2026
Cache sync 12 at Tue Mar 10 03:46:19 UTC 2026
Cache sync 13 at Tue Mar 10 03:46:19 UTC 2026
Cache sync 14 at Tue Mar 10 03:46:19 UTC 2026
Cache sync 15 at Tue Mar 10 03:46:19 UTC 2026
Cache sync 16 at Tue Mar 10 03:46:19 UTC 2026
Cache sync 17 at Tue Mar 10 03:46:19 UTC 2026
Cache sync 1 at Tue Mar 10 06:14:10 UTC 2026
Cache sync 2 at Tue Mar 10 06:14:10 UTC 2026
Cache sync 3 at Tue Mar 10 06:14:10 UTC 2026
Cache sync 4 at Tue Mar 10 06:14:10 UTC 2026
Cache sync 5 at Tue Mar 10 06:14:10 UTC 2026
Cache sync 6 at Tue Mar 10 06:14:10 UTC 2026
Cache sync 7 at Tue Mar 10 06:14:10 UTC 2026
Cache sync 8 at Tue Mar 10 06:14:10 UTC 2026
Cache sync 9 at Tue Mar 10 06:14:10 UTC 2026
Cache sync 10 at Tue Mar 10 06:14:10 UTC 2026
Cache sync 11 at Tue Mar 10 06:14:10 UTC 2026
Cache sync 12 at Tue Mar 10 06:14:10 UTC 2026
Cache sync 13 at Tue Mar 10 06:14:10 UTC 2026
Cache sync 14 at Tue Mar 10 06:14:10 UTC 2026
Cache sync 15 at Tue Mar 10 06:14:10 UTC 2026
Cache sync 16 at Tue Mar 10 06:14:10 UTC 2026
Cache sync 17 at Tue Mar 10 06:14:10 UTC 2026
Cache sync 18 at Tue Mar 10 06:14:10 UTC 2026
Cache sync 19 at Tue Mar 10 06:14:10 UTC 2026
Cache sync 20 at Tue Mar 10 06:14:10 UTC 2026
Cache sync 21 at Tue Mar 10 06:14:10 UTC 2026
Cache sync 22 at Tue Mar 10 06:14:10 UTC 2026
Cache sync 23 at Tue Mar 10 06:14:10 UTC 2026
Cache sync 24 at Tue Mar 10 06:14:10 UTC 2026
Cache sync 25 at Tue Mar 10 06:14:10 UTC 2026
Cache sync 26 at Tue Mar 10 06:14:10 UTC 2026
Cache sync 27 at Tue Mar 10 06:14:10 UTC 2026
Cache sync 28 at Tue Mar 10 06:14:10 UTC 2026
Cache sync 29 at Tue Mar 10 06:14:10 UTC 2026
Cache sync 30 at Tue Mar 10 06:14:10 UTC 2026
Cache sync 31 at Tue Mar 10 06:14:10 UTC 2026
Cache sync 32 at Tue Mar 10 06:14:10 UTC 2026
Cache sync 33 at Tue Mar 10 06:14:10 UTC 2026
Cache sync 34 at Tue Mar 10 06:14:10 UTC 2026
Cache sync 35 at Tue Mar 10 06:14:10 UTC 2026
Cache sync 36 at Tue Mar 10 06:14:10 UTC 2026
Cache sync 37 at Tue Mar 10 06:14:10 UTC 2026
Cache sync 38 at Tue Mar 10 06:14:10 UTC 2026
Cache sync 39 at Tue Mar 10 06:14:10 UTC 2026
Cache sync 40 at Tue Mar 10 06:14:10 UTC 2026
Cache sync 41 at Tue Mar 10 06:14:10 UTC 2026
Cache sync 42 at Tue Mar 10 06:14:10 UTC 2026
Cache sync 43 at Tue Mar 10 06:14:10 UTC 2026
Cache sync 44 at Tue Mar 10 06:14:10 UTC 2026
Cache sync 45 at Tue Mar 10 06:14:10 UTC 2026
Cache sync 46 at Tue Mar 10 06:14:10 UTC 2026
Cache sync 47 at Tue Mar 10 06:14:10 UTC 2026
Cache sync 48 at Tue Mar 10 06:14:10 UTC 2026
Cache sync 49 at Tue Mar 10 06:14:10 UTC 2026
Cache sync 50 at Tue Mar 10 06:14:10 UTC 2026
Cache sync 51 at Tue Mar 10 06:14:10 UTC 2026
Cache sync 52 at Tue Mar 10 06:14:10 UTC 2026
Cache sync 53 at Tue Mar 10 06:14:10 UTC 2026
Cache sync 54 at Tue Mar 10 06:14:10 UTC 2026
Cache sync 55 at Tue Mar 10 06:14:10 UTC 2026
Cache sync 56 at Tue Mar 10 06:14:10 UTC 2026
Cache sync 57 at Tue Mar 10 06:14:10 UTC 2026
Cache sync 58 at Tue Mar 10 06:14:10 UTC 2026
Cache sync 59 at Tue Mar 10 06:14:10 UTC 2026
Cache sync 60 at Tue Mar 10 06:14:10 UTC 2026
Cache sync 61 at Tue Mar 10 06:14:10 UTC 2026
Cache sync 62 at Tue Mar 10 06:14:10 UTC 2026
Cache sync 63 at Tue Mar 10 06:14:11 UTC 2026
Cache sync 64 at Tue Mar 10 06:14:11 UTC 2026
Cache sync 65 at Tue Mar 10 06:14:11 UTC 2026
Cache sync 66 at Tue Mar 10 06:14:11 UTC 2026
Cache sync 67 at Tue Mar 10 06:14:11 UTC 2026
Cache sync 68 at Tue Mar 10 06:14:11 UTC 2026
Cache sync 69 at Tue Mar 10 06:14:11 UTC 2026
Cache sync 70 at Tue Mar 10 06:14:11 UTC 2026
Cache sync 71 at Tue Mar 10 06:14:11 UTC 2026
Cache sync 72 at Tue Mar 10 06:14:11 UTC 2026
Cache sync 1 at Tue Mar 10 09:14:46 UTC 2026
Cache sync 2 at Tue Mar 10 09:14:46 UTC 2026
Cache sync 3 at Tue Mar 10 09:14:46 UTC 2026
Cache sync 4 at Tue Mar 10 09:14:46 UTC 2026
Cache sync 5 at Tue Mar 10 09:14:46 UTC 2026
Cache sync 6 at Tue Mar 10 09:14:46 UTC 2026
Cache sync 7 at Tue Mar 10 09:14:46 UTC 2026
Cache sync 8 at Tue Mar 10 09:14:46 UTC 2026
Cache sync 9 at Tue Mar 10 09:14:46 UTC 2026
Cache sync 10 at Tue Mar 10 09:14:46 UTC 2026
Cache sync 11 at Tue Mar 10 09:14:46 UTC 2026
Cache sync 12 at Tue Mar 10 09:14:46 UTC 2026
Cache sync 13 at Tue Mar 10 09:14:46 UTC 2026
Cache sync 14 at Tue Mar 10 09:14:46 UTC 2026
Cache sync 15 at Tue Mar 10 09:14:46 UTC 2026
Cache sync 16 at Tue Mar 10 09:14:46 UTC 2026
Cache sync 17 at Tue Mar 10 09:14:46 UTC 2026
Cache sync 18 at Tue Mar 10 09:14:46 UTC 2026
Cache sync 19 at Tue Mar 10 09:14:46 UTC 2026
Cache sync 20 at Tue Mar 10 09:14:46 UTC 2026
Cache sync 21 at Tue Mar 10 09:14:46 UTC 2026
Cache sync 22 at Tue Mar 10 09:14:46 UTC 2026
Cache sync 23 at Tue Mar 10 09:14:47 UTC 2026
Cache sync 24 at Tue Mar 10 09:14:47 UTC 2026
Cache sync 25 at Tue Mar 10 09:14:47 UTC 2026
Cache sync 26 at Tue Mar 10 09:14:47 UTC 2026
Cache sync 27 at Tue Mar 10 09:14:47 UTC 2026
Cache sync 28 at Tue Mar 10 09:14:47 UTC 2026
Cache sync 29 at Tue Mar 10 09:14:47 UTC 2026
Cache sync 30 at Tue Mar 10 09:14:47 UTC 2026
Cache sync 31 at Tue Mar 10 09:14:47 UTC 2026
Cache sync 32 at Tue Mar 10 09:14:47 UTC 2026
Cache sync 33 at Tue Mar 10 09:14:47 UTC 2026
Cache sync 34 at Tue Mar 10 09:14:47 UTC 2026
Cache sync 35 at Tue Mar 10 09:14:47 UTC 2026
Cache sync 36 at Tue Mar 10 09:14:47 UTC 2026
Cache sync 37 at Tue Mar 10 09:14:47 UTC 2026
Cache sync 38 at Tue Mar 10 09:14:47 UTC 2026
Cache sync 39 at Tue Mar 10 09:14:47 UTC 2026
Cache sync 40 at Tue Mar 10 09:14:47 UTC 2026
Cache sync 41 at Tue Mar 10 09:14:47 UTC 2026
Cache sync 42 at Tue Mar 10 09:14:47 UTC 2026
Cache sync 43 at Tue Mar 10 09:14:47 UTC 2026
Cache sync 44 at Tue Mar 10 09:14:47 UTC 2026
Cache sync 45 at Tue Mar 10 09:14:47 UTC 2026
Cache sync 46 at Tue Mar 10 09:14:47 UTC 2026
Cache sync 47 at Tue Mar 10 09:14:47 UTC 2026
Cache sync 48 at Tue Mar 10 09:14:47 UTC 2026
Cache sync 49 at Tue Mar 10 09:14:47 UTC 2026
Cache sync 50 at Tue Mar 10 09:14:47 UTC 2026
Cache sync 51 at Tue Mar 10 09:14:47 UTC 2026
Cache sync 52 at Tue Mar 10 09:14:47 UTC 2026
Cache sync 53 at Tue Mar 10 09:14:47 UTC 2026
Cache sync 54 at Tue Mar 10 09:14:47 UTC 2026
Cache sync 55 at Tue Mar 10 09:14:47 UTC 2026
Cache sync 56 at Tue Mar 10 09:14:47 UTC 2026
Cache sync 57 at Tue Mar 10 09:14:47 UTC 2026
Cache sync 58 at Tue Mar 10 09:14:47 UTC 2026
Cache sync 59 at Tue Mar 10 09:14:47 UTC 2026
Cache sync 60 at Tue Mar 10 09:14:47 UTC 2026
Cache sync 61 at Tue Mar 10 09:14:47 UTC 2026
Cache sync 62 at Tue Mar 10 09:14:47 UTC 2026
Cache sync 63 at Tue Mar 10 09:14:47 UTC 2026
Cache sync 64 at Tue Mar 10 09:14:47 UTC 2026
Cache sync 65 at Tue Mar 10 09:14:47 UTC 2026
Cache sync 66 at Tue Mar 10 09:14:47 UTC 2026
Cache sync 1 at Tue Mar 10 12:10:04 UTC 2026
Cache sync 2 at Tue Mar 10 12:10:04 UTC 2026
Cache sync 3 at Tue Mar 10 12:10:04 UTC 2026
Cache sync 4 at Tue Mar 10 12:10:04 UTC 2026
Cache sync 5 at Tue Mar 10 12:10:04 UTC 2026
Cache sync 6 at Tue Mar 10 12:10:04 UTC 2026
Cache sync 7 at Tue Mar 10 12:10:04 UTC 2026
Cache sync 8 at Tue Mar 10 12:10:04 UTC 2026
Cache sync 9 at Tue Mar 10 12:10:04 UTC 2026
Cache sync 10 at Tue Mar 10 12:10:04 UTC 2026
Cache sync 11 at Tue Mar 10 12:10:04 UTC 2026
Cache sync 12 at Tue Mar 10 12:10:04 UTC 2026
Cache sync 13 at Tue Mar 10 12:10:04 UTC 2026
Cache sync 14 at Tue Mar 10 12:10:04 UTC 2026
Cache sync 15 at Tue Mar 10 12:10:04 UTC 2026
Cache sync 16 at Tue Mar 10 12:10:04 UTC 2026
Cache sync 17 at Tue Mar 10 12:10:04 UTC 2026
Cache sync 18 at Tue Mar 10 12:10:04 UTC 2026
Cache sync 19 at Tue Mar 10 12:10:04 UTC 2026
Cache sync 20 at Tue Mar 10 12:10:04 UTC 2026
Cache sync 21 at Tue Mar 10 12:10:04 UTC 2026
Cache sync 22 at Tue Mar 10 12:10:04 UTC 2026
Cache sync 23 at Tue Mar 10 12:10:04 UTC 2026
Cache sync 24 at Tue Mar 10 12:10:04 UTC 2026
Cache sync 25 at Tue Mar 10 12:10:04 UTC 2026
Cache sync 26 at Tue Mar 10 12:10:04 UTC 2026
Cache sync 27 at Tue Mar 10 12:10:04 UTC 2026
Cache sync 28 at Tue Mar 10 12:10:04 UTC 2026
Cache sync 29 at Tue Mar 10 12:10:04 UTC 2026
Cache sync 30 at Tue Mar 10 12:10:04 UTC 2026
Cache sync 31 at Tue Mar 10 12:10:04 UTC 2026
Cache sync 32 at Tue Mar 10 12:10:04 UTC 2026
Cache sync 33 at Tue Mar 10 12:10:04 UTC 2026
Cache sync 34 at Tue Mar 10 12:10:04 UTC 2026
Cache sync 35 at Tue Mar 10 12:10:04 UTC 2026
Cache sync 36 at Tue Mar 10 12:10:04 UTC 2026
Cache sync 37 at Tue Mar 10 12:10:04 UTC 2026
Cache sync 38 at Tue Mar 10 12:10:04 UTC 2026
Cache sync 39 at Tue Mar 10 12:10:04 UTC 2026
Cache sync 40 at Tue Mar 10 12:10:04 UTC 2026
Cache sync 41 at Tue Mar 10 12:10:04 UTC 2026
Cache sync 42 at Tue Mar 10 12:10:04 UTC 2026
Cache sync 43 at Tue Mar 10 12:10:04 UTC 2026
Cache sync 44 at Tue Mar 10 12:10:04 UTC 2026
Cache sync 45 at Tue Mar 10 12:10:04 UTC 2026
Cache sync 46 at Tue Mar 10 12:10:04 UTC 2026
Cache sync 47 at Tue Mar 10 12:10:04 UTC 2026
Cache sync 48 at Tue Mar 10 12:10:04 UTC 2026
Cache sync 49 at Tue Mar 10 12:10:04 UTC 2026
Cache sync 1 at Tue Mar 10 15:18:56 UTC 2026
Cache sync 2 at Tue Mar 10 15:18:56 UTC 2026
Cache sync 3 at Tue Mar 10 15:18:56 UTC 2026
Cache sync 4 at Tue Mar 10 15:18:56 UTC 2026
Cache sync 5 at Tue Mar 10 15:18:56 UTC 2026
Cache sync 6 at Tue Mar 10 15:18:56 UTC 2026
Cache sync 7 at Tue Mar 10 15:18:56 UTC 2026
Cache sync 8 at Tue Mar 10 15:18:56 UTC 2026
Cache sync 9 at Tue Mar 10 15:18:56 UTC 2026
Cache sync 10 at Tue Mar 10 15:18:56 UTC 2026
Cache sync 11 at Tue Mar 10 15:18:56 UTC 2026
Cache sync 12 at Tue Mar 10 15:18:56 UTC 2026
Cache sync 13 at Tue Mar 10 15:18:56 UTC 2026
Cache sync 14 at Tue Mar 10 15:18:56 UTC 2026
Cache sync 15 at Tue Mar 10 15:18:56 UTC 2026
Cache sync 16 at Tue Mar 10 15:18:56 UTC 2026
Cache sync 17 at Tue Mar 10 15:18:56 UTC 2026
Cache sync 18 at Tue Mar 10 15:18:56 UTC 2026
Cache sync 19 at Tue Mar 10 15:18:56 UTC 2026
Cache sync 20 at Tue Mar 10 15:18:56 UTC 2026
Cache sync 21 at Tue Mar 10 15:18:56 UTC 2026
Cache sync 22 at Tue Mar 10 15:18:56 UTC 2026
Cache sync 23 at Tue Mar 10 15:18:56 UTC 2026
Cache sync 24 at Tue Mar 10 15:18:56 UTC 2026
Cache sync 25 at Tue Mar 10 15:18:56 UTC 2026
Cache sync 26 at Tue Mar 10 15:18:56 UTC 2026
Cache sync 27 at Tue Mar 10 15:18:56 UTC 2026
Cache sync 28 at Tue Mar 10 15:18:56 UTC 2026
Cache sync 29 at Tue Mar 10 15:18:56 UTC 2026
Cache sync 30 at Tue Mar 10 15:18:56 UTC 2026
Cache sync 31 at Tue Mar 10 15:18:56 UTC 2026
Cache sync 32 at Tue Mar 10 15:18:56 UTC 2026
Cache sync 33 at Tue Mar 10 15:18:56 UTC 2026
Cache sync 34 at Tue Mar 10 15:18:56 UTC 2026
Cache sync 35 at Tue Mar 10 15:18:56 UTC 2026
Cache sync 36 at Tue Mar 10 15:18:56 UTC 2026
Cache sync 37 at Tue Mar 10 15:18:56 UTC 2026
Cache sync 38 at Tue Mar 10 15:18:56 UTC 2026
Cache sync 39 at Tue Mar 10 15:18:56 UTC 2026
Cache sync 40 at Tue Mar 10 15:18:56 UTC 2026
Cache sync 1 at Tue Mar 10 18:15:22 UTC 2026
Cache sync 2 at Tue Mar 10 18:15:22 UTC 2026
Cache sync 3 at Tue Mar 10 18:15:22 UTC 2026
Cache sync 4 at Tue Mar 10 18:15:22 UTC 2026
Cache sync 5 at Tue Mar 10 18:15:22 UTC 2026
Cache sync 6 at Tue Mar 10 18:15:22 UTC 2026
Cache sync 7 at Tue Mar 10 18:15:22 UTC 2026
Cache sync 8 at Tue Mar 10 18:15:22 UTC 2026
Cache sync 9 at Tue Mar 10 18:15:22 UTC 2026
Cache sync 10 at Tue Mar 10 18:15:22 UTC 2026
Cache sync 11 at Tue Mar 10 18:15:22 UTC 2026
Cache sync 12 at Tue Mar 10 18:15:22 UTC 2026
Cache sync 13 at Tue Mar 10 18:15:22 UTC 2026
Cache sync 14 at Tue Mar 10 18:15:22 UTC 2026
Cache sync 15 at Tue Mar 10 18:15:22 UTC 2026
Cache sync 16 at Tue Mar 10 18:15:22 UTC 2026
Cache sync 17 at Tue Mar 10 18:15:22 UTC 2026
Cache sync 18 at Tue Mar 10 18:15:22 UTC 2026
Cache sync 19 at Tue Mar 10 18:15:22 UTC 2026
Cache sync 20 at Tue Mar 10 18:15:22 UTC 2026
Cache sync 21 at Tue Mar 10 18:15:22 UTC 2026
Cache sync 22 at Tue Mar 10 18:15:22 UTC 2026
Cache sync 23 at Tue Mar 10 18:15:22 UTC 2026
Cache sync 24 at Tue Mar 10 18:15:22 UTC 2026
Cache sync 25 at Tue Mar 10 18:15:22 UTC 2026
Cache sync 26 at Tue Mar 10 18:15:23 UTC 2026
Cache sync 27 at Tue Mar 10 18:15:23 UTC 2026
Cache sync 28 at Tue Mar 10 18:15:23 UTC 2026
Cache sync 29 at Tue Mar 10 18:15:23 UTC 2026
Cache sync 30 at Tue Mar 10 18:15:23 UTC 2026
Cache sync 31 at Tue Mar 10 18:15:23 UTC 2026
Cache sync 32 at Tue Mar 10 18:15:23 UTC 2026
Cache sync 33 at Tue Mar 10 18:15:23 UTC 2026
Cache sync 34 at Tue Mar 10 18:15:23 UTC 2026
Cache sync 35 at Tue Mar 10 18:15:23 UTC 2026
Cache sync 36 at Tue Mar 10 18:15:23 UTC 2026
Cache sync 37 at Tue Mar 10 18:15:23 UTC 2026
Cache sync 38 at Tue Mar 10 18:15:23 UTC 2026
Cache sync 39 at Tue Mar 10 18:15:23 UTC 2026
Cache sync 40 at Tue Mar 10 18:15:23 UTC 2026
Cache sync 1 at Tue Mar 10 21:08:46 UTC 2026
Cache sync 2 at Tue Mar 10 21:08:46 UTC 2026
Cache sync 3 at Tue Mar 10 21:08:46 UTC 2026
Cache sync 4 at Tue Mar 10 21:08:46 UTC 2026
Cache sync 5 at Tue Mar 10 21:08:46 UTC 2026
Cache sync 6 at Tue Mar 10 21:08:46 UTC 2026
Cache sync 7 at Tue Mar 10 21:08:46 UTC 2026
Cache sync 8 at Tue Mar 10 21:08:46 UTC 2026
Cache sync 9 at Tue Mar 10 21:08:46 UTC 2026
Cache sync 10 at Tue Mar 10 21:08:46 UTC 2026
Cache sync 11 at Tue Mar 10 21:08:46 UTC 2026
Cache sync 12 at Tue Mar 10 21:08:46 UTC 2026
Cache sync 13 at Tue Mar 10 21:08:46 UTC 2026
Cache sync 14 at Tue Mar 10 21:08:46 UTC 2026
Cache sync 15 at Tue Mar 10 21:08:46 UTC 2026
Cache sync 16 at Tue Mar 10 21:08:46 UTC 2026
Cache sync 17 at Tue Mar 10 21:08:46 UTC 2026
Cache sync 18 at Tue Mar 10 21:08:46 UTC 2026
Cache sync 19 at Tue Mar 10 21:08:46 UTC 2026
Cache sync 20 at Tue Mar 10 21:08:46 UTC 2026
Cache sync 21 at Tue Mar 10 21:08:46 UTC 2026
Cache sync 22 at Tue Mar 10 21:08:46 UTC 2026
Cache sync 23 at Tue Mar 10 21:08:46 UTC 2026
Cache sync 24 at Tue Mar 10 21:08:46 UTC 2026
Cache sync 25 at Tue Mar 10 21:08:46 UTC 2026
Cache sync 26 at Tue Mar 10 21:08:46 UTC 2026
Cache sync 27 at Tue Mar 10 21:08:46 UTC 2026
Cache sync 28 at Tue Mar 10 21:08:46 UTC 2026
Cache sync 29 at Tue Mar 10 21:08:46 UTC 2026
Cache sync 30 at Tue Mar 10 21:08:46 UTC 2026
Cache sync 31 at Tue Mar 10 21:08:46 UTC 2026
Cache sync 32 at Tue Mar 10 21:08:46 UTC 2026
Cache sync 33 at Tue Mar 10 21:08:46 UTC 2026
Cache sync 34 at Tue Mar 10 21:08:46 UTC 2026
Cache sync 35 at Tue Mar 10 21:08:46 UTC 2026
Cache sync 36 at Tue Mar 10 21:08:46 UTC 2026
Cache sync 37 at Tue Mar 10 21:08:46 UTC 2026
Cache sync 38 at Tue Mar 10 21:08:47 UTC 2026
Cache sync 39 at Tue Mar 10 21:08:47 UTC 2026
Cache sync 40 at Tue Mar 10 21:08:47 UTC 2026
Cache sync 41 at Tue Mar 10 21:08:47 UTC 2026
Cache sync 42 at Tue Mar 10 21:08:47 UTC 2026
Cache sync 43 at Tue Mar 10 21:08:47 UTC 2026
Cache sync 44 at Tue Mar 10 21:08:47 UTC 2026
Cache sync 45 at Tue Mar 10 21:08:47 UTC 2026
Cache sync 46 at Tue Mar 10 21:08:47 UTC 2026
Cache sync 47 at Tue Mar 10 21:08:47 UTC 2026
Cache sync 48 at Tue Mar 10 21:08:47 UTC 2026
Cache sync 49 at Tue Mar 10 21:08:47 UTC 2026
Cache sync 50 at Tue Mar 10 21:08:47 UTC 2026
Cache sync 51 at Tue Mar 10 21:08:47 UTC 2026
Cache sync 52 at Tue Mar 10 21:08:47 UTC 2026
Cache sync 53 at Tue Mar 10 21:08:47 UTC 2026
Cache sync 54 at Tue Mar 10 21:08:47 UTC 2026
Cache sync 55 at Tue Mar 10 21:08:47 UTC 2026
Cache sync 56 at Tue Mar 10 21:08:47 UTC 2026
Cache sync 57 at Tue Mar 10 21:08:47 UTC 2026
Cache sync 58 at Tue Mar 10 21:08:47 UTC 2026
Cache sync 59 at Tue Mar 10 21:08:47 UTC 2026
Cache sync 60 at Tue Mar 10 21:08:47 UTC 2026
Cache sync 61 at Tue Mar 10 21:08:47 UTC 2026
Cache sync 1 at Wed Mar 11 00:15:43 UTC 2026
Cache sync 2 at Wed Mar 11 00:15:43 UTC 2026
Cache sync 3 at Wed Mar 11 00:15:43 UTC 2026
Cache sync 4 at Wed Mar 11 00:15:43 UTC 2026
Cache sync 5 at Wed Mar 11 00:15:43 UTC 2026
Cache sync 6 at Wed Mar 11 00:15:43 UTC 2026
Cache sync 7 at Wed Mar 11 00:15:43 UTC 2026
Cache sync 8 at Wed Mar 11 00:15:43 UTC 2026
Cache sync 9 at Wed Mar 11 00:15:43 UTC 2026
Cache sync 10 at Wed Mar 11 00:15:43 UTC 2026
Cache sync 11 at Wed Mar 11 00:15:43 UTC 2026
Cache sync 12 at Wed Mar 11 00:15:43 UTC 2026
Cache sync 13 at Wed Mar 11 00:15:43 UTC 2026
Cache sync 14 at Wed Mar 11 00:15:43 UTC 2026
Cache sync 15 at Wed Mar 11 00:15:43 UTC 2026
Cache sync 16 at Wed Mar 11 00:15:43 UTC 2026
Cache sync 17 at Wed Mar 11 00:15:43 UTC 2026
Cache sync 18 at Wed Mar 11 00:15:43 UTC 2026
Cache sync 19 at Wed Mar 11 00:15:43 UTC 2026
Cache sync 20 at Wed Mar 11 00:15:43 UTC 2026
Cache sync 21 at Wed Mar 11 00:15:43 UTC 2026
Cache sync 22 at Wed Mar 11 00:15:43 UTC 2026
Cache sync 23 at Wed Mar 11 00:15:43 UTC 2026
Cache sync 24 at Wed Mar 11 00:15:43 UTC 2026
Cache sync 25 at Wed Mar 11 00:15:43 UTC 2026
Cache sync 26 at Wed Mar 11 00:15:43 UTC 2026
Cache sync 27 at Wed Mar 11 00:15:43 UTC 2026
Cache sync 28 at Wed Mar 11 00:15:43 UTC 2026
Cache sync 29 at Wed Mar 11 00:15:43 UTC 2026
Cache sync 30 at Wed Mar 11 00:15:43 UTC 2026
Cache sync 31 at Wed Mar 11 00:15:43 UTC 2026
Cache sync 32 at Wed Mar 11 00:15:43 UTC 2026
Cache sync 33 at Wed Mar 11 00:15:43 UTC 2026
Cache sync 34 at Wed Mar 11 00:15:43 UTC 2026
Cache sync 35 at Wed Mar 11 00:15:43 UTC 2026
Cache sync 36 at Wed Mar 11 00:15:43 UTC 2026
Cache sync 37 at Wed Mar 11 00:15:43 UTC 2026
Cache sync 38 at Wed Mar 11 00:15:43 UTC 2026
Cache sync 39 at Wed Mar 11 00:15:43 UTC 2026
Cache sync 40 at Wed Mar 11 00:15:43 UTC 2026
Cache sync 41 at Wed Mar 11 00:15:43 UTC 2026
Cache sync 42 at Wed Mar 11 00:15:43 UTC 2026
Cache sync 43 at Wed Mar 11 00:15:43 UTC 2026
Cache sync 44 at Wed Mar 11 00:15:43 UTC 2026
Cache sync 45 at Wed Mar 11 00:15:43 UTC 2026
Cache sync 46 at Wed Mar 11 00:15:43 UTC 2026
Cache sync 47 at Wed Mar 11 00:15:43 UTC 2026
Cache sync 48 at Wed Mar 11 00:15:43 UTC 2026
Cache sync 49 at Wed Mar 11 00:15:43 UTC 2026
Cache sync 50 at Wed Mar 11 00:15:43 UTC 2026
Cache sync 51 at Wed Mar 11 00:15:43 UTC 2026
Cache sync 52 at Wed Mar 11 00:15:43 UTC 2026
Cache sync 53 at Wed Mar 11 00:15:43 UTC 2026
Cache sync 54 at Wed Mar 11 00:15:43 UTC 2026
Cache sync 55 at Wed Mar 11 00:15:43 UTC 2026
Cache sync 56 at Wed Mar 11 00:15:43 UTC 2026
Cache sync 57 at Wed Mar 11 00:15:43 UTC 2026
Cache sync 58 at Wed Mar 11 00:15:43 UTC 2026
Cache sync 59 at Wed Mar 11 00:15:43 UTC 2026
Cache sync 60 at Wed Mar 11 00:15:43 UTC 2026
Cache sync 61 at Wed Mar 11 00:15:43 UTC 2026
Cache sync 62 at Wed Mar 11 00:15:43 UTC 2026
Cache sync 1 at Wed Mar 11 03:46:41 UTC 2026
Cache sync 2 at Wed Mar 11 03:46:41 UTC 2026
Cache sync 3 at Wed Mar 11 03:46:41 UTC 2026
Cache sync 4 at Wed Mar 11 03:46:41 UTC 2026
Cache sync 5 at Wed Mar 11 03:46:41 UTC 2026
Cache sync 6 at Wed Mar 11 03:46:41 UTC 2026
Cache sync 7 at Wed Mar 11 03:46:41 UTC 2026
Cache sync 8 at Wed Mar 11 03:46:41 UTC 2026
Cache sync 9 at Wed Mar 11 03:46:41 UTC 2026
Cache sync 10 at Wed Mar 11 03:46:41 UTC 2026
Cache sync 11 at Wed Mar 11 03:46:41 UTC 2026
Cache sync 1 at Wed Mar 11 09:14:34 UTC 2026
Cache sync 2 at Wed Mar 11 09:14:34 UTC 2026
Cache sync 3 at Wed Mar 11 09:14:34 UTC 2026
Cache sync 4 at Wed Mar 11 09:14:34 UTC 2026
Cache sync 5 at Wed Mar 11 09:14:34 UTC 2026
Cache sync 6 at Wed Mar 11 09:14:34 UTC 2026
Cache sync 7 at Wed Mar 11 09:14:34 UTC 2026
Cache sync 8 at Wed Mar 11 09:14:34 UTC 2026
Cache sync 9 at Wed Mar 11 09:14:34 UTC 2026
Cache sync 10 at Wed Mar 11 09:14:34 UTC 2026
Cache sync 1 at Wed Mar 11 12:10:13 UTC 2026
Cache sync 2 at Wed Mar 11 12:10:13 UTC 2026
Cache sync 3 at Wed Mar 11 12:10:13 UTC 2026
Cache sync 4 at Wed Mar 11 12:10:13 UTC 2026
Cache sync 5 at Wed Mar 11 12:10:13 UTC 2026
Cache sync 6 at Wed Mar 11 12:10:13 UTC 2026
Cache sync 7 at Wed Mar 11 12:10:13 UTC 2026
Cache sync 8 at Wed Mar 11 12:10:13 UTC 2026
Cache sync 9 at Wed Mar 11 12:10:13 UTC 2026
Cache sync 10 at Wed Mar 11 12:10:13 UTC 2026
Cache sync 11 at Wed Mar 11 12:10:13 UTC 2026
Cache sync 12 at Wed Mar 11 12:10:13 UTC 2026
Cache sync 13 at Wed Mar 11 12:10:13 UTC 2026
Cache sync 14 at Wed Mar 11 12:10:13 UTC 2026
Cache sync 15 at Wed Mar 11 12:10:13 UTC 2026
Cache sync 16 at Wed Mar 11 12:10:13 UTC 2026
Cache sync 17 at Wed Mar 11 12:10:13 UTC 2026
Cache sync 18 at Wed Mar 11 12:10:13 UTC 2026
Cache sync 19 at Wed Mar 11 12:10:13 UTC 2026
Cache sync 20 at Wed Mar 11 12:10:13 UTC 2026
Cache sync 21 at Wed Mar 11 12:10:13 UTC 2026
Cache sync 22 at Wed Mar 11 12:10:13 UTC 2026
Cache sync 23 at Wed Mar 11 12:10:13 UTC 2026
Cache sync 24 at Wed Mar 11 12:10:13 UTC 2026
Cache sync 25 at Wed Mar 11 12:10:13 UTC 2026
Cache sync 26 at Wed Mar 11 12:10:13 UTC 2026
Cache sync 27 at Wed Mar 11 12:10:13 UTC 2026
Cache sync 28 at Wed Mar 11 12:10:13 UTC 2026
Cache sync 29 at Wed Mar 11 12:10:13 UTC 2026
Cache sync 30 at Wed Mar 11 12:10:13 UTC 2026
Cache sync 31 at Wed Mar 11 12:10:13 UTC 2026
Cache sync 32 at Wed Mar 11 12:10:13 UTC 2026
Cache sync 33 at Wed Mar 11 12:10:13 UTC 2026
Cache sync 34 at Wed Mar 11 12:10:13 UTC 2026
Cache sync 35 at Wed Mar 11 12:10:13 UTC 2026
Cache sync 36 at Wed Mar 11 12:10:13 UTC 2026
Cache sync 37 at Wed Mar 11 12:10:13 UTC 2026
Cache sync 38 at Wed Mar 11 12:10:13 UTC 2026
Cache sync 39 at Wed Mar 11 12:10:13 UTC 2026
Cache sync 40 at Wed Mar 11 12:10:13 UTC 2026
Cache sync 41 at Wed Mar 11 12:10:13 UTC 2026
Cache sync 42 at Wed Mar 11 12:10:13 UTC 2026
Cache sync 43 at Wed Mar 11 12:10:13 UTC 2026
Cache sync 44 at Wed Mar 11 12:10:13 UTC 2026
Cache sync 45 at Wed Mar 11 12:10:13 UTC 2026
Cache sync 46 at Wed Mar 11 12:10:13 UTC 2026
Cache sync 47 at Wed Mar 11 12:10:13 UTC 2026
Cache sync 1 at Wed Mar 11 15:16:47 UTC 2026
Cache sync 2 at Wed Mar 11 15:16:47 UTC 2026
Cache sync 3 at Wed Mar 11 15:16:47 UTC 2026
Cache sync 4 at Wed Mar 11 15:16:47 UTC 2026
Cache sync 5 at Wed Mar 11 15:16:47 UTC 2026
Cache sync 6 at Wed Mar 11 15:16:47 UTC 2026
Cache sync 7 at Wed Mar 11 15:16:47 UTC 2026
Cache sync 8 at Wed Mar 11 15:16:47 UTC 2026
Cache sync 9 at Wed Mar 11 15:16:47 UTC 2026
Cache sync 10 at Wed Mar 11 15:16:47 UTC 2026
Cache sync 11 at Wed Mar 11 15:16:47 UTC 2026
Cache sync 12 at Wed Mar 11 15:16:47 UTC 2026
Cache sync 13 at Wed Mar 11 15:16:47 UTC 2026
Cache sync 14 at Wed Mar 11 15:16:47 UTC 2026
Cache sync 15 at Wed Mar 11 15:16:47 UTC 2026
Cache sync 16 at Wed Mar 11 15:16:47 UTC 2026
Cache sync 17 at Wed Mar 11 15:16:47 UTC 2026
Cache sync 18 at Wed Mar 11 15:16:47 UTC 2026
Cache sync 19 at Wed Mar 11 15:16:47 UTC 2026
Cache sync 20 at Wed Mar 11 15:16:47 UTC 2026
Cache sync 21 at Wed Mar 11 15:16:47 UTC 2026
Cache sync 22 at Wed Mar 11 15:16:47 UTC 2026
Cache sync 23 at Wed Mar 11 15:16:47 UTC 2026
Cache sync 24 at Wed Mar 11 15:16:47 UTC 2026
Cache sync 25 at Wed Mar 11 15:16:47 UTC 2026
Cache sync 26 at Wed Mar 11 15:16:47 UTC 2026
Cache sync 27 at Wed Mar 11 15:16:47 UTC 2026
Cache sync 28 at Wed Mar 11 15:16:47 UTC 2026
Cache sync 29 at Wed Mar 11 15:16:47 UTC 2026
Cache sync 30 at Wed Mar 11 15:16:47 UTC 2026
Cache sync 31 at Wed Mar 11 15:16:47 UTC 2026
Cache sync 32 at Wed Mar 11 15:16:47 UTC 2026
Cache sync 33 at Wed Mar 11 15:16:47 UTC 2026
Cache sync 34 at Wed Mar 11 15:16:47 UTC 2026
Cache sync 35 at Wed Mar 11 15:16:47 UTC 2026
Cache sync 36 at Wed Mar 11 15:16:47 UTC 2026
Cache sync 37 at Wed Mar 11 15:16:48 UTC 2026
Cache sync 38 at Wed Mar 11 15:16:48 UTC 2026
Cache sync 1 at Wed Mar 11 18:17:24 UTC 2026
Cache sync 2 at Wed Mar 11 18:17:24 UTC 2026
Cache sync 3 at Wed Mar 11 18:17:24 UTC 2026
Cache sync 4 at Wed Mar 11 18:17:24 UTC 2026
Cache sync 5 at Wed Mar 11 18:17:24 UTC 2026
Cache sync 6 at Wed Mar 11 18:17:24 UTC 2026
Cache sync 7 at Wed Mar 11 18:17:24 UTC 2026
Cache sync 8 at Wed Mar 11 18:17:24 UTC 2026
Cache sync 9 at Wed Mar 11 18:17:24 UTC 2026
Cache sync 10 at Wed Mar 11 18:17:24 UTC 2026
Cache sync 11 at Wed Mar 11 18:17:24 UTC 2026
Cache sync 12 at Wed Mar 11 18:17:24 UTC 2026
Cache sync 13 at Wed Mar 11 18:17:24 UTC 2026
Cache sync 1 at Wed Mar 11 21:08:53 UTC 2026
Cache sync 2 at Wed Mar 11 21:08:53 UTC 2026
Cache sync 3 at Wed Mar 11 21:08:53 UTC 2026
Cache sync 4 at Wed Mar 11 21:08:53 UTC 2026
Cache sync 5 at Wed Mar 11 21:08:53 UTC 2026
Cache sync 6 at Wed Mar 11 21:08:53 UTC 2026
Cache sync 7 at Wed Mar 11 21:08:53 UTC 2026
Cache sync 8 at Wed Mar 11 21:08:53 UTC 2026
Cache sync 9 at Wed Mar 11 21:08:53 UTC 2026
Cache sync 10 at Wed Mar 11 21:08:53 UTC 2026
Cache sync 11 at Wed Mar 11 21:08:53 UTC 2026
Cache sync 12 at Wed Mar 11 21:08:53 UTC 2026
Cache sync 13 at Wed Mar 11 21:08:53 UTC 2026
Cache sync 14 at Wed Mar 11 21:08:53 UTC 2026
Cache sync 15 at Wed Mar 11 21:08:53 UTC 2026
Cache sync 16 at Wed Mar 11 21:08:53 UTC 2026
Cache sync 17 at Wed Mar 11 21:08:53 UTC 2026
Cache sync 18 at Wed Mar 11 21:08:53 UTC 2026
Cache sync 19 at Wed Mar 11 21:08:53 UTC 2026
Cache sync 20 at Wed Mar 11 21:08:53 UTC 2026
Cache sync 21 at Wed Mar 11 21:08:53 UTC 2026
Cache sync 22 at Wed Mar 11 21:08:53 UTC 2026
Cache sync 23 at Wed Mar 11 21:08:53 UTC 2026
Cache sync 24 at Wed Mar 11 21:08:53 UTC 2026
Cache sync 25 at Wed Mar 11 21:08:53 UTC 2026
Cache sync 26 at Wed Mar 11 21:08:53 UTC 2026
Cache sync 27 at Wed Mar 11 21:08:53 UTC 2026
Cache sync 28 at Wed Mar 11 21:08:53 UTC 2026
Cache sync 29 at Wed Mar 11 21:08:53 UTC 2026
Cache sync 30 at Wed Mar 11 21:08:53 UTC 2026
Cache sync 31 at Wed Mar 11 21:08:53 UTC 2026
Cache sync 32 at Wed Mar 11 21:08:53 UTC 2026
Cache sync 33 at Wed Mar 11 21:08:54 UTC 2026
Cache sync 34 at Wed Mar 11 21:08:54 UTC 2026
Cache sync 35 at Wed Mar 11 21:08:54 UTC 2026
Cache sync 36 at Wed Mar 11 21:08:54 UTC 2026
Cache sync 37 at Wed Mar 11 21:08:54 UTC 2026
Cache sync 38 at Wed Mar 11 21:08:54 UTC 2026
Cache sync 39 at Wed Mar 11 21:08:54 UTC 2026
Cache sync 40 at Wed Mar 11 21:08:54 UTC 2026
Cache sync 41 at Wed Mar 11 21:08:54 UTC 2026
Cache sync 42 at Wed Mar 11 21:08:54 UTC 2026
Cache sync 43 at Wed Mar 11 21:08:54 UTC 2026
Cache sync 44 at Wed Mar 11 21:08:54 UTC 2026
Cache sync 45 at Wed Mar 11 21:08:54 UTC 2026
Cache sync 46 at Wed Mar 11 21:08:54 UTC 2026
Cache sync 47 at Wed Mar 11 21:08:54 UTC 2026
Cache sync 48 at Wed Mar 11 21:08:54 UTC 2026
Cache sync 49 at Wed Mar 11 21:08:54 UTC 2026
Cache sync 50 at Wed Mar 11 21:08:54 UTC 2026
Cache sync 51 at Wed Mar 11 21:08:54 UTC 2026
Cache sync 52 at Wed Mar 11 21:08:54 UTC 2026
Cache sync 53 at Wed Mar 11 21:08:54 UTC 2026
Cache sync 54 at Wed Mar 11 21:08:54 UTC 2026
Cache sync 55 at Wed Mar 11 21:08:54 UTC 2026
Cache sync 56 at Wed Mar 11 21:08:54 UTC 2026
Cache sync 57 at Wed Mar 11 21:08:54 UTC 2026
Cache sync 58 at Wed Mar 11 21:08:54 UTC 2026
Cache sync 59 at Wed Mar 11 21:08:54 UTC 2026
Cache sync 60 at Wed Mar 11 21:08:54 UTC 2026
Cache sync 61 at Wed Mar 11 21:08:54 UTC 2026
Cache sync 62 at Wed Mar 11 21:08:54 UTC 2026
Cache sync 63 at Wed Mar 11 21:08:54 UTC 2026
Cache sync 64 at Wed Mar 11 21:08:54 UTC 2026
Cache sync 65 at Wed Mar 11 21:08:54 UTC 2026
Cache sync 66 at Wed Mar 11 21:08:54 UTC 2026
Cache sync 67 at Wed Mar 11 21:08:54 UTC 2026
Cache sync 68 at Wed Mar 11 21:08:54 UTC 2026
Cache sync 69 at Wed Mar 11 21:08:54 UTC 2026
Cache sync 1 at Thu Mar 12 00:15:31 UTC 2026
Cache sync 2 at Thu Mar 12 00:15:31 UTC 2026
Cache sync 3 at Thu Mar 12 00:15:31 UTC 2026
Cache sync 4 at Thu Mar 12 00:15:31 UTC 2026
Cache sync 5 at Thu Mar 12 00:15:31 UTC 2026
Cache sync 6 at Thu Mar 12 00:15:31 UTC 2026
Cache sync 7 at Thu Mar 12 00:15:31 UTC 2026
Cache sync 8 at Thu Mar 12 00:15:31 UTC 2026
Cache sync 9 at Thu Mar 12 00:15:31 UTC 2026
Cache sync 10 at Thu Mar 12 00:15:31 UTC 2026
Cache sync 11 at Thu Mar 12 00:15:31 UTC 2026
Cache sync 12 at Thu Mar 12 00:15:31 UTC 2026
Cache sync 13 at Thu Mar 12 00:15:31 UTC 2026
Cache sync 14 at Thu Mar 12 00:15:31 UTC 2026
Cache sync 15 at Thu Mar 12 00:15:31 UTC 2026
Cache sync 16 at Thu Mar 12 00:15:31 UTC 2026
Cache sync 17 at Thu Mar 12 00:15:31 UTC 2026
Cache sync 18 at Thu Mar 12 00:15:31 UTC 2026
Cache sync 19 at Thu Mar 12 00:15:31 UTC 2026
Cache sync 20 at Thu Mar 12 00:15:31 UTC 2026
Cache sync 21 at Thu Mar 12 00:15:31 UTC 2026
Cache sync 22 at Thu Mar 12 00:15:31 UTC 2026
Cache sync 23 at Thu Mar 12 00:15:31 UTC 2026
Cache sync 24 at Thu Mar 12 00:15:31 UTC 2026
Cache sync 25 at Thu Mar 12 00:15:31 UTC 2026
Cache sync 26 at Thu Mar 12 00:15:31 UTC 2026
Cache sync 27 at Thu Mar 12 00:15:31 UTC 2026
Cache sync 28 at Thu Mar 12 00:15:31 UTC 2026
Cache sync 29 at Thu Mar 12 00:15:31 UTC 2026
Cache sync 30 at Thu Mar 12 00:15:31 UTC 2026
Cache sync 31 at Thu Mar 12 00:15:31 UTC 2026
Cache sync 32 at Thu Mar 12 00:15:31 UTC 2026
Cache sync 33 at Thu Mar 12 00:15:31 UTC 2026
Cache sync 34 at Thu Mar 12 00:15:31 UTC 2026
Cache sync 35 at Thu Mar 12 00:15:31 UTC 2026
Cache sync 36 at Thu Mar 12 00:15:31 UTC 2026
Cache sync 37 at Thu Mar 12 00:15:31 UTC 2026
Cache sync 38 at Thu Mar 12 00:15:31 UTC 2026
Cache sync 39 at Thu Mar 12 00:15:31 UTC 2026
Cache sync 40 at Thu Mar 12 00:15:31 UTC 2026
Cache sync 41 at Thu Mar 12 00:15:31 UTC 2026
Cache sync 42 at Thu Mar 12 00:15:31 UTC 2026
Cache sync 1 at Thu Mar 12 03:47:46 UTC 2026
Cache sync 2 at Thu Mar 12 03:47:46 UTC 2026
Cache sync 3 at Thu Mar 12 03:47:46 UTC 2026
Cache sync 4 at Thu Mar 12 03:47:46 UTC 2026
Cache sync 5 at Thu Mar 12 03:47:46 UTC 2026
Cache sync 6 at Thu Mar 12 03:47:46 UTC 2026
Cache sync 7 at Thu Mar 12 03:47:46 UTC 2026
Cache sync 8 at Thu Mar 12 03:47:46 UTC 2026
Cache sync 9 at Thu Mar 12 03:47:46 UTC 2026
Cache sync 10 at Thu Mar 12 03:47:46 UTC 2026
Cache sync 11 at Thu Mar 12 03:47:46 UTC 2026
Cache sync 12 at Thu Mar 12 03:47:46 UTC 2026
Cache sync 13 at Thu Mar 12 03:47:46 UTC 2026
Cache sync 14 at Thu Mar 12 03:47:46 UTC 2026
Cache sync 15 at Thu Mar 12 03:47:46 UTC 2026
Cache sync 16 at Thu Mar 12 03:47:46 UTC 2026
Cache sync 17 at Thu Mar 12 03:47:46 UTC 2026
Cache sync 18 at Thu Mar 12 03:47:46 UTC 2026
Cache sync 19 at Thu Mar 12 03:47:46 UTC 2026
Cache sync 20 at Thu Mar 12 03:47:46 UTC 2026
Cache sync 21 at Thu Mar 12 03:47:46 UTC 2026
Cache sync 22 at Thu Mar 12 03:47:46 UTC 2026
Cache sync 23 at Thu Mar 12 03:47:46 UTC 2026
Cache sync 24 at Thu Mar 12 03:47:46 UTC 2026
Cache sync 25 at Thu Mar 12 03:47:46 UTC 2026
Cache sync 26 at Thu Mar 12 03:47:46 UTC 2026
Cache sync 27 at Thu Mar 12 03:47:46 UTC 2026
Cache sync 28 at Thu Mar 12 03:47:46 UTC 2026
Cache sync 29 at Thu Mar 12 03:47:46 UTC 2026
Cache sync 30 at Thu Mar 12 03:47:47 UTC 2026
Cache sync 31 at Thu Mar 12 03:47:47 UTC 2026
Cache sync 32 at Thu Mar 12 03:47:47 UTC 2026
Cache sync 33 at Thu Mar 12 03:47:47 UTC 2026
Cache sync 34 at Thu Mar 12 03:47:47 UTC 2026
Cache sync 35 at Thu Mar 12 03:47:47 UTC 2026
Cache sync 36 at Thu Mar 12 03:47:47 UTC 2026
Cache sync 37 at Thu Mar 12 03:47:47 UTC 2026
Cache sync 38 at Thu Mar 12 03:47:47 UTC 2026
Cache sync 39 at Thu Mar 12 03:47:47 UTC 2026
Cache sync 40 at Thu Mar 12 03:47:47 UTC 2026
Cache sync 41 at Thu Mar 12 03:47:47 UTC 2026
Cache sync 42 at Thu Mar 12 03:47:47 UTC 2026
Cache sync 43 at Thu Mar 12 03:47:47 UTC 2026
Cache sync 44 at Thu Mar 12 03:47:47 UTC 2026
Cache sync 45 at Thu Mar 12 03:47:47 UTC 2026
Cache sync 46 at Thu Mar 12 03:47:47 UTC 2026
Cache sync 47 at Thu Mar 12 03:47:47 UTC 2026
Cache sync 48 at Thu Mar 12 03:47:47 UTC 2026
Cache sync 49 at Thu Mar 12 03:47:47 UTC 2026
Cache sync 50 at Thu Mar 12 03:47:47 UTC 2026
Cache sync 1 at Thu Mar 12 06:17:11 UTC 2026
Cache sync 2 at Thu Mar 12 06:17:11 UTC 2026
Cache sync 3 at Thu Mar 12 06:17:11 UTC 2026
Cache sync 4 at Thu Mar 12 06:17:11 UTC 2026
Cache sync 5 at Thu Mar 12 06:17:11 UTC 2026
Cache sync 6 at Thu Mar 12 06:17:11 UTC 2026
Cache sync 7 at Thu Mar 12 06:17:11 UTC 2026
Cache sync 8 at Thu Mar 12 06:17:11 UTC 2026
Cache sync 9 at Thu Mar 12 06:17:11 UTC 2026
Cache sync 10 at Thu Mar 12 06:17:11 UTC 2026
Cache sync 11 at Thu Mar 12 06:17:11 UTC 2026
Cache sync 12 at Thu Mar 12 06:17:11 UTC 2026
Cache sync 13 at Thu Mar 12 06:17:11 UTC 2026
Cache sync 14 at Thu Mar 12 06:17:11 UTC 2026
Cache sync 15 at Thu Mar 12 06:17:11 UTC 2026
Cache sync 16 at Thu Mar 12 06:17:11 UTC 2026
Cache sync 17 at Thu Mar 12 06:17:11 UTC 2026
Cache sync 18 at Thu Mar 12 06:17:11 UTC 2026
Cache sync 19 at Thu Mar 12 06:17:11 UTC 2026
Cache sync 20 at Thu Mar 12 06:17:11 UTC 2026
Cache sync 21 at Thu Mar 12 06:17:11 UTC 2026
Cache sync 22 at Thu Mar 12 06:17:11 UTC 2026
Cache sync 23 at Thu Mar 12 06:17:11 UTC 2026
Cache sync 24 at Thu Mar 12 06:17:11 UTC 2026
Cache sync 25 at Thu Mar 12 06:17:11 UTC 2026
Cache sync 26 at Thu Mar 12 06:17:11 UTC 2026
Cache sync 27 at Thu Mar 12 06:17:11 UTC 2026
Cache sync 28 at Thu Mar 12 06:17:11 UTC 2026
Cache sync 29 at Thu Mar 12 06:17:11 UTC 2026
Cache sync 30 at Thu Mar 12 06:17:11 UTC 2026
Cache sync 31 at Thu Mar 12 06:17:11 UTC 2026
Cache sync 32 at Thu Mar 12 06:17:11 UTC 2026
Cache sync 33 at Thu Mar 12 06:17:11 UTC 2026
Cache sync 34 at Thu Mar 12 06:17:11 UTC 2026
Cache sync 35 at Thu Mar 12 06:17:11 UTC 2026
Cache sync 36 at Thu Mar 12 06:17:11 UTC 2026
Cache sync 37 at Thu Mar 12 06:17:11 UTC 2026
Cache sync 38 at Thu Mar 12 06:17:11 UTC 2026
Cache sync 39 at Thu Mar 12 06:17:11 UTC 2026
Cache sync 40 at Thu Mar 12 06:17:11 UTC 2026
Cache sync 41 at Thu Mar 12 06:17:11 UTC 2026
Cache sync 42 at Thu Mar 12 06:17:11 UTC 2026
Cache sync 43 at Thu Mar 12 06:17:11 UTC 2026
Cache sync 44 at Thu Mar 12 06:17:11 UTC 2026
Cache sync 45 at Thu Mar 12 06:17:11 UTC 2026
Cache sync 46 at Thu Mar 12 06:17:11 UTC 2026
Cache sync 47 at Thu Mar 12 06:17:11 UTC 2026
Cache sync 48 at Thu Mar 12 06:17:11 UTC 2026
Cache sync 49 at Thu Mar 12 06:17:11 UTC 2026
Cache sync 50 at Thu Mar 12 06:17:11 UTC 2026
Cache sync 51 at Thu Mar 12 06:17:11 UTC 2026
Cache sync 52 at Thu Mar 12 06:17:11 UTC 2026
Cache sync 53 at Thu Mar 12 06:17:11 UTC 2026
Cache sync 54 at Thu Mar 12 06:17:11 UTC 2026
Cache sync 55 at Thu Mar 12 06:17:11 UTC 2026
Cache sync 56 at Thu Mar 12 06:17:11 UTC 2026
Cache sync 57 at Thu Mar 12 06:17:11 UTC 2026
Cache sync 1 at Thu Mar 12 09:15:12 UTC 2026
Cache sync 2 at Thu Mar 12 09:15:12 UTC 2026
Cache sync 3 at Thu Mar 12 09:15:12 UTC 2026
Cache sync 4 at Thu Mar 12 09:15:12 UTC 2026
Cache sync 5 at Thu Mar 12 09:15:12 UTC 2026
Cache sync 6 at Thu Mar 12 09:15:12 UTC 2026
Cache sync 7 at Thu Mar 12 09:15:12 UTC 2026
Cache sync 8 at Thu Mar 12 09:15:12 UTC 2026
Cache sync 9 at Thu Mar 12 09:15:12 UTC 2026
Cache sync 10 at Thu Mar 12 09:15:12 UTC 2026
Cache sync 11 at Thu Mar 12 09:15:12 UTC 2026
Cache sync 12 at Thu Mar 12 09:15:12 UTC 2026
Cache sync 13 at Thu Mar 12 09:15:12 UTC 2026
Cache sync 14 at Thu Mar 12 09:15:12 UTC 2026
Cache sync 15 at Thu Mar 12 09:15:12 UTC 2026
Cache sync 16 at Thu Mar 12 09:15:12 UTC 2026
Cache sync 17 at Thu Mar 12 09:15:12 UTC 2026
Cache sync 18 at Thu Mar 12 09:15:12 UTC 2026
Cache sync 19 at Thu Mar 12 09:15:12 UTC 2026
Cache sync 20 at Thu Mar 12 09:15:12 UTC 2026
Cache sync 21 at Thu Mar 12 09:15:12 UTC 2026
Cache sync 22 at Thu Mar 12 09:15:12 UTC 2026
Cache sync 23 at Thu Mar 12 09:15:12 UTC 2026
Cache sync 24 at Thu Mar 12 09:15:12 UTC 2026
Cache sync 25 at Thu Mar 12 09:15:12 UTC 2026
Cache sync 26 at Thu Mar 12 09:15:12 UTC 2026
Cache sync 27 at Thu Mar 12 09:15:12 UTC 2026
Cache sync 28 at Thu Mar 12 09:15:12 UTC 2026
Cache sync 29 at Thu Mar 12 09:15:12 UTC 2026
Cache sync 30 at Thu Mar 12 09:15:12 UTC 2026
Cache sync 31 at Thu Mar 12 09:15:12 UTC 2026
Cache sync 32 at Thu Mar 12 09:15:12 UTC 2026
Cache sync 33 at Thu Mar 12 09:15:12 UTC 2026
Cache sync 34 at Thu Mar 12 09:15:12 UTC 2026
Cache sync 35 at Thu Mar 12 09:15:12 UTC 2026
Cache sync 36 at Thu Mar 12 09:15:12 UTC 2026
Cache sync 1 at Thu Mar 12 12:09:22 UTC 2026
Cache sync 2 at Thu Mar 12 12:09:22 UTC 2026
Cache sync 3 at Thu Mar 12 12:09:22 UTC 2026
Cache sync 4 at Thu Mar 12 12:09:22 UTC 2026
Cache sync 5 at Thu Mar 12 12:09:22 UTC 2026
Cache sync 6 at Thu Mar 12 12:09:23 UTC 2026
Cache sync 7 at Thu Mar 12 12:09:23 UTC 2026
Cache sync 1 at Thu Mar 12 15:18:47 UTC 2026
Cache sync 2 at Thu Mar 12 15:18:47 UTC 2026
Cache sync 3 at Thu Mar 12 15:18:48 UTC 2026
Cache sync 4 at Thu Mar 12 15:18:48 UTC 2026
Cache sync 5 at Thu Mar 12 15:18:48 UTC 2026
Cache sync 6 at Thu Mar 12 15:18:48 UTC 2026
Cache sync 7 at Thu Mar 12 15:18:48 UTC 2026
Cache sync 8 at Thu Mar 12 15:18:48 UTC 2026
Cache sync 9 at Thu Mar 12 15:18:48 UTC 2026
Cache sync 10 at Thu Mar 12 15:18:48 UTC 2026
Cache sync 11 at Thu Mar 12 15:18:48 UTC 2026
Cache sync 12 at Thu Mar 12 15:18:48 UTC 2026
Cache sync 13 at Thu Mar 12 15:18:48 UTC 2026
Cache sync 14 at Thu Mar 12 15:18:48 UTC 2026
Cache sync 15 at Thu Mar 12 15:18:48 UTC 2026
Cache sync 16 at Thu Mar 12 15:18:48 UTC 2026
Cache sync 17 at Thu Mar 12 15:18:48 UTC 2026
Cache sync 18 at Thu Mar 12 15:18:48 UTC 2026
Cache sync 19 at Thu Mar 12 15:18:48 UTC 2026
Cache sync 20 at Thu Mar 12 15:18:48 UTC 2026
Cache sync 21 at Thu Mar 12 15:18:48 UTC 2026
Cache sync 22 at Thu Mar 12 15:18:48 UTC 2026
Cache sync 23 at Thu Mar 12 15:18:48 UTC 2026
Cache sync 24 at Thu Mar 12 15:18:48 UTC 2026
Cache sync 25 at Thu Mar 12 15:18:48 UTC 2026
Cache sync 26 at Thu Mar 12 15:18:48 UTC 2026
Cache sync 27 at Thu Mar 12 15:18:48 UTC 2026
Cache sync 28 at Thu Mar 12 15:18:48 UTC 2026
Cache sync 29 at Thu Mar 12 15:18:48 UTC 2026
Cache sync 30 at Thu Mar 12 15:18:48 UTC 2026
Cache sync 31 at Thu Mar 12 15:18:48 UTC 2026
Cache sync 32 at Thu Mar 12 15:18:48 UTC 2026
Cache sync 33 at Thu Mar 12 15:18:48 UTC 2026
Cache sync 34 at Thu Mar 12 15:18:48 UTC 2026
Cache sync 35 at Thu Mar 12 15:18:48 UTC 2026
Cache sync 36 at Thu Mar 12 15:18:48 UTC 2026
Cache sync 37 at Thu Mar 12 15:18:48 UTC 2026
Cache sync 38 at Thu Mar 12 15:18:48 UTC 2026
Cache sync 39 at Thu Mar 12 15:18:48 UTC 2026
Cache sync 40 at Thu Mar 12 15:18:48 UTC 2026
Cache sync 41 at Thu Mar 12 15:18:48 UTC 2026
Cache sync 42 at Thu Mar 12 15:18:48 UTC 2026
Cache sync 43 at Thu Mar 12 15:18:48 UTC 2026
Cache sync 44 at Thu Mar 12 15:18:48 UTC 2026
Cache sync 45 at Thu Mar 12 15:18:48 UTC 2026
Cache sync 46 at Thu Mar 12 15:18:48 UTC 2026
Cache sync 47 at Thu Mar 12 15:18:48 UTC 2026
Cache sync 48 at Thu Mar 12 15:18:48 UTC 2026
Cache sync 49 at Thu Mar 12 15:18:48 UTC 2026
Cache sync 50 at Thu Mar 12 15:18:48 UTC 2026
Cache sync 51 at Thu Mar 12 15:18:48 UTC 2026
Cache sync 52 at Thu Mar 12 15:18:48 UTC 2026
Cache sync 53 at Thu Mar 12 15:18:48 UTC 2026
Cache sync 54 at Thu Mar 12 15:18:48 UTC 2026
Cache sync 55 at Thu Mar 12 15:18:48 UTC 2026
Cache sync 56 at Thu Mar 12 15:18:48 UTC 2026
Cache sync 57 at Thu Mar 12 15:18:48 UTC 2026
Cache sync 58 at Thu Mar 12 15:18:48 UTC 2026
Cache sync 59 at Thu Mar 12 15:18:48 UTC 2026
Cache sync 60 at Thu Mar 12 15:18:48 UTC 2026
Cache sync 61 at Thu Mar 12 15:18:48 UTC 2026
Cache sync 62 at Thu Mar 12 15:18:48 UTC 2026
Cache sync 1 at Thu Mar 12 21:09:11 UTC 2026
Cache sync 2 at Thu Mar 12 21:09:11 UTC 2026
Cache sync 3 at Thu Mar 12 21:09:11 UTC 2026
Cache sync 4 at Thu Mar 12 21:09:11 UTC 2026
Cache sync 5 at Thu Mar 12 21:09:11 UTC 2026
Cache sync 6 at Thu Mar 12 21:09:11 UTC 2026
Cache sync 7 at Thu Mar 12 21:09:11 UTC 2026
Cache sync 8 at Thu Mar 12 21:09:11 UTC 2026
Cache sync 9 at Thu Mar 12 21:09:11 UTC 2026
Cache sync 10 at Thu Mar 12 21:09:11 UTC 2026
Cache sync 11 at Thu Mar 12 21:09:11 UTC 2026
Cache sync 12 at Thu Mar 12 21:09:11 UTC 2026
Cache sync 13 at Thu Mar 12 21:09:11 UTC 2026
Cache sync 14 at Thu Mar 12 21:09:11 UTC 2026
Cache sync 15 at Thu Mar 12 21:09:11 UTC 2026
Cache sync 16 at Thu Mar 12 21:09:11 UTC 2026
Cache sync 17 at Thu Mar 12 21:09:11 UTC 2026
Cache sync 18 at Thu Mar 12 21:09:11 UTC 2026
Cache sync 19 at Thu Mar 12 21:09:11 UTC 2026
Cache sync 20 at Thu Mar 12 21:09:11 UTC 2026
Cache sync 21 at Thu Mar 12 21:09:11 UTC 2026
Cache sync 22 at Thu Mar 12 21:09:11 UTC 2026
Cache sync 23 at Thu Mar 12 21:09:11 UTC 2026
Cache sync 24 at Thu Mar 12 21:09:11 UTC 2026
Cache sync 25 at Thu Mar 12 21:09:11 UTC 2026
Cache sync 26 at Thu Mar 12 21:09:11 UTC 2026
Cache sync 27 at Thu Mar 12 21:09:11 UTC 2026
Cache sync 28 at Thu Mar 12 21:09:11 UTC 2026
Cache sync 29 at Thu Mar 12 21:09:11 UTC 2026
Cache sync 30 at Thu Mar 12 21:09:11 UTC 2026
Cache sync 31 at Thu Mar 12 21:09:11 UTC 2026
Cache sync 32 at Thu Mar 12 21:09:11 UTC 2026
Cache sync 33 at Thu Mar 12 21:09:11 UTC 2026
Cache sync 34 at Thu Mar 12 21:09:11 UTC 2026
Cache sync 35 at Thu Mar 12 21:09:11 UTC 2026
Cache sync 36 at Thu Mar 12 21:09:11 UTC 2026
Cache sync 37 at Thu Mar 12 21:09:11 UTC 2026
Cache sync 38 at Thu Mar 12 21:09:11 UTC 2026
Cache sync 39 at Thu Mar 12 21:09:11 UTC 2026
Cache sync 40 at Thu Mar 12 21:09:11 UTC 2026
Cache sync 41 at Thu Mar 12 21:09:11 UTC 2026
Cache sync 42 at Thu Mar 12 21:09:11 UTC 2026
Cache sync 43 at Thu Mar 12 21:09:11 UTC 2026
Cache sync 44 at Thu Mar 12 21:09:11 UTC 2026
Cache sync 45 at Thu Mar 12 21:09:11 UTC 2026
Cache sync 46 at Thu Mar 12 21:09:11 UTC 2026
Cache sync 47 at Thu Mar 12 21:09:11 UTC 2026
Cache sync 48 at Thu Mar 12 21:09:11 UTC 2026
Cache sync 49 at Thu Mar 12 21:09:11 UTC 2026
Cache sync 50 at Thu Mar 12 21:09:11 UTC 2026
Cache sync 1 at Fri Mar 13 00:18:04 UTC 2026
Cache sync 2 at Fri Mar 13 00:18:04 UTC 2026
Cache sync 3 at Fri Mar 13 00:18:04 UTC 2026
Cache sync 4 at Fri Mar 13 00:18:04 UTC 2026
Cache sync 5 at Fri Mar 13 00:18:04 UTC 2026
Cache sync 6 at Fri Mar 13 00:18:04 UTC 2026
Cache sync 7 at Fri Mar 13 00:18:04 UTC 2026
Cache sync 8 at Fri Mar 13 00:18:04 UTC 2026
Cache sync 9 at Fri Mar 13 00:18:04 UTC 2026
Cache sync 10 at Fri Mar 13 00:18:04 UTC 2026
Cache sync 11 at Fri Mar 13 00:18:04 UTC 2026
Cache sync 12 at Fri Mar 13 00:18:04 UTC 2026
Cache sync 13 at Fri Mar 13 00:18:04 UTC 2026
Cache sync 14 at Fri Mar 13 00:18:04 UTC 2026
Cache sync 15 at Fri Mar 13 00:18:04 UTC 2026
Cache sync 16 at Fri Mar 13 00:18:04 UTC 2026
Cache sync 17 at Fri Mar 13 00:18:04 UTC 2026
Cache sync 18 at Fri Mar 13 00:18:04 UTC 2026
Cache sync 19 at Fri Mar 13 00:18:04 UTC 2026
Cache sync 20 at Fri Mar 13 00:18:04 UTC 2026
Cache sync 21 at Fri Mar 13 00:18:04 UTC 2026
Cache sync 22 at Fri Mar 13 00:18:04 UTC 2026
Cache sync 23 at Fri Mar 13 00:18:04 UTC 2026
Cache sync 24 at Fri Mar 13 00:18:04 UTC 2026
Cache sync 25 at Fri Mar 13 00:18:04 UTC 2026
Cache sync 26 at Fri Mar 13 00:18:04 UTC 2026
Cache sync 27 at Fri Mar 13 00:18:04 UTC 2026
Cache sync 28 at Fri Mar 13 00:18:04 UTC 2026
Cache sync 29 at Fri Mar 13 00:18:04 UTC 2026
Cache sync 30 at Fri Mar 13 00:18:04 UTC 2026
Cache sync 31 at Fri Mar 13 00:18:04 UTC 2026
Cache sync 32 at Fri Mar 13 00:18:04 UTC 2026
Cache sync 33 at Fri Mar 13 00:18:04 UTC 2026
Cache sync 34 at Fri Mar 13 00:18:04 UTC 2026
Cache sync 35 at Fri Mar 13 00:18:04 UTC 2026
Cache sync 36 at Fri Mar 13 00:18:04 UTC 2026
Cache sync 37 at Fri Mar 13 00:18:04 UTC 2026
Cache sync 38 at Fri Mar 13 00:18:04 UTC 2026
Cache sync 39 at Fri Mar 13 00:18:04 UTC 2026
Cache sync 40 at Fri Mar 13 00:18:04 UTC 2026
Cache sync 41 at Fri Mar 13 00:18:04 UTC 2026
Cache sync 42 at Fri Mar 13 00:18:04 UTC 2026
Cache sync 43 at Fri Mar 13 00:18:04 UTC 2026
Cache sync 44 at Fri Mar 13 00:18:04 UTC 2026
Cache sync 45 at Fri Mar 13 00:18:04 UTC 2026
Cache sync 46 at Fri Mar 13 00:18:04 UTC 2026
Cache sync 47 at Fri Mar 13 00:18:04 UTC 2026
Cache sync 48 at Fri Mar 13 00:18:04 UTC 2026
Cache sync 49 at Fri Mar 13 00:18:04 UTC 2026
Cache sync 50 at Fri Mar 13 00:18:04 UTC 2026
Cache sync 51 at Fri Mar 13 00:18:04 UTC 2026
Cache sync 52 at Fri Mar 13 00:18:05 UTC 2026
Cache sync 53 at Fri Mar 13 00:18:05 UTC 2026
Cache sync 54 at Fri Mar 13 00:18:05 UTC 2026
Cache sync 55 at Fri Mar 13 00:18:05 UTC 2026
Cache sync 56 at Fri Mar 13 00:18:05 UTC 2026
Cache sync 57 at Fri Mar 13 00:18:05 UTC 2026
Cache sync 58 at Fri Mar 13 00:18:05 UTC 2026
Cache sync 59 at Fri Mar 13 00:18:05 UTC 2026
Cache sync 60 at Fri Mar 13 00:18:05 UTC 2026
Cache sync 61 at Fri Mar 13 00:18:05 UTC 2026
Cache sync 62 at Fri Mar 13 00:18:05 UTC 2026
Cache sync 63 at Fri Mar 13 00:18:05 UTC 2026
Cache sync 64 at Fri Mar 13 00:18:05 UTC 2026
Cache sync 65 at Fri Mar 13 00:18:05 UTC 2026
Cache sync 66 at Fri Mar 13 00:18:05 UTC 2026
Cache sync 1 at Fri Mar 13 03:47:23 UTC 2026
Cache sync 2 at Fri Mar 13 03:47:23 UTC 2026
Cache sync 3 at Fri Mar 13 03:47:23 UTC 2026
Cache sync 4 at Fri Mar 13 03:47:23 UTC 2026
Cache sync 5 at Fri Mar 13 03:47:23 UTC 2026
Cache sync 6 at Fri Mar 13 03:47:23 UTC 2026
Cache sync 7 at Fri Mar 13 03:47:23 UTC 2026
Cache sync 8 at Fri Mar 13 03:47:23 UTC 2026
Cache sync 9 at Fri Mar 13 03:47:23 UTC 2026
Cache sync 10 at Fri Mar 13 03:47:23 UTC 2026
Cache sync 11 at Fri Mar 13 03:47:23 UTC 2026
Cache sync 12 at Fri Mar 13 03:47:23 UTC 2026
Cache sync 13 at Fri Mar 13 03:47:23 UTC 2026
Cache sync 14 at Fri Mar 13 03:47:23 UTC 2026
Cache sync 15 at Fri Mar 13 03:47:23 UTC 2026
Cache sync 16 at Fri Mar 13 03:47:23 UTC 2026
Cache sync 17 at Fri Mar 13 03:47:23 UTC 2026
Cache sync 18 at Fri Mar 13 03:47:23 UTC 2026
Cache sync 19 at Fri Mar 13 03:47:23 UTC 2026
Cache sync 20 at Fri Mar 13 03:47:23 UTC 2026
Cache sync 21 at Fri Mar 13 03:47:23 UTC 2026
Cache sync 22 at Fri Mar 13 03:47:23 UTC 2026
Cache sync 23 at Fri Mar 13 03:47:23 UTC 2026
Cache sync 24 at Fri Mar 13 03:47:23 UTC 2026
Cache sync 25 at Fri Mar 13 03:47:23 UTC 2026
Cache sync 26 at Fri Mar 13 03:47:23 UTC 2026
Cache sync 27 at Fri Mar 13 03:47:23 UTC 2026
Cache sync 28 at Fri Mar 13 03:47:23 UTC 2026
Cache sync 29 at Fri Mar 13 03:47:23 UTC 2026
Cache sync 30 at Fri Mar 13 03:47:23 UTC 2026
Cache sync 31 at Fri Mar 13 03:47:23 UTC 2026
Cache sync 32 at Fri Mar 13 03:47:23 UTC 2026
Cache sync 33 at Fri Mar 13 03:47:23 UTC 2026
Cache sync 34 at Fri Mar 13 03:47:23 UTC 2026
Cache sync 35 at Fri Mar 13 03:47:23 UTC 2026
Cache sync 36 at Fri Mar 13 03:47:23 UTC 2026
Cache sync 37 at Fri Mar 13 03:47:23 UTC 2026
Cache sync 38 at Fri Mar 13 03:47:23 UTC 2026
Cache sync 39 at Fri Mar 13 03:47:23 UTC 2026
Cache sync 40 at Fri Mar 13 03:47:23 UTC 2026
Cache sync 41 at Fri Mar 13 03:47:23 UTC 2026
Cache sync 42 at Fri Mar 13 03:47:23 UTC 2026
Cache sync 43 at Fri Mar 13 03:47:23 UTC 2026
Cache sync 44 at Fri Mar 13 03:47:23 UTC 2026
Cache sync 45 at Fri Mar 13 03:47:23 UTC 2026
Cache sync 46 at Fri Mar 13 03:47:23 UTC 2026
Cache sync 47 at Fri Mar 13 03:47:23 UTC 2026
Cache sync 48 at Fri Mar 13 03:47:23 UTC 2026
Cache sync 49 at Fri Mar 13 03:47:23 UTC 2026
Cache sync 50 at Fri Mar 13 03:47:23 UTC 2026
Cache sync 51 at Fri Mar 13 03:47:23 UTC 2026
Cache sync 52 at Fri Mar 13 03:47:23 UTC 2026
Cache sync 53 at Fri Mar 13 03:47:23 UTC 2026
Cache sync 54 at Fri Mar 13 03:47:23 UTC 2026
Cache sync 1 at Fri Mar 13 06:16:17 UTC 2026
Cache sync 2 at Fri Mar 13 06:16:17 UTC 2026
Cache sync 3 at Fri Mar 13 06:16:17 UTC 2026
Cache sync 4 at Fri Mar 13 06:16:17 UTC 2026
Cache sync 5 at Fri Mar 13 06:16:17 UTC 2026
Cache sync 6 at Fri Mar 13 06:16:17 UTC 2026
Cache sync 7 at Fri Mar 13 06:16:17 UTC 2026
Cache sync 8 at Fri Mar 13 06:16:17 UTC 2026
Cache sync 9 at Fri Mar 13 06:16:17 UTC 2026
Cache sync 10 at Fri Mar 13 06:16:17 UTC 2026
Cache sync 11 at Fri Mar 13 06:16:17 UTC 2026
Cache sync 12 at Fri Mar 13 06:16:17 UTC 2026
Cache sync 13 at Fri Mar 13 06:16:17 UTC 2026
Cache sync 14 at Fri Mar 13 06:16:17 UTC 2026
Cache sync 15 at Fri Mar 13 06:16:17 UTC 2026
Cache sync 16 at Fri Mar 13 06:16:17 UTC 2026
Cache sync 17 at Fri Mar 13 06:16:17 UTC 2026
Cache sync 18 at Fri Mar 13 06:16:17 UTC 2026
Cache sync 19 at Fri Mar 13 06:16:17 UTC 2026
Cache sync 20 at Fri Mar 13 06:16:17 UTC 2026
Cache sync 21 at Fri Mar 13 06:16:17 UTC 2026
Cache sync 22 at Fri Mar 13 06:16:17 UTC 2026
Cache sync 23 at Fri Mar 13 06:16:17 UTC 2026
Cache sync 24 at Fri Mar 13 06:16:17 UTC 2026
Cache sync 25 at Fri Mar 13 06:16:17 UTC 2026
Cache sync 26 at Fri Mar 13 06:16:17 UTC 2026
Cache sync 27 at Fri Mar 13 06:16:17 UTC 2026
Cache sync 28 at Fri Mar 13 06:16:17 UTC 2026
Cache sync 29 at Fri Mar 13 06:16:17 UTC 2026
Cache sync 30 at Fri Mar 13 06:16:17 UTC 2026
Cache sync 31 at Fri Mar 13 06:16:17 UTC 2026
Cache sync 32 at Fri Mar 13 06:16:17 UTC 2026
Cache sync 33 at Fri Mar 13 06:16:17 UTC 2026
Cache sync 34 at Fri Mar 13 06:16:17 UTC 2026
Cache sync 35 at Fri Mar 13 06:16:17 UTC 2026
Cache sync 36 at Fri Mar 13 06:16:17 UTC 2026
Cache sync 37 at Fri Mar 13 06:16:18 UTC 2026
Cache sync 38 at Fri Mar 13 06:16:18 UTC 2026
Cache sync 39 at Fri Mar 13 06:16:18 UTC 2026
Cache sync 40 at Fri Mar 13 06:16:18 UTC 2026
Cache sync 1 at Fri Mar 13 09:12:46 UTC 2026
Cache sync 2 at Fri Mar 13 09:12:46 UTC 2026
Cache sync 3 at Fri Mar 13 09:12:46 UTC 2026
Cache sync 4 at Fri Mar 13 09:12:46 UTC 2026
Cache sync 5 at Fri Mar 13 09:12:46 UTC 2026
Cache sync 6 at Fri Mar 13 09:12:46 UTC 2026
Cache sync 7 at Fri Mar 13 09:12:46 UTC 2026
Cache sync 8 at Fri Mar 13 09:12:46 UTC 2026
Cache sync 9 at Fri Mar 13 09:12:46 UTC 2026
Cache sync 10 at Fri Mar 13 09:12:46 UTC 2026
Cache sync 11 at Fri Mar 13 09:12:46 UTC 2026
Cache sync 12 at Fri Mar 13 09:12:46 UTC 2026
Cache sync 13 at Fri Mar 13 09:12:46 UTC 2026
Cache sync 14 at Fri Mar 13 09:12:46 UTC 2026
Cache sync 15 at Fri Mar 13 09:12:46 UTC 2026
Cache sync 16 at Fri Mar 13 09:12:46 UTC 2026
Cache sync 17 at Fri Mar 13 09:12:46 UTC 2026
Cache sync 18 at Fri Mar 13 09:12:47 UTC 2026
Cache sync 19 at Fri Mar 13 09:12:47 UTC 2026
Cache sync 20 at Fri Mar 13 09:12:47 UTC 2026
Cache sync 21 at Fri Mar 13 09:12:47 UTC 2026
Cache sync 22 at Fri Mar 13 09:12:47 UTC 2026
Cache sync 23 at Fri Mar 13 09:12:47 UTC 2026
Cache sync 24 at Fri Mar 13 09:12:47 UTC 2026
Cache sync 25 at Fri Mar 13 09:12:47 UTC 2026
Cache sync 26 at Fri Mar 13 09:12:47 UTC 2026
Cache sync 27 at Fri Mar 13 09:12:47 UTC 2026
Cache sync 28 at Fri Mar 13 09:12:47 UTC 2026
Cache sync 29 at Fri Mar 13 09:12:47 UTC 2026
Cache sync 30 at Fri Mar 13 09:12:47 UTC 2026
Cache sync 31 at Fri Mar 13 09:12:47 UTC 2026
Cache sync 32 at Fri Mar 13 09:12:47 UTC 2026
Cache sync 33 at Fri Mar 13 09:12:47 UTC 2026
Cache sync 34 at Fri Mar 13 09:12:47 UTC 2026
Cache sync 35 at Fri Mar 13 09:12:47 UTC 2026
Cache sync 36 at Fri Mar 13 09:12:47 UTC 2026
Cache sync 37 at Fri Mar 13 09:12:47 UTC 2026
Cache sync 38 at Fri Mar 13 09:12:47 UTC 2026
Cache sync 39 at Fri Mar 13 09:12:47 UTC 2026
Cache sync 40 at Fri Mar 13 09:12:47 UTC 2026
Cache sync 41 at Fri Mar 13 09:12:47 UTC 2026
Cache sync 42 at Fri Mar 13 09:12:47 UTC 2026
Cache sync 43 at Fri Mar 13 09:12:47 UTC 2026
Cache sync 44 at Fri Mar 13 09:12:47 UTC 2026
Cache sync 45 at Fri Mar 13 09:12:47 UTC 2026
Cache sync 46 at Fri Mar 13 09:12:47 UTC 2026
Cache sync 47 at Fri Mar 13 09:12:47 UTC 2026
Cache sync 48 at Fri Mar 13 09:12:47 UTC 2026
Cache sync 49 at Fri Mar 13 09:12:47 UTC 2026
Cache sync 50 at Fri Mar 13 09:12:47 UTC 2026
Cache sync 51 at Fri Mar 13 09:12:47 UTC 2026
Cache sync 52 at Fri Mar 13 09:12:47 UTC 2026
Cache sync 53 at Fri Mar 13 09:12:47 UTC 2026
Cache sync 54 at Fri Mar 13 09:12:47 UTC 2026
Cache sync 55 at Fri Mar 13 09:12:47 UTC 2026
Cache sync 56 at Fri Mar 13 09:12:47 UTC 2026
Cache sync 57 at Fri Mar 13 09:12:47 UTC 2026
Cache sync 58 at Fri Mar 13 09:12:47 UTC 2026
Cache sync 59 at Fri Mar 13 09:12:47 UTC 2026
Cache sync 60 at Fri Mar 13 09:12:47 UTC 2026
Cache sync 61 at Fri Mar 13 09:12:47 UTC 2026
Cache sync 62 at Fri Mar 13 09:12:47 UTC 2026
Cache sync 1 at Fri Mar 13 12:10:14 UTC 2026
Cache sync 2 at Fri Mar 13 12:10:14 UTC 2026
Cache sync 3 at Fri Mar 13 12:10:14 UTC 2026
Cache sync 4 at Fri Mar 13 12:10:14 UTC 2026
Cache sync 5 at Fri Mar 13 12:10:14 UTC 2026
Cache sync 6 at Fri Mar 13 12:10:14 UTC 2026
Cache sync 7 at Fri Mar 13 12:10:14 UTC 2026
Cache sync 8 at Fri Mar 13 12:10:14 UTC 2026
Cache sync 9 at Fri Mar 13 12:10:14 UTC 2026
Cache sync 10 at Fri Mar 13 12:10:14 UTC 2026
Cache sync 11 at Fri Mar 13 12:10:14 UTC 2026
Cache sync 12 at Fri Mar 13 12:10:14 UTC 2026
Cache sync 13 at Fri Mar 13 12:10:14 UTC 2026
Cache sync 14 at Fri Mar 13 12:10:14 UTC 2026
Cache sync 15 at Fri Mar 13 12:10:14 UTC 2026
Cache sync 16 at Fri Mar 13 12:10:14 UTC 2026
Cache sync 17 at Fri Mar 13 12:10:14 UTC 2026
Cache sync 18 at Fri Mar 13 12:10:14 UTC 2026
Cache sync 19 at Fri Mar 13 12:10:14 UTC 2026
Cache sync 20 at Fri Mar 13 12:10:14 UTC 2026
Cache sync 21 at Fri Mar 13 12:10:14 UTC 2026
Cache sync 22 at Fri Mar 13 12:10:14 UTC 2026
Cache sync 23 at Fri Mar 13 12:10:14 UTC 2026
Cache sync 24 at Fri Mar 13 12:10:14 UTC 2026
Cache sync 25 at Fri Mar 13 12:10:14 UTC 2026
Cache sync 26 at Fri Mar 13 12:10:14 UTC 2026
Cache sync 27 at Fri Mar 13 12:10:14 UTC 2026
Cache sync 28 at Fri Mar 13 12:10:14 UTC 2026
Cache sync 29 at Fri Mar 13 12:10:14 UTC 2026
Cache sync 30 at Fri Mar 13 12:10:14 UTC 2026
Cache sync 31 at Fri Mar 13 12:10:14 UTC 2026
Cache sync 32 at Fri Mar 13 12:10:14 UTC 2026
Cache sync 33 at Fri Mar 13 12:10:14 UTC 2026
Cache sync 34 at Fri Mar 13 12:10:14 UTC 2026
Cache sync 35 at Fri Mar 13 12:10:14 UTC 2026
Cache sync 36 at Fri Mar 13 12:10:14 UTC 2026
Cache sync 37 at Fri Mar 13 12:10:14 UTC 2026
Cache sync 38 at Fri Mar 13 12:10:14 UTC 2026
Cache sync 39 at Fri Mar 13 12:10:14 UTC 2026
Cache sync 40 at Fri Mar 13 12:10:14 UTC 2026
Cache sync 41 at Fri Mar 13 12:10:14 UTC 2026
Cache sync 42 at Fri Mar 13 12:10:14 UTC 2026
Cache sync 43 at Fri Mar 13 12:10:14 UTC 2026
Cache sync 44 at Fri Mar 13 12:10:14 UTC 2026
Cache sync 45 at Fri Mar 13 12:10:14 UTC 2026
Cache sync 1 at Fri Mar 13 15:15:19 UTC 2026
Cache sync 2 at Fri Mar 13 15:15:19 UTC 2026
Cache sync 3 at Fri Mar 13 15:15:19 UTC 2026
Cache sync 4 at Fri Mar 13 15:15:19 UTC 2026
Cache sync 5 at Fri Mar 13 15:15:19 UTC 2026
Cache sync 6 at Fri Mar 13 15:15:19 UTC 2026
Cache sync 7 at Fri Mar 13 15:15:19 UTC 2026
Cache sync 8 at Fri Mar 13 15:15:19 UTC 2026
Cache sync 9 at Fri Mar 13 15:15:19 UTC 2026
Cache sync 10 at Fri Mar 13 15:15:19 UTC 2026
Cache sync 11 at Fri Mar 13 15:15:19 UTC 2026
Cache sync 12 at Fri Mar 13 15:15:19 UTC 2026
Cache sync 13 at Fri Mar 13 15:15:20 UTC 2026
Cache sync 14 at Fri Mar 13 15:15:20 UTC 2026
Cache sync 15 at Fri Mar 13 15:15:20 UTC 2026
Cache sync 16 at Fri Mar 13 15:15:20 UTC 2026
Cache sync 17 at Fri Mar 13 15:15:20 UTC 2026
Cache sync 18 at Fri Mar 13 15:15:20 UTC 2026
Cache sync 19 at Fri Mar 13 15:15:20 UTC 2026
Cache sync 20 at Fri Mar 13 15:15:20 UTC 2026
Cache sync 21 at Fri Mar 13 15:15:20 UTC 2026
Cache sync 22 at Fri Mar 13 15:15:20 UTC 2026
Cache sync 23 at Fri Mar 13 15:15:20 UTC 2026
Cache sync 24 at Fri Mar 13 15:15:20 UTC 2026
Cache sync 25 at Fri Mar 13 15:15:20 UTC 2026
Cache sync 26 at Fri Mar 13 15:15:20 UTC 2026
Cache sync 27 at Fri Mar 13 15:15:20 UTC 2026
Cache sync 28 at Fri Mar 13 15:15:20 UTC 2026
Cache sync 29 at Fri Mar 13 15:15:20 UTC 2026
Cache sync 30 at Fri Mar 13 15:15:20 UTC 2026
Cache sync 31 at Fri Mar 13 15:15:20 UTC 2026
Cache sync 32 at Fri Mar 13 15:15:20 UTC 2026
Cache sync 33 at Fri Mar 13 15:15:20 UTC 2026
Cache sync 34 at Fri Mar 13 15:15:20 UTC 2026
Cache sync 35 at Fri Mar 13 15:15:20 UTC 2026
Cache sync 36 at Fri Mar 13 15:15:20 UTC 2026
Cache sync 37 at Fri Mar 13 15:15:20 UTC 2026
Cache sync 38 at Fri Mar 13 15:15:20 UTC 2026
Cache sync 39 at Fri Mar 13 15:15:20 UTC 2026
Cache sync 40 at Fri Mar 13 15:15:20 UTC 2026
Cache sync 41 at Fri Mar 13 15:15:20 UTC 2026
Cache sync 42 at Fri Mar 13 15:15:20 UTC 2026
Cache sync 43 at Fri Mar 13 15:15:20 UTC 2026
Cache sync 44 at Fri Mar 13 15:15:20 UTC 2026
Cache sync 45 at Fri Mar 13 15:15:20 UTC 2026
Cache sync 46 at Fri Mar 13 15:15:20 UTC 2026
Cache sync 47 at Fri Mar 13 15:15:20 UTC 2026
Cache sync 48 at Fri Mar 13 15:15:20 UTC 2026
Cache sync 49 at Fri Mar 13 15:15:20 UTC 2026
Cache sync 50 at Fri Mar 13 15:15:20 UTC 2026
Cache sync 51 at Fri Mar 13 15:15:20 UTC 2026
Cache sync 52 at Fri Mar 13 15:15:20 UTC 2026
Cache sync 53 at Fri Mar 13 15:15:20 UTC 2026
Cache sync 54 at Fri Mar 13 15:15:20 UTC 2026
Cache sync 55 at Fri Mar 13 15:15:20 UTC 2026
Cache sync 56 at Fri Mar 13 15:15:20 UTC 2026
Cache sync 57 at Fri Mar 13 15:15:20 UTC 2026
Cache sync 58 at Fri Mar 13 15:15:20 UTC 2026
Cache sync 59 at Fri Mar 13 15:15:20 UTC 2026
Cache sync 60 at Fri Mar 13 15:15:20 UTC 2026
Cache sync 61 at Fri Mar 13 15:15:20 UTC 2026
Cache sync 62 at Fri Mar 13 15:15:20 UTC 2026
Cache sync 63 at Fri Mar 13 15:15:20 UTC 2026
Cache sync 64 at Fri Mar 13 15:15:20 UTC 2026
Cache sync 65 at Fri Mar 13 15:15:20 UTC 2026
Cache sync 66 at Fri Mar 13 15:15:20 UTC 2026
Cache sync 67 at Fri Mar 13 15:15:20 UTC 2026
Cache sync 68 at Fri Mar 13 15:15:20 UTC 2026
Cache sync 69 at Fri Mar 13 15:15:20 UTC 2026
Cache sync 70 at Fri Mar 13 15:15:20 UTC 2026
Cache sync 71 at Fri Mar 13 15:15:20 UTC 2026
Cache sync 72 at Fri Mar 13 15:15:20 UTC 2026
Cache sync 73 at Fri Mar 13 15:15:20 UTC 2026
Cache sync 74 at Fri Mar 13 15:15:20 UTC 2026
Cache sync 75 at Fri Mar 13 15:15:20 UTC 2026
Cache sync 76 at Fri Mar 13 15:15:20 UTC 2026
Cache sync 77 at Fri Mar 13 15:15:20 UTC 2026
Cache sync 78 at Fri Mar 13 15:15:20 UTC 2026
Cache sync 79 at Fri Mar 13 15:15:20 UTC 2026
Cache sync 80 at Fri Mar 13 15:15:20 UTC 2026
Cache sync 81 at Fri Mar 13 15:15:20 UTC 2026
Cache sync 1 at Fri Mar 13 18:10:33 UTC 2026
Cache sync 1 at Fri Mar 13 21:09:01 UTC 2026
Cache sync 2 at Fri Mar 13 21:09:01 UTC 2026
Cache sync 3 at Fri Mar 13 21:09:01 UTC 2026
Cache sync 4 at Fri Mar 13 21:09:01 UTC 2026
Cache sync 5 at Fri Mar 13 21:09:01 UTC 2026
Cache sync 6 at Fri Mar 13 21:09:01 UTC 2026
Cache sync 7 at Fri Mar 13 21:09:01 UTC 2026
Cache sync 8 at Fri Mar 13 21:09:01 UTC 2026
Cache sync 9 at Fri Mar 13 21:09:01 UTC 2026
Cache sync 10 at Fri Mar 13 21:09:01 UTC 2026
Cache sync 11 at Fri Mar 13 21:09:01 UTC 2026
Cache sync 12 at Fri Mar 13 21:09:01 UTC 2026
Cache sync 13 at Fri Mar 13 21:09:01 UTC 2026
Cache sync 14 at Fri Mar 13 21:09:01 UTC 2026
Cache sync 15 at Fri Mar 13 21:09:01 UTC 2026
Cache sync 16 at Fri Mar 13 21:09:01 UTC 2026
Cache sync 17 at Fri Mar 13 21:09:01 UTC 2026
Cache sync 18 at Fri Mar 13 21:09:01 UTC 2026
Cache sync 19 at Fri Mar 13 21:09:01 UTC 2026
Cache sync 20 at Fri Mar 13 21:09:01 UTC 2026
Cache sync 21 at Fri Mar 13 21:09:01 UTC 2026
Cache sync 1 at Sat Mar 14 03:46:56 UTC 2026
Cache sync 2 at Sat Mar 14 03:46:56 UTC 2026
Cache sync 3 at Sat Mar 14 03:46:56 UTC 2026
Cache sync 4 at Sat Mar 14 03:46:56 UTC 2026
Cache sync 5 at Sat Mar 14 03:46:56 UTC 2026
Cache sync 6 at Sat Mar 14 03:46:56 UTC 2026
Cache sync 7 at Sat Mar 14 03:46:56 UTC 2026
Cache sync 8 at Sat Mar 14 03:46:56 UTC 2026
Cache sync 9 at Sat Mar 14 03:46:56 UTC 2026
Cache sync 10 at Sat Mar 14 03:46:56 UTC 2026
Cache sync 11 at Sat Mar 14 03:46:56 UTC 2026
Cache sync 12 at Sat Mar 14 03:46:56 UTC 2026
Cache sync 13 at Sat Mar 14 03:46:56 UTC 2026
Cache sync 14 at Sat Mar 14 03:46:56 UTC 2026
Cache sync 15 at Sat Mar 14 03:46:56 UTC 2026
Cache sync 16 at Sat Mar 14 03:46:56 UTC 2026
Cache sync 17 at Sat Mar 14 03:46:56 UTC 2026
Cache sync 18 at Sat Mar 14 03:46:56 UTC 2026
Cache sync 19 at Sat Mar 14 03:46:56 UTC 2026
Cache sync 20 at Sat Mar 14 03:46:56 UTC 2026
Cache sync 21 at Sat Mar 14 03:46:56 UTC 2026
Cache sync 22 at Sat Mar 14 03:46:56 UTC 2026
Cache sync 23 at Sat Mar 14 03:46:56 UTC 2026
Cache sync 24 at Sat Mar 14 03:46:56 UTC 2026
Cache sync 25 at Sat Mar 14 03:46:56 UTC 2026
Cache sync 26 at Sat Mar 14 03:46:56 UTC 2026
Cache sync 27 at Sat Mar 14 03:46:56 UTC 2026
Cache sync 28 at Sat Mar 14 03:46:56 UTC 2026
Cache sync 29 at Sat Mar 14 03:46:56 UTC 2026
Cache sync 30 at Sat Mar 14 03:46:56 UTC 2026
Cache sync 31 at Sat Mar 14 03:46:56 UTC 2026
Cache sync 32 at Sat Mar 14 03:46:56 UTC 2026
Cache sync 33 at Sat Mar 14 03:46:56 UTC 2026
Cache sync 34 at Sat Mar 14 03:46:56 UTC 2026
Cache sync 35 at Sat Mar 14 03:46:56 UTC 2026
Cache sync 36 at Sat Mar 14 03:46:56 UTC 2026
Cache sync 37 at Sat Mar 14 03:46:56 UTC 2026
Cache sync 38 at Sat Mar 14 03:46:56 UTC 2026
Cache sync 39 at Sat Mar 14 03:46:56 UTC 2026
Cache sync 40 at Sat Mar 14 03:46:56 UTC 2026
Cache sync 41 at Sat Mar 14 03:46:56 UTC 2026
Cache sync 42 at Sat Mar 14 03:46:56 UTC 2026
Cache sync 43 at Sat Mar 14 03:46:56 UTC 2026
Cache sync 44 at Sat Mar 14 03:46:56 UTC 2026
Cache sync 45 at Sat Mar 14 03:46:56 UTC 2026
Cache sync 46 at Sat Mar 14 03:46:56 UTC 2026
Cache sync 47 at Sat Mar 14 03:46:56 UTC 2026
Cache sync 48 at Sat Mar 14 03:46:56 UTC 2026
Cache sync 49 at Sat Mar 14 03:46:56 UTC 2026
Cache sync 50 at Sat Mar 14 03:46:56 UTC 2026
Cache sync 51 at Sat Mar 14 03:46:56 UTC 2026
Cache sync 52 at Sat Mar 14 03:46:56 UTC 2026
Cache sync 53 at Sat Mar 14 03:46:56 UTC 2026
Cache sync 54 at Sat Mar 14 03:46:56 UTC 2026
Cache sync 55 at Sat Mar 14 03:46:56 UTC 2026
Cache sync 56 at Sat Mar 14 03:46:56 UTC 2026
Cache sync 57 at Sat Mar 14 03:46:56 UTC 2026
Cache sync 58 at Sat Mar 14 03:46:56 UTC 2026
Cache sync 59 at Sat Mar 14 03:46:56 UTC 2026
Cache sync 60 at Sat Mar 14 03:46:56 UTC 2026
Cache sync 61 at Sat Mar 14 03:46:57 UTC 2026
Cache sync 62 at Sat Mar 14 03:46:57 UTC 2026
Cache sync 63 at Sat Mar 14 03:46:57 UTC 2026
Cache sync 64 at Sat Mar 14 03:46:57 UTC 2026
Cache sync 65 at Sat Mar 14 03:46:57 UTC 2026
Cache sync 66 at Sat Mar 14 03:46:57 UTC 2026
Cache sync 67 at Sat Mar 14 03:46:57 UTC 2026
Cache sync 68 at Sat Mar 14 03:46:57 UTC 2026
Cache sync 69 at Sat Mar 14 03:46:57 UTC 2026
Cache sync 70 at Sat Mar 14 03:46:57 UTC 2026
Cache sync 71 at Sat Mar 14 03:46:57 UTC 2026
Cache sync 1 at Sat Mar 14 06:14:54 UTC 2026
Cache sync 2 at Sat Mar 14 06:14:54 UTC 2026
Cache sync 3 at Sat Mar 14 06:14:54 UTC 2026
Cache sync 4 at Sat Mar 14 06:14:54 UTC 2026
Cache sync 5 at Sat Mar 14 06:14:54 UTC 2026
Cache sync 6 at Sat Mar 14 06:14:54 UTC 2026
Cache sync 7 at Sat Mar 14 06:14:54 UTC 2026
Cache sync 8 at Sat Mar 14 06:14:54 UTC 2026
Cache sync 9 at Sat Mar 14 06:14:54 UTC 2026
Cache sync 10 at Sat Mar 14 06:14:54 UTC 2026
Cache sync 11 at Sat Mar 14 06:14:54 UTC 2026
Cache sync 12 at Sat Mar 14 06:14:54 UTC 2026
Cache sync 13 at Sat Mar 14 06:14:54 UTC 2026
Cache sync 14 at Sat Mar 14 06:14:54 UTC 2026
Cache sync 15 at Sat Mar 14 06:14:54 UTC 2026
Cache sync 16 at Sat Mar 14 06:14:54 UTC 2026
Cache sync 17 at Sat Mar 14 06:14:54 UTC 2026
Cache sync 18 at Sat Mar 14 06:14:54 UTC 2026
Cache sync 19 at Sat Mar 14 06:14:54 UTC 2026
Cache sync 20 at Sat Mar 14 06:14:54 UTC 2026
Cache sync 21 at Sat Mar 14 06:14:54 UTC 2026
Cache sync 22 at Sat Mar 14 06:14:54 UTC 2026
Cache sync 23 at Sat Mar 14 06:14:54 UTC 2026
Cache sync 24 at Sat Mar 14 06:14:54 UTC 2026
Cache sync 25 at Sat Mar 14 06:14:54 UTC 2026
Cache sync 1 at Sat Mar 14 09:09:46 UTC 2026
Cache sync 2 at Sat Mar 14 09:09:46 UTC 2026
Cache sync 3 at Sat Mar 14 09:09:46 UTC 2026
Cache sync 4 at Sat Mar 14 09:09:46 UTC 2026
Cache sync 5 at Sat Mar 14 09:09:46 UTC 2026
Cache sync 6 at Sat Mar 14 09:09:46 UTC 2026
Cache sync 7 at Sat Mar 14 09:09:46 UTC 2026
Cache sync 8 at Sat Mar 14 09:09:46 UTC 2026
Cache sync 9 at Sat Mar 14 09:09:46 UTC 2026
Cache sync 10 at Sat Mar 14 09:09:46 UTC 2026
Cache sync 11 at Sat Mar 14 09:09:46 UTC 2026
Cache sync 12 at Sat Mar 14 09:09:46 UTC 2026
Cache sync 13 at Sat Mar 14 09:09:46 UTC 2026
Cache sync 14 at Sat Mar 14 09:09:46 UTC 2026
Cache sync 15 at Sat Mar 14 09:09:46 UTC 2026
Cache sync 16 at Sat Mar 14 09:09:46 UTC 2026
Cache sync 17 at Sat Mar 14 09:09:46 UTC 2026
Cache sync 18 at Sat Mar 14 09:09:46 UTC 2026
Cache sync 19 at Sat Mar 14 09:09:46 UTC 2026
Cache sync 20 at Sat Mar 14 09:09:46 UTC 2026
Cache sync 21 at Sat Mar 14 09:09:46 UTC 2026
Cache sync 22 at Sat Mar 14 09:09:47 UTC 2026
Cache sync 23 at Sat Mar 14 09:09:47 UTC 2026
Cache sync 24 at Sat Mar 14 09:09:47 UTC 2026
Cache sync 25 at Sat Mar 14 09:09:47 UTC 2026
Cache sync 26 at Sat Mar 14 09:09:47 UTC 2026
Cache sync 27 at Sat Mar 14 09:09:47 UTC 2026
Cache sync 28 at Sat Mar 14 09:09:47 UTC 2026
Cache sync 29 at Sat Mar 14 09:09:47 UTC 2026
Cache sync 30 at Sat Mar 14 09:09:47 UTC 2026
Cache sync 31 at Sat Mar 14 09:09:47 UTC 2026
Cache sync 32 at Sat Mar 14 09:09:47 UTC 2026
Cache sync 33 at Sat Mar 14 09:09:47 UTC 2026
Cache sync 34 at Sat Mar 14 09:09:47 UTC 2026
Cache sync 35 at Sat Mar 14 09:09:47 UTC 2026
Cache sync 36 at Sat Mar 14 09:09:47 UTC 2026
Cache sync 37 at Sat Mar 14 09:09:47 UTC 2026
Cache sync 38 at Sat Mar 14 09:09:47 UTC 2026
Cache sync 39 at Sat Mar 14 09:09:47 UTC 2026
Cache sync 40 at Sat Mar 14 09:09:47 UTC 2026
Cache sync 41 at Sat Mar 14 09:09:47 UTC 2026
Cache sync 42 at Sat Mar 14 09:09:47 UTC 2026
Cache sync 43 at Sat Mar 14 09:09:47 UTC 2026
Cache sync 44 at Sat Mar 14 09:09:47 UTC 2026
Cache sync 45 at Sat Mar 14 09:09:47 UTC 2026
Cache sync 46 at Sat Mar 14 09:09:47 UTC 2026
Cache sync 47 at Sat Mar 14 09:09:47 UTC 2026
Cache sync 48 at Sat Mar 14 09:09:47 UTC 2026
Cache sync 49 at Sat Mar 14 09:09:47 UTC 2026
Cache sync 50 at Sat Mar 14 09:09:47 UTC 2026
Cache sync 51 at Sat Mar 14 09:09:47 UTC 2026
Cache sync 52 at Sat Mar 14 09:09:47 UTC 2026
Cache sync 53 at Sat Mar 14 09:09:47 UTC 2026
Cache sync 54 at Sat Mar 14 09:09:47 UTC 2026
Cache sync 55 at Sat Mar 14 09:09:47 UTC 2026
Cache sync 56 at Sat Mar 14 09:09:47 UTC 2026
Cache sync 57 at Sat Mar 14 09:09:47 UTC 2026
Cache sync 1 at Sat Mar 14 12:07:12 UTC 2026
Cache sync 2 at Sat Mar 14 12:07:12 UTC 2026
Cache sync 3 at Sat Mar 14 12:07:12 UTC 2026
Cache sync 4 at Sat Mar 14 12:07:12 UTC 2026
Cache sync 5 at Sat Mar 14 12:07:12 UTC 2026
Cache sync 6 at Sat Mar 14 12:07:12 UTC 2026
Cache sync 7 at Sat Mar 14 12:07:12 UTC 2026
Cache sync 8 at Sat Mar 14 12:07:12 UTC 2026
Cache sync 9 at Sat Mar 14 12:07:12 UTC 2026
Cache sync 10 at Sat Mar 14 12:07:12 UTC 2026
Cache sync 11 at Sat Mar 14 12:07:12 UTC 2026
Cache sync 12 at Sat Mar 14 12:07:12 UTC 2026
Cache sync 13 at Sat Mar 14 12:07:12 UTC 2026
Cache sync 14 at Sat Mar 14 12:07:12 UTC 2026
Cache sync 15 at Sat Mar 14 12:07:12 UTC 2026
Cache sync 16 at Sat Mar 14 12:07:12 UTC 2026
Cache sync 17 at Sat Mar 14 12:07:12 UTC 2026
Cache sync 18 at Sat Mar 14 12:07:12 UTC 2026
Cache sync 19 at Sat Mar 14 12:07:12 UTC 2026
Cache sync 20 at Sat Mar 14 12:07:12 UTC 2026
Cache sync 21 at Sat Mar 14 12:07:12 UTC 2026
Cache sync 22 at Sat Mar 14 12:07:12 UTC 2026
Cache sync 23 at Sat Mar 14 12:07:12 UTC 2026
Cache sync 24 at Sat Mar 14 12:07:12 UTC 2026
Cache sync 25 at Sat Mar 14 12:07:12 UTC 2026
Cache sync 26 at Sat Mar 14 12:07:12 UTC 2026
Cache sync 27 at Sat Mar 14 12:07:12 UTC 2026
Cache sync 28 at Sat Mar 14 12:07:12 UTC 2026
Cache sync 29 at Sat Mar 14 12:07:12 UTC 2026
Cache sync 30 at Sat Mar 14 12:07:12 UTC 2026
Cache sync 31 at Sat Mar 14 12:07:12 UTC 2026
Cache sync 32 at Sat Mar 14 12:07:12 UTC 2026
Cache sync 33 at Sat Mar 14 12:07:12 UTC 2026
Cache sync 34 at Sat Mar 14 12:07:12 UTC 2026
Cache sync 35 at Sat Mar 14 12:07:12 UTC 2026
Cache sync 36 at Sat Mar 14 12:07:12 UTC 2026
Cache sync 37 at Sat Mar 14 12:07:12 UTC 2026
Cache sync 38 at Sat Mar 14 12:07:12 UTC 2026
Cache sync 39 at Sat Mar 14 12:07:12 UTC 2026
Cache sync 40 at Sat Mar 14 12:07:12 UTC 2026
Cache sync 41 at Sat Mar 14 12:07:12 UTC 2026
Cache sync 42 at Sat Mar 14 12:07:12 UTC 2026
Cache sync 43 at Sat Mar 14 12:07:12 UTC 2026
Cache sync 44 at Sat Mar 14 12:07:12 UTC 2026
Cache sync 45 at Sat Mar 14 12:07:12 UTC 2026
Cache sync 46 at Sat Mar 14 12:07:12 UTC 2026
Cache sync 47 at Sat Mar 14 12:07:12 UTC 2026
Cache sync 48 at Sat Mar 14 12:07:12 UTC 2026
Cache sync 49 at Sat Mar 14 12:07:13 UTC 2026
Cache sync 50 at Sat Mar 14 12:07:13 UTC 2026
Cache sync 51 at Sat Mar 14 12:07:13 UTC 2026
Cache sync 52 at Sat Mar 14 12:07:13 UTC 2026
Cache sync 53 at Sat Mar 14 12:07:13 UTC 2026
Cache sync 54 at Sat Mar 14 12:07:13 UTC 2026
Cache sync 55 at Sat Mar 14 12:07:13 UTC 2026
Cache sync 56 at Sat Mar 14 12:07:13 UTC 2026
Cache sync 57 at Sat Mar 14 12:07:13 UTC 2026
Cache sync 58 at Sat Mar 14 12:07:13 UTC 2026
Cache sync 59 at Sat Mar 14 12:07:13 UTC 2026
Cache sync 60 at Sat Mar 14 12:07:13 UTC 2026
Cache sync 61 at Sat Mar 14 12:07:13 UTC 2026
Cache sync 62 at Sat Mar 14 12:07:13 UTC 2026
Cache sync 63 at Sat Mar 14 12:07:13 UTC 2026
Cache sync 64 at Sat Mar 14 12:07:13 UTC 2026
Cache sync 65 at Sat Mar 14 12:07:13 UTC 2026
Cache sync 66 at Sat Mar 14 12:07:13 UTC 2026
Cache sync 67 at Sat Mar 14 12:07:13 UTC 2026
Cache sync 68 at Sat Mar 14 12:07:13 UTC 2026
Cache sync 69 at Sat Mar 14 12:07:13 UTC 2026
Cache sync 70 at Sat Mar 14 12:07:13 UTC 2026
Cache sync 71 at Sat Mar 14 12:07:13 UTC 2026
Cache sync 72 at Sat Mar 14 12:07:13 UTC 2026
Cache sync 73 at Sat Mar 14 12:07:13 UTC 2026
Cache sync 74 at Sat Mar 14 12:07:13 UTC 2026
Cache sync 75 at Sat Mar 14 12:07:13 UTC 2026
Cache sync 76 at Sat Mar 14 12:07:13 UTC 2026
Cache sync 77 at Sat Mar 14 12:07:13 UTC 2026
Cache sync 78 at Sat Mar 14 12:07:13 UTC 2026
Cache sync 1 at Sat Mar 14 15:07:09 UTC 2026
Cache sync 2 at Sat Mar 14 15:07:09 UTC 2026
Cache sync 3 at Sat Mar 14 15:07:09 UTC 2026
Cache sync 4 at Sat Mar 14 15:07:09 UTC 2026
Cache sync 5 at Sat Mar 14 15:07:09 UTC 2026
Cache sync 6 at Sat Mar 14 15:07:09 UTC 2026
Cache sync 7 at Sat Mar 14 15:07:09 UTC 2026
Cache sync 8 at Sat Mar 14 15:07:09 UTC 2026
Cache sync 9 at Sat Mar 14 15:07:09 UTC 2026
Cache sync 10 at Sat Mar 14 15:07:09 UTC 2026
Cache sync 11 at Sat Mar 14 15:07:09 UTC 2026
Cache sync 12 at Sat Mar 14 15:07:09 UTC 2026
Cache sync 13 at Sat Mar 14 15:07:09 UTC 2026
Cache sync 14 at Sat Mar 14 15:07:09 UTC 2026
Cache sync 15 at Sat Mar 14 15:07:09 UTC 2026
Cache sync 16 at Sat Mar 14 15:07:10 UTC 2026
Cache sync 17 at Sat Mar 14 15:07:10 UTC 2026
Cache sync 18 at Sat Mar 14 15:07:10 UTC 2026
Cache sync 19 at Sat Mar 14 15:07:10 UTC 2026
Cache sync 20 at Sat Mar 14 15:07:10 UTC 2026
Cache sync 21 at Sat Mar 14 15:07:10 UTC 2026
Cache sync 22 at Sat Mar 14 15:07:10 UTC 2026
Cache sync 23 at Sat Mar 14 15:07:10 UTC 2026
Cache sync 1 at Sat Mar 14 18:06:52 UTC 2026
Cache sync 2 at Sat Mar 14 18:06:52 UTC 2026
Cache sync 3 at Sat Mar 14 18:06:52 UTC 2026
Cache sync 4 at Sat Mar 14 18:06:52 UTC 2026
Cache sync 5 at Sat Mar 14 18:06:52 UTC 2026
Cache sync 6 at Sat Mar 14 18:06:52 UTC 2026
Cache sync 7 at Sat Mar 14 18:06:52 UTC 2026
Cache sync 8 at Sat Mar 14 18:06:52 UTC 2026
Cache sync 9 at Sat Mar 14 18:06:52 UTC 2026
Cache sync 10 at Sat Mar 14 18:06:52 UTC 2026
Cache sync 11 at Sat Mar 14 18:06:52 UTC 2026
Cache sync 12 at Sat Mar 14 18:06:52 UTC 2026
Cache sync 13 at Sat Mar 14 18:06:52 UTC 2026
Cache sync 14 at Sat Mar 14 18:06:52 UTC 2026
Cache sync 15 at Sat Mar 14 18:06:52 UTC 2026
Cache sync 16 at Sat Mar 14 18:06:52 UTC 2026
Cache sync 17 at Sat Mar 14 18:06:52 UTC 2026
Cache sync 18 at Sat Mar 14 18:06:52 UTC 2026
Cache sync 19 at Sat Mar 14 18:06:52 UTC 2026
Cache sync 20 at Sat Mar 14 18:06:52 UTC 2026
Cache sync 21 at Sat Mar 14 18:06:52 UTC 2026
Cache sync 22 at Sat Mar 14 18:06:52 UTC 2026
Cache sync 23 at Sat Mar 14 18:06:52 UTC 2026
Cache sync 24 at Sat Mar 14 18:06:52 UTC 2026
Cache sync 25 at Sat Mar 14 18:06:52 UTC 2026
Cache sync 26 at Sat Mar 14 18:06:52 UTC 2026
Cache sync 27 at Sat Mar 14 18:06:52 UTC 2026
Cache sync 28 at Sat Mar 14 18:06:52 UTC 2026
Cache sync 29 at Sat Mar 14 18:06:53 UTC 2026
Cache sync 30 at Sat Mar 14 18:06:53 UTC 2026
Cache sync 31 at Sat Mar 14 18:06:53 UTC 2026
Cache sync 32 at Sat Mar 14 18:06:53 UTC 2026
Cache sync 33 at Sat Mar 14 18:06:53 UTC 2026
Cache sync 34 at Sat Mar 14 18:06:53 UTC 2026
Cache sync 35 at Sat Mar 14 18:06:53 UTC 2026
Cache sync 36 at Sat Mar 14 18:06:53 UTC 2026
Cache sync 37 at Sat Mar 14 18:06:53 UTC 2026
Cache sync 38 at Sat Mar 14 18:06:53 UTC 2026
Cache sync 39 at Sat Mar 14 18:06:53 UTC 2026
Cache sync 40 at Sat Mar 14 18:06:53 UTC 2026
Cache sync 41 at Sat Mar 14 18:06:53 UTC 2026
Cache sync 42 at Sat Mar 14 18:06:53 UTC 2026
Cache sync 43 at Sat Mar 14 18:06:53 UTC 2026
Cache sync 44 at Sat Mar 14 18:06:53 UTC 2026
Cache sync 45 at Sat Mar 14 18:06:53 UTC 2026
Cache sync 46 at Sat Mar 14 18:06:53 UTC 2026
Cache sync 47 at Sat Mar 14 18:06:53 UTC 2026
Cache sync 48 at Sat Mar 14 18:06:53 UTC 2026
Cache sync 49 at Sat Mar 14 18:06:53 UTC 2026
Cache sync 50 at Sat Mar 14 18:06:53 UTC 2026
Cache sync 51 at Sat Mar 14 18:06:53 UTC 2026
Cache sync 52 at Sat Mar 14 18:06:53 UTC 2026
Cache sync 53 at Sat Mar 14 18:06:53 UTC 2026
Cache sync 54 at Sat Mar 14 18:06:53 UTC 2026
Cache sync 55 at Sat Mar 14 18:06:53 UTC 2026
Cache sync 56 at Sat Mar 14 18:06:53 UTC 2026
Cache sync 57 at Sat Mar 14 18:06:53 UTC 2026
Cache sync 58 at Sat Mar 14 18:06:53 UTC 2026
Cache sync 59 at Sat Mar 14 18:06:53 UTC 2026
Cache sync 60 at Sat Mar 14 18:06:53 UTC 2026
Cache sync 61 at Sat Mar 14 18:06:53 UTC 2026
Cache sync 62 at Sat Mar 14 18:06:53 UTC 2026
Cache sync 63 at Sat Mar 14 18:06:53 UTC 2026
Cache sync 64 at Sat Mar 14 18:06:53 UTC 2026
Cache sync 65 at Sat Mar 14 18:06:53 UTC 2026
Cache sync 66 at Sat Mar 14 18:06:53 UTC 2026
Cache sync 67 at Sat Mar 14 18:06:53 UTC 2026
Cache sync 68 at Sat Mar 14 18:06:53 UTC 2026
Cache sync 69 at Sat Mar 14 18:06:53 UTC 2026
Cache sync 70 at Sat Mar 14 18:06:53 UTC 2026
Cache sync 71 at Sat Mar 14 18:06:53 UTC 2026
Cache sync 72 at Sat Mar 14 18:06:53 UTC 2026
Cache sync 73 at Sat Mar 14 18:06:53 UTC 2026
Cache sync 74 at Sat Mar 14 18:06:53 UTC 2026
Cache sync 1 at Sun Mar 15 00:20:18 UTC 2026
Cache sync 2 at Sun Mar 15 00:20:18 UTC 2026
Cache sync 3 at Sun Mar 15 00:20:18 UTC 2026
Cache sync 4 at Sun Mar 15 00:20:18 UTC 2026
Cache sync 5 at Sun Mar 15 00:20:18 UTC 2026
Cache sync 6 at Sun Mar 15 00:20:18 UTC 2026
Cache sync 7 at Sun Mar 15 00:20:18 UTC 2026
Cache sync 8 at Sun Mar 15 00:20:18 UTC 2026
Cache sync 9 at Sun Mar 15 00:20:18 UTC 2026
Cache sync 10 at Sun Mar 15 00:20:18 UTC 2026
Cache sync 11 at Sun Mar 15 00:20:18 UTC 2026
Cache sync 12 at Sun Mar 15 00:20:18 UTC 2026
Cache sync 13 at Sun Mar 15 00:20:18 UTC 2026
Cache sync 14 at Sun Mar 15 00:20:18 UTC 2026
Cache sync 15 at Sun Mar 15 00:20:18 UTC 2026
Cache sync 16 at Sun Mar 15 00:20:18 UTC 2026
Cache sync 17 at Sun Mar 15 00:20:18 UTC 2026
Cache sync 18 at Sun Mar 15 00:20:18 UTC 2026
Cache sync 19 at Sun Mar 15 00:20:18 UTC 2026
Cache sync 20 at Sun Mar 15 00:20:18 UTC 2026
Cache sync 21 at Sun Mar 15 00:20:18 UTC 2026
Cache sync 22 at Sun Mar 15 00:20:18 UTC 2026
Cache sync 23 at Sun Mar 15 00:20:18 UTC 2026
Cache sync 24 at Sun Mar 15 00:20:18 UTC 2026
Cache sync 25 at Sun Mar 15 00:20:18 UTC 2026
Cache sync 26 at Sun Mar 15 00:20:18 UTC 2026
Cache sync 27 at Sun Mar 15 00:20:18 UTC 2026
Cache sync 28 at Sun Mar 15 00:20:18 UTC 2026
Cache sync 29 at Sun Mar 15 00:20:18 UTC 2026
Cache sync 30 at Sun Mar 15 00:20:18 UTC 2026
Cache sync 31 at Sun Mar 15 00:20:18 UTC 2026
Cache sync 32 at Sun Mar 15 00:20:18 UTC 2026
Cache sync 33 at Sun Mar 15 00:20:18 UTC 2026
Cache sync 34 at Sun Mar 15 00:20:18 UTC 2026
Cache sync 35 at Sun Mar 15 00:20:18 UTC 2026
Cache sync 36 at Sun Mar 15 00:20:18 UTC 2026
Cache sync 37 at Sun Mar 15 00:20:18 UTC 2026
Cache sync 38 at Sun Mar 15 00:20:18 UTC 2026
Cache sync 39 at Sun Mar 15 00:20:18 UTC 2026
Cache sync 40 at Sun Mar 15 00:20:18 UTC 2026
Cache sync 41 at Sun Mar 15 00:20:18 UTC 2026
Cache sync 42 at Sun Mar 15 00:20:18 UTC 2026
Cache sync 43 at Sun Mar 15 00:20:18 UTC 2026
Cache sync 44 at Sun Mar 15 00:20:18 UTC 2026
Cache sync 45 at Sun Mar 15 00:20:18 UTC 2026
Cache sync 46 at Sun Mar 15 00:20:18 UTC 2026
Cache sync 47 at Sun Mar 15 00:20:18 UTC 2026
Cache sync 48 at Sun Mar 15 00:20:18 UTC 2026
Cache sync 49 at Sun Mar 15 00:20:18 UTC 2026
Cache sync 50 at Sun Mar 15 00:20:18 UTC 2026
Cache sync 51 at Sun Mar 15 00:20:18 UTC 2026
Cache sync 52 at Sun Mar 15 00:20:18 UTC 2026
Cache sync 53 at Sun Mar 15 00:20:18 UTC 2026
Cache sync 54 at Sun Mar 15 00:20:18 UTC 2026
Cache sync 55 at Sun Mar 15 00:20:18 UTC 2026
Cache sync 56 at Sun Mar 15 00:20:19 UTC 2026
Cache sync 57 at Sun Mar 15 00:20:19 UTC 2026
Cache sync 58 at Sun Mar 15 00:20:19 UTC 2026
Cache sync 59 at Sun Mar 15 00:20:19 UTC 2026
Cache sync 60 at Sun Mar 15 00:20:19 UTC 2026
Cache sync 61 at Sun Mar 15 00:20:19 UTC 2026
Cache sync 62 at Sun Mar 15 00:20:19 UTC 2026
Cache sync 1 at Sun Mar 15 03:57:52 UTC 2026
Cache sync 2 at Sun Mar 15 03:57:52 UTC 2026
Cache sync 3 at Sun Mar 15 03:57:52 UTC 2026
Cache sync 1 at Sun Mar 15 06:20:05 UTC 2026
Cache sync 2 at Sun Mar 15 06:20:05 UTC 2026
Cache sync 3 at Sun Mar 15 06:20:05 UTC 2026
Cache sync 4 at Sun Mar 15 06:20:05 UTC 2026
Cache sync 5 at Sun Mar 15 06:20:05 UTC 2026
Cache sync 6 at Sun Mar 15 06:20:05 UTC 2026
Cache sync 7 at Sun Mar 15 06:20:05 UTC 2026
Cache sync 8 at Sun Mar 15 06:20:05 UTC 2026
Cache sync 9 at Sun Mar 15 06:20:05 UTC 2026
Cache sync 10 at Sun Mar 15 06:20:05 UTC 2026
Cache sync 11 at Sun Mar 15 06:20:05 UTC 2026
Cache sync 12 at Sun Mar 15 06:20:05 UTC 2026
Cache sync 13 at Sun Mar 15 06:20:05 UTC 2026
Cache sync 14 at Sun Mar 15 06:20:05 UTC 2026
Cache sync 15 at Sun Mar 15 06:20:05 UTC 2026
Cache sync 16 at Sun Mar 15 06:20:05 UTC 2026
Cache sync 17 at Sun Mar 15 06:20:05 UTC 2026
Cache sync 18 at Sun Mar 15 06:20:05 UTC 2026
Cache sync 19 at Sun Mar 15 06:20:05 UTC 2026
Cache sync 20 at Sun Mar 15 06:20:05 UTC 2026
Cache sync 21 at Sun Mar 15 06:20:05 UTC 2026
Cache sync 22 at Sun Mar 15 06:20:05 UTC 2026
Cache sync 23 at Sun Mar 15 06:20:05 UTC 2026
Cache sync 24 at Sun Mar 15 06:20:05 UTC 2026
Cache sync 25 at Sun Mar 15 06:20:05 UTC 2026
Cache sync 26 at Sun Mar 15 06:20:05 UTC 2026
Cache sync 27 at Sun Mar 15 06:20:05 UTC 2026
Cache sync 28 at Sun Mar 15 06:20:05 UTC 2026
Cache sync 29 at Sun Mar 15 06:20:05 UTC 2026
Cache sync 30 at Sun Mar 15 06:20:05 UTC 2026
Cache sync 31 at Sun Mar 15 06:20:05 UTC 2026
Cache sync 32 at Sun Mar 15 06:20:05 UTC 2026
Cache sync 33 at Sun Mar 15 06:20:05 UTC 2026
Cache sync 34 at Sun Mar 15 06:20:05 UTC 2026
Cache sync 1 at Sun Mar 15 09:10:30 UTC 2026
Cache sync 2 at Sun Mar 15 09:10:30 UTC 2026
Cache sync 3 at Sun Mar 15 09:10:30 UTC 2026
Cache sync 4 at Sun Mar 15 09:10:30 UTC 2026
Cache sync 5 at Sun Mar 15 09:10:30 UTC 2026
Cache sync 6 at Sun Mar 15 09:10:30 UTC 2026
Cache sync 1 at Sun Mar 15 12:07:34 UTC 2026
Cache sync 2 at Sun Mar 15 12:07:34 UTC 2026
Cache sync 3 at Sun Mar 15 12:07:34 UTC 2026
Cache sync 4 at Sun Mar 15 12:07:34 UTC 2026
Cache sync 5 at Sun Mar 15 12:07:34 UTC 2026
Cache sync 6 at Sun Mar 15 12:07:34 UTC 2026
Cache sync 7 at Sun Mar 15 12:07:34 UTC 2026
Cache sync 8 at Sun Mar 15 12:07:34 UTC 2026
Cache sync 9 at Sun Mar 15 12:07:34 UTC 2026
Cache sync 10 at Sun Mar 15 12:07:34 UTC 2026
Cache sync 11 at Sun Mar 15 12:07:34 UTC 2026
Cache sync 12 at Sun Mar 15 12:07:34 UTC 2026
Cache sync 13 at Sun Mar 15 12:07:34 UTC 2026
Cache sync 14 at Sun Mar 15 12:07:34 UTC 2026
Cache sync 15 at Sun Mar 15 12:07:34 UTC 2026
Cache sync 16 at Sun Mar 15 12:07:34 UTC 2026
Cache sync 17 at Sun Mar 15 12:07:34 UTC 2026
Cache sync 18 at Sun Mar 15 12:07:34 UTC 2026
Cache sync 19 at Sun Mar 15 12:07:34 UTC 2026
Cache sync 20 at Sun Mar 15 12:07:34 UTC 2026
Cache sync 21 at Sun Mar 15 12:07:34 UTC 2026
Cache sync 22 at Sun Mar 15 12:07:34 UTC 2026
Cache sync 23 at Sun Mar 15 12:07:34 UTC 2026
Cache sync 24 at Sun Mar 15 12:07:34 UTC 2026
Cache sync 25 at Sun Mar 15 12:07:34 UTC 2026
Cache sync 26 at Sun Mar 15 12:07:34 UTC 2026
Cache sync 27 at Sun Mar 15 12:07:34 UTC 2026
Cache sync 28 at Sun Mar 15 12:07:34 UTC 2026
Cache sync 29 at Sun Mar 15 12:07:34 UTC 2026
Cache sync 30 at Sun Mar 15 12:07:34 UTC 2026
Cache sync 31 at Sun Mar 15 12:07:34 UTC 2026
Cache sync 1 at Sun Mar 15 15:07:52 UTC 2026
Cache sync 2 at Sun Mar 15 15:07:52 UTC 2026
Cache sync 3 at Sun Mar 15 15:07:52 UTC 2026
Cache sync 4 at Sun Mar 15 15:07:52 UTC 2026
Cache sync 5 at Sun Mar 15 15:07:52 UTC 2026
Cache sync 6 at Sun Mar 15 15:07:52 UTC 2026
Cache sync 7 at Sun Mar 15 15:07:52 UTC 2026
Cache sync 8 at Sun Mar 15 15:07:52 UTC 2026
Cache sync 9 at Sun Mar 15 15:07:52 UTC 2026
Cache sync 10 at Sun Mar 15 15:07:52 UTC 2026
Cache sync 11 at Sun Mar 15 15:07:52 UTC 2026
Cache sync 12 at Sun Mar 15 15:07:52 UTC 2026
Cache sync 13 at Sun Mar 15 15:07:52 UTC 2026
Cache sync 14 at Sun Mar 15 15:07:52 UTC 2026
Cache sync 15 at Sun Mar 15 15:07:52 UTC 2026
Cache sync 16 at Sun Mar 15 15:07:52 UTC 2026
Cache sync 17 at Sun Mar 15 15:07:52 UTC 2026
Cache sync 18 at Sun Mar 15 15:07:52 UTC 2026
Cache sync 19 at Sun Mar 15 15:07:52 UTC 2026
Cache sync 20 at Sun Mar 15 15:07:52 UTC 2026
Cache sync 21 at Sun Mar 15 15:07:52 UTC 2026
Cache sync 22 at Sun Mar 15 15:07:52 UTC 2026
Cache sync 23 at Sun Mar 15 15:07:52 UTC 2026
Cache sync 24 at Sun Mar 15 15:07:52 UTC 2026
Cache sync 25 at Sun Mar 15 15:07:52 UTC 2026
Cache sync 26 at Sun Mar 15 15:07:52 UTC 2026
Cache sync 27 at Sun Mar 15 15:07:52 UTC 2026
Cache sync 28 at Sun Mar 15 15:07:52 UTC 2026
Cache sync 29 at Sun Mar 15 15:07:52 UTC 2026
Cache sync 30 at Sun Mar 15 15:07:52 UTC 2026
Cache sync 31 at Sun Mar 15 15:07:52 UTC 2026
Cache sync 32 at Sun Mar 15 15:07:52 UTC 2026
Cache sync 33 at Sun Mar 15 15:07:52 UTC 2026
Cache sync 34 at Sun Mar 15 15:07:52 UTC 2026
Cache sync 35 at Sun Mar 15 15:07:52 UTC 2026
Cache sync 36 at Sun Mar 15 15:07:52 UTC 2026
Cache sync 37 at Sun Mar 15 15:07:52 UTC 2026
Cache sync 38 at Sun Mar 15 15:07:52 UTC 2026
Cache sync 39 at Sun Mar 15 15:07:52 UTC 2026
Cache sync 40 at Sun Mar 15 15:07:52 UTC 2026
Cache sync 41 at Sun Mar 15 15:07:52 UTC 2026
Cache sync 42 at Sun Mar 15 15:07:52 UTC 2026
Cache sync 43 at Sun Mar 15 15:07:52 UTC 2026
Cache sync 1 at Sun Mar 15 18:08:05 UTC 2026
Cache sync 2 at Sun Mar 15 18:08:05 UTC 2026
Cache sync 3 at Sun Mar 15 18:08:05 UTC 2026
Cache sync 4 at Sun Mar 15 18:08:05 UTC 2026
Cache sync 5 at Sun Mar 15 18:08:05 UTC 2026
Cache sync 6 at Sun Mar 15 18:08:05 UTC 2026
Cache sync 7 at Sun Mar 15 18:08:05 UTC 2026
Cache sync 8 at Sun Mar 15 18:08:05 UTC 2026
Cache sync 9 at Sun Mar 15 18:08:05 UTC 2026
Cache sync 10 at Sun Mar 15 18:08:05 UTC 2026
Cache sync 11 at Sun Mar 15 18:08:05 UTC 2026
Cache sync 12 at Sun Mar 15 18:08:05 UTC 2026
Cache sync 13 at Sun Mar 15 18:08:05 UTC 2026
Cache sync 14 at Sun Mar 15 18:08:05 UTC 2026
Cache sync 15 at Sun Mar 15 18:08:05 UTC 2026
Cache sync 16 at Sun Mar 15 18:08:05 UTC 2026
Cache sync 17 at Sun Mar 15 18:08:05 UTC 2026
Cache sync 18 at Sun Mar 15 18:08:05 UTC 2026
Cache sync 19 at Sun Mar 15 18:08:05 UTC 2026
Cache sync 20 at Sun Mar 15 18:08:05 UTC 2026
Cache sync 21 at Sun Mar 15 18:08:05 UTC 2026
Cache sync 22 at Sun Mar 15 18:08:05 UTC 2026
Cache sync 23 at Sun Mar 15 18:08:05 UTC 2026
Cache sync 24 at Sun Mar 15 18:08:05 UTC 2026
Cache sync 25 at Sun Mar 15 18:08:05 UTC 2026
Cache sync 26 at Sun Mar 15 18:08:05 UTC 2026
Cache sync 27 at Sun Mar 15 18:08:05 UTC 2026
Cache sync 28 at Sun Mar 15 18:08:05 UTC 2026
Cache sync 29 at Sun Mar 15 18:08:05 UTC 2026
Cache sync 30 at Sun Mar 15 18:08:05 UTC 2026
Cache sync 31 at Sun Mar 15 18:08:05 UTC 2026
Cache sync 32 at Sun Mar 15 18:08:05 UTC 2026
Cache sync 33 at Sun Mar 15 18:08:05 UTC 2026
Cache sync 34 at Sun Mar 15 18:08:05 UTC 2026
Cache sync 35 at Sun Mar 15 18:08:05 UTC 2026
Cache sync 36 at Sun Mar 15 18:08:05 UTC 2026
Cache sync 37 at Sun Mar 15 18:08:05 UTC 2026
Cache sync 38 at Sun Mar 15 18:08:05 UTC 2026
Cache sync 39 at Sun Mar 15 18:08:05 UTC 2026
Cache sync 40 at Sun Mar 15 18:08:05 UTC 2026
Cache sync 41 at Sun Mar 15 18:08:05 UTC 2026
Cache sync 42 at Sun Mar 15 18:08:05 UTC 2026
Cache sync 43 at Sun Mar 15 18:08:05 UTC 2026
Cache sync 44 at Sun Mar 15 18:08:05 UTC 2026
Cache sync 45 at Sun Mar 15 18:08:05 UTC 2026
Cache sync 46 at Sun Mar 15 18:08:05 UTC 2026
Cache sync 47 at Sun Mar 15 18:08:05 UTC 2026
Cache sync 48 at Sun Mar 15 18:08:05 UTC 2026
Cache sync 49 at Sun Mar 15 18:08:05 UTC 2026
Cache sync 50 at Sun Mar 15 18:08:05 UTC 2026
Cache sync 51 at Sun Mar 15 18:08:05 UTC 2026
Cache sync 52 at Sun Mar 15 18:08:05 UTC 2026
Cache sync 53 at Sun Mar 15 18:08:05 UTC 2026
Cache sync 1 at Sun Mar 15 21:07:07 UTC 2026
Cache sync 2 at Sun Mar 15 21:07:07 UTC 2026
Cache sync 3 at Sun Mar 15 21:07:07 UTC 2026
Cache sync 4 at Sun Mar 15 21:07:07 UTC 2026
Cache sync 5 at Sun Mar 15 21:07:07 UTC 2026
Cache sync 6 at Sun Mar 15 21:07:07 UTC 2026
Cache sync 7 at Sun Mar 15 21:07:08 UTC 2026
Cache sync 8 at Sun Mar 15 21:07:08 UTC 2026
Cache sync 9 at Sun Mar 15 21:07:08 UTC 2026
Cache sync 10 at Sun Mar 15 21:07:08 UTC 2026
Cache sync 11 at Sun Mar 15 21:07:08 UTC 2026
Cache sync 12 at Sun Mar 15 21:07:08 UTC 2026
Cache sync 13 at Sun Mar 15 21:07:08 UTC 2026
Cache sync 14 at Sun Mar 15 21:07:08 UTC 2026
Cache sync 15 at Sun Mar 15 21:07:08 UTC 2026
Cache sync 16 at Sun Mar 15 21:07:08 UTC 2026
Cache sync 17 at Sun Mar 15 21:07:08 UTC 2026
Cache sync 18 at Sun Mar 15 21:07:08 UTC 2026
Cache sync 19 at Sun Mar 15 21:07:08 UTC 2026
Cache sync 20 at Sun Mar 15 21:07:08 UTC 2026
Cache sync 21 at Sun Mar 15 21:07:08 UTC 2026
Cache sync 22 at Sun Mar 15 21:07:08 UTC 2026
Cache sync 23 at Sun Mar 15 21:07:08 UTC 2026
Cache sync 24 at Sun Mar 15 21:07:08 UTC 2026
Cache sync 25 at Sun Mar 15 21:07:08 UTC 2026
Cache sync 26 at Sun Mar 15 21:07:08 UTC 2026
Cache sync 27 at Sun Mar 15 21:07:08 UTC 2026
Cache sync 28 at Sun Mar 15 21:07:08 UTC 2026
Cache sync 29 at Sun Mar 15 21:07:08 UTC 2026
Cache sync 30 at Sun Mar 15 21:07:08 UTC 2026
Cache sync 31 at Sun Mar 15 21:07:08 UTC 2026
Cache sync 32 at Sun Mar 15 21:07:08 UTC 2026
Cache sync 33 at Sun Mar 15 21:07:08 UTC 2026
Cache sync 34 at Sun Mar 15 21:07:08 UTC 2026
Cache sync 35 at Sun Mar 15 21:07:08 UTC 2026
Cache sync 36 at Sun Mar 15 21:07:08 UTC 2026
Cache sync 37 at Sun Mar 15 21:07:08 UTC 2026
Cache sync 38 at Sun Mar 15 21:07:08 UTC 2026
Cache sync 39 at Sun Mar 15 21:07:08 UTC 2026
Cache sync 40 at Sun Mar 15 21:07:08 UTC 2026
Cache sync 41 at Sun Mar 15 21:07:08 UTC 2026
Cache sync 42 at Sun Mar 15 21:07:08 UTC 2026
Cache sync 43 at Sun Mar 15 21:07:08 UTC 2026
Cache sync 44 at Sun Mar 15 21:07:08 UTC 2026
Cache sync 45 at Sun Mar 15 21:07:08 UTC 2026
Cache sync 46 at Sun Mar 15 21:07:08 UTC 2026
Cache sync 47 at Sun Mar 15 21:07:08 UTC 2026
Cache sync 48 at Sun Mar 15 21:07:08 UTC 2026
Cache sync 49 at Sun Mar 15 21:07:08 UTC 2026
Cache sync 50 at Sun Mar 15 21:07:08 UTC 2026
Cache sync 51 at Sun Mar 15 21:07:08 UTC 2026
Cache sync 52 at Sun Mar 15 21:07:08 UTC 2026
Cache sync 53 at Sun Mar 15 21:07:08 UTC 2026
Cache sync 54 at Sun Mar 15 21:07:08 UTC 2026
Cache sync 55 at Sun Mar 15 21:07:08 UTC 2026
Cache sync 56 at Sun Mar 15 21:07:08 UTC 2026
Cache sync 57 at Sun Mar 15 21:07:08 UTC 2026
Cache sync 58 at Sun Mar 15 21:07:08 UTC 2026
Cache sync 1 at Mon Mar 16 00:21:33 UTC 2026
Cache sync 2 at Mon Mar 16 00:21:33 UTC 2026
Cache sync 3 at Mon Mar 16 00:21:33 UTC 2026
Cache sync 4 at Mon Mar 16 00:21:33 UTC 2026
Cache sync 5 at Mon Mar 16 00:21:33 UTC 2026
Cache sync 6 at Mon Mar 16 00:21:33 UTC 2026
Cache sync 7 at Mon Mar 16 00:21:33 UTC 2026
Cache sync 8 at Mon Mar 16 00:21:33 UTC 2026
Cache sync 9 at Mon Mar 16 00:21:33 UTC 2026
Cache sync 1 at Mon Mar 16 04:00:39 UTC 2026
Cache sync 2 at Mon Mar 16 04:00:39 UTC 2026
Cache sync 3 at Mon Mar 16 04:00:39 UTC 2026
Cache sync 4 at Mon Mar 16 04:00:39 UTC 2026
Cache sync 5 at Mon Mar 16 04:00:39 UTC 2026
Cache sync 6 at Mon Mar 16 04:00:39 UTC 2026
Cache sync 7 at Mon Mar 16 04:00:39 UTC 2026
Cache sync 8 at Mon Mar 16 04:00:39 UTC 2026
Cache sync 9 at Mon Mar 16 04:00:39 UTC 2026
Cache sync 10 at Mon Mar 16 04:00:39 UTC 2026
Cache sync 11 at Mon Mar 16 04:00:39 UTC 2026
Cache sync 1 at Mon Mar 16 06:31:13 UTC 2026
Cache sync 2 at Mon Mar 16 06:31:13 UTC 2026
Cache sync 3 at Mon Mar 16 06:31:13 UTC 2026
Cache sync 4 at Mon Mar 16 06:31:13 UTC 2026
Cache sync 5 at Mon Mar 16 06:31:13 UTC 2026
Cache sync 6 at Mon Mar 16 06:31:13 UTC 2026
Cache sync 7 at Mon Mar 16 06:31:13 UTC 2026
Cache sync 8 at Mon Mar 16 06:31:13 UTC 2026
Cache sync 9 at Mon Mar 16 06:31:13 UTC 2026
Cache sync 10 at Mon Mar 16 06:31:13 UTC 2026
Cache sync 11 at Mon Mar 16 06:31:13 UTC 2026
Cache sync 12 at Mon Mar 16 06:31:13 UTC 2026
Cache sync 13 at Mon Mar 16 06:31:13 UTC 2026
Cache sync 14 at Mon Mar 16 06:31:13 UTC 2026
Cache sync 15 at Mon Mar 16 06:31:13 UTC 2026
Cache sync 16 at Mon Mar 16 06:31:13 UTC 2026
Cache sync 17 at Mon Mar 16 06:31:13 UTC 2026
Cache sync 18 at Mon Mar 16 06:31:13 UTC 2026
Cache sync 19 at Mon Mar 16 06:31:13 UTC 2026
Cache sync 20 at Mon Mar 16 06:31:13 UTC 2026
Cache sync 21 at Mon Mar 16 06:31:13 UTC 2026
Cache sync 22 at Mon Mar 16 06:31:13 UTC 2026
Cache sync 23 at Mon Mar 16 06:31:13 UTC 2026
Cache sync 24 at Mon Mar 16 06:31:13 UTC 2026
Cache sync 25 at Mon Mar 16 06:31:13 UTC 2026
Cache sync 26 at Mon Mar 16 06:31:13 UTC 2026
Cache sync 27 at Mon Mar 16 06:31:13 UTC 2026
Cache sync 28 at Mon Mar 16 06:31:13 UTC 2026
Cache sync 29 at Mon Mar 16 06:31:13 UTC 2026
Cache sync 30 at Mon Mar 16 06:31:13 UTC 2026
Cache sync 31 at Mon Mar 16 06:31:13 UTC 2026
Cache sync 32 at Mon Mar 16 06:31:13 UTC 2026
Cache sync 33 at Mon Mar 16 06:31:13 UTC 2026
Cache sync 34 at Mon Mar 16 06:31:13 UTC 2026
Cache sync 35 at Mon Mar 16 06:31:13 UTC 2026
Cache sync 36 at Mon Mar 16 06:31:13 UTC 2026
Cache sync 37 at Mon Mar 16 06:31:13 UTC 2026
Cache sync 38 at Mon Mar 16 06:31:13 UTC 2026
Cache sync 39 at Mon Mar 16 06:31:13 UTC 2026
Cache sync 40 at Mon Mar 16 06:31:13 UTC 2026
Cache sync 41 at Mon Mar 16 06:31:13 UTC 2026
Cache sync 42 at Mon Mar 16 06:31:13 UTC 2026
Cache sync 43 at Mon Mar 16 06:31:13 UTC 2026
Cache sync 44 at Mon Mar 16 06:31:13 UTC 2026
Cache sync 45 at Mon Mar 16 06:31:13 UTC 2026
Cache sync 46 at Mon Mar 16 06:31:13 UTC 2026
Cache sync 1 at Mon Mar 16 09:23:35 UTC 2026
Cache sync 2 at Mon Mar 16 09:23:35 UTC 2026
Cache sync 3 at Mon Mar 16 09:23:35 UTC 2026
Cache sync 4 at Mon Mar 16 09:23:35 UTC 2026
Cache sync 5 at Mon Mar 16 09:23:35 UTC 2026
Cache sync 6 at Mon Mar 16 09:23:35 UTC 2026
Cache sync 7 at Mon Mar 16 09:23:35 UTC 2026
Cache sync 8 at Mon Mar 16 09:23:35 UTC 2026
Cache sync 9 at Mon Mar 16 09:23:35 UTC 2026
Cache sync 10 at Mon Mar 16 09:23:35 UTC 2026
Cache sync 11 at Mon Mar 16 09:23:35 UTC 2026
Cache sync 12 at Mon Mar 16 09:23:35 UTC 2026
Cache sync 13 at Mon Mar 16 09:23:35 UTC 2026
Cache sync 14 at Mon Mar 16 09:23:35 UTC 2026
Cache sync 15 at Mon Mar 16 09:23:35 UTC 2026
Cache sync 16 at Mon Mar 16 09:23:35 UTC 2026
Cache sync 17 at Mon Mar 16 09:23:35 UTC 2026
Cache sync 18 at Mon Mar 16 09:23:35 UTC 2026
Cache sync 19 at Mon Mar 16 09:23:35 UTC 2026
Cache sync 20 at Mon Mar 16 09:23:35 UTC 2026
Cache sync 21 at Mon Mar 16 09:23:35 UTC 2026
Cache sync 22 at Mon Mar 16 09:23:35 UTC 2026
Cache sync 23 at Mon Mar 16 09:23:35 UTC 2026
Cache sync 24 at Mon Mar 16 09:23:35 UTC 2026
Cache sync 25 at Mon Mar 16 09:23:35 UTC 2026
Cache sync 26 at Mon Mar 16 09:23:35 UTC 2026
Cache sync 27 at Mon Mar 16 09:23:35 UTC 2026
Cache sync 28 at Mon Mar 16 09:23:35 UTC 2026
Cache sync 29 at Mon Mar 16 09:23:35 UTC 2026
Cache sync 30 at Mon Mar 16 09:23:35 UTC 2026
Cache sync 31 at Mon Mar 16 09:23:35 UTC 2026
Cache sync 32 at Mon Mar 16 09:23:35 UTC 2026
Cache sync 33 at Mon Mar 16 09:23:35 UTC 2026
Cache sync 34 at Mon Mar 16 09:23:35 UTC 2026
Cache sync 35 at Mon Mar 16 09:23:35 UTC 2026
Cache sync 36 at Mon Mar 16 09:23:35 UTC 2026
Cache sync 37 at Mon Mar 16 09:23:35 UTC 2026
Cache sync 38 at Mon Mar 16 09:23:35 UTC 2026
Cache sync 39 at Mon Mar 16 09:23:35 UTC 2026
Cache sync 40 at Mon Mar 16 09:23:35 UTC 2026
Cache sync 41 at Mon Mar 16 09:23:35 UTC 2026
Cache sync 42 at Mon Mar 16 09:23:35 UTC 2026
Cache sync 43 at Mon Mar 16 09:23:35 UTC 2026
Cache sync 44 at Mon Mar 16 09:23:35 UTC 2026
Cache sync 45 at Mon Mar 16 09:23:35 UTC 2026
Cache sync 46 at Mon Mar 16 09:23:35 UTC 2026
Cache sync 47 at Mon Mar 16 09:23:35 UTC 2026
Cache sync 48 at Mon Mar 16 09:23:35 UTC 2026
Cache sync 49 at Mon Mar 16 09:23:35 UTC 2026
Cache sync 50 at Mon Mar 16 09:23:35 UTC 2026
Cache sync 51 at Mon Mar 16 09:23:35 UTC 2026
Cache sync 52 at Mon Mar 16 09:23:35 UTC 2026
Cache sync 53 at Mon Mar 16 09:23:35 UTC 2026
Cache sync 54 at Mon Mar 16 09:23:35 UTC 2026
Cache sync 55 at Mon Mar 16 09:23:35 UTC 2026
Cache sync 56 at Mon Mar 16 09:23:35 UTC 2026
Cache sync 57 at Mon Mar 16 09:23:35 UTC 2026
Cache sync 58 at Mon Mar 16 09:23:35 UTC 2026
Cache sync 59 at Mon Mar 16 09:23:35 UTC 2026
Cache sync 60 at Mon Mar 16 09:23:35 UTC 2026
Cache sync 61 at Mon Mar 16 09:23:35 UTC 2026
Cache sync 62 at Mon Mar 16 09:23:35 UTC 2026
Cache sync 63 at Mon Mar 16 09:23:35 UTC 2026
Cache sync 64 at Mon Mar 16 09:23:35 UTC 2026
Cache sync 65 at Mon Mar 16 09:23:35 UTC 2026
Cache sync 66 at Mon Mar 16 09:23:35 UTC 2026
Cache sync 67 at Mon Mar 16 09:23:35 UTC 2026
Cache sync 68 at Mon Mar 16 09:23:35 UTC 2026
Cache sync 69 at Mon Mar 16 09:23:35 UTC 2026
Cache sync 70 at Mon Mar 16 09:23:35 UTC 2026
Cache sync 71 at Mon Mar 16 09:23:35 UTC 2026
Cache sync 72 at Mon Mar 16 09:23:36 UTC 2026
Cache sync 73 at Mon Mar 16 09:23:36 UTC 2026
Cache sync 74 at Mon Mar 16 09:23:36 UTC 2026
Cache sync 75 at Mon Mar 16 09:23:36 UTC 2026
Cache sync 76 at Mon Mar 16 09:23:36 UTC 2026
Cache sync 77 at Mon Mar 16 09:23:36 UTC 2026
Cache sync 78 at Mon Mar 16 09:23:36 UTC 2026
Cache sync 79 at Mon Mar 16 09:23:36 UTC 2026
Cache sync 80 at Mon Mar 16 09:23:36 UTC 2026
Cache sync 81 at Mon Mar 16 09:23:36 UTC 2026
Cache sync 82 at Mon Mar 16 09:23:36 UTC 2026
Cache sync 1 at Mon Mar 16 12:15:48 UTC 2026
Cache sync 2 at Mon Mar 16 12:15:48 UTC 2026
Cache sync 3 at Mon Mar 16 12:15:48 UTC 2026
Cache sync 4 at Mon Mar 16 12:15:48 UTC 2026
Cache sync 5 at Mon Mar 16 12:15:48 UTC 2026
Cache sync 6 at Mon Mar 16 12:15:48 UTC 2026
Cache sync 7 at Mon Mar 16 12:15:48 UTC 2026
Cache sync 8 at Mon Mar 16 12:15:48 UTC 2026
Cache sync 9 at Mon Mar 16 12:15:48 UTC 2026
Cache sync 10 at Mon Mar 16 12:15:48 UTC 2026
Cache sync 11 at Mon Mar 16 12:15:48 UTC 2026
Cache sync 12 at Mon Mar 16 12:15:48 UTC 2026
Cache sync 13 at Mon Mar 16 12:15:48 UTC 2026
Cache sync 14 at Mon Mar 16 12:15:48 UTC 2026
Cache sync 15 at Mon Mar 16 12:15:48 UTC 2026
Cache sync 16 at Mon Mar 16 12:15:48 UTC 2026
Cache sync 17 at Mon Mar 16 12:15:48 UTC 2026
Cache sync 18 at Mon Mar 16 12:15:48 UTC 2026
Cache sync 19 at Mon Mar 16 12:15:48 UTC 2026
Cache sync 20 at Mon Mar 16 12:15:48 UTC 2026
Cache sync 21 at Mon Mar 16 12:15:48 UTC 2026
Cache sync 22 at Mon Mar 16 12:15:48 UTC 2026
Cache sync 23 at Mon Mar 16 12:15:48 UTC 2026
Cache sync 24 at Mon Mar 16 12:15:48 UTC 2026
Cache sync 25 at Mon Mar 16 12:15:48 UTC 2026
Cache sync 26 at Mon Mar 16 12:15:48 UTC 2026
Cache sync 27 at Mon Mar 16 12:15:48 UTC 2026
Cache sync 28 at Mon Mar 16 12:15:48 UTC 2026
Cache sync 29 at Mon Mar 16 12:15:48 UTC 2026
Cache sync 30 at Mon Mar 16 12:15:48 UTC 2026
Cache sync 31 at Mon Mar 16 12:15:48 UTC 2026
Cache sync 32 at Mon Mar 16 12:15:48 UTC 2026
Cache sync 33 at Mon Mar 16 12:15:48 UTC 2026
Cache sync 34 at Mon Mar 16 12:15:48 UTC 2026
Cache sync 35 at Mon Mar 16 12:15:48 UTC 2026
Cache sync 36 at Mon Mar 16 12:15:48 UTC 2026
Cache sync 37 at Mon Mar 16 12:15:48 UTC 2026
Cache sync 38 at Mon Mar 16 12:15:48 UTC 2026
Cache sync 39 at Mon Mar 16 12:15:48 UTC 2026
Cache sync 40 at Mon Mar 16 12:15:48 UTC 2026
Cache sync 41 at Mon Mar 16 12:15:48 UTC 2026
Cache sync 42 at Mon Mar 16 12:15:48 UTC 2026
Cache sync 43 at Mon Mar 16 12:15:48 UTC 2026
Cache sync 44 at Mon Mar 16 12:15:48 UTC 2026
Cache sync 45 at Mon Mar 16 12:15:48 UTC 2026
Cache sync 46 at Mon Mar 16 12:15:48 UTC 2026
Cache sync 47 at Mon Mar 16 12:15:48 UTC 2026
Cache sync 48 at Mon Mar 16 12:15:48 UTC 2026
Cache sync 49 at Mon Mar 16 12:15:48 UTC 2026
Cache sync 50 at Mon Mar 16 12:15:48 UTC 2026
Cache sync 51 at Mon Mar 16 12:15:48 UTC 2026
Cache sync 52 at Mon Mar 16 12:15:48 UTC 2026
Cache sync 53 at Mon Mar 16 12:15:48 UTC 2026
Cache sync 54 at Mon Mar 16 12:15:48 UTC 2026
Cache sync 55 at Mon Mar 16 12:15:48 UTC 2026
Cache sync 1 at Mon Mar 16 15:24:30 UTC 2026
Cache sync 2 at Mon Mar 16 15:24:30 UTC 2026
Cache sync 3 at Mon Mar 16 15:24:30 UTC 2026
Cache sync 4 at Mon Mar 16 15:24:30 UTC 2026
Cache sync 5 at Mon Mar 16 15:24:30 UTC 2026
Cache sync 6 at Mon Mar 16 15:24:30 UTC 2026
Cache sync 7 at Mon Mar 16 15:24:30 UTC 2026
Cache sync 8 at Mon Mar 16 15:24:30 UTC 2026
Cache sync 9 at Mon Mar 16 15:24:30 UTC 2026
Cache sync 10 at Mon Mar 16 15:24:30 UTC 2026
Cache sync 11 at Mon Mar 16 15:24:30 UTC 2026
Cache sync 12 at Mon Mar 16 15:24:30 UTC 2026
Cache sync 13 at Mon Mar 16 15:24:30 UTC 2026
Cache sync 14 at Mon Mar 16 15:24:30 UTC 2026
Cache sync 15 at Mon Mar 16 15:24:30 UTC 2026
Cache sync 16 at Mon Mar 16 15:24:30 UTC 2026
Cache sync 17 at Mon Mar 16 15:24:30 UTC 2026
Cache sync 18 at Mon Mar 16 15:24:30 UTC 2026
Cache sync 19 at Mon Mar 16 15:24:30 UTC 2026
Cache sync 20 at Mon Mar 16 15:24:30 UTC 2026
Cache sync 21 at Mon Mar 16 15:24:30 UTC 2026
Cache sync 22 at Mon Mar 16 15:24:30 UTC 2026
Cache sync 23 at Mon Mar 16 15:24:30 UTC 2026
Cache sync 24 at Mon Mar 16 15:24:30 UTC 2026
Cache sync 25 at Mon Mar 16 15:24:30 UTC 2026
Cache sync 26 at Mon Mar 16 15:24:30 UTC 2026
Cache sync 27 at Mon Mar 16 15:24:30 UTC 2026
Cache sync 28 at Mon Mar 16 15:24:30 UTC 2026
Cache sync 29 at Mon Mar 16 15:24:31 UTC 2026
Cache sync 30 at Mon Mar 16 15:24:31 UTC 2026
Cache sync 31 at Mon Mar 16 15:24:31 UTC 2026
Cache sync 32 at Mon Mar 16 15:24:31 UTC 2026
Cache sync 33 at Mon Mar 16 15:24:31 UTC 2026
Cache sync 34 at Mon Mar 16 15:24:31 UTC 2026
Cache sync 35 at Mon Mar 16 15:24:31 UTC 2026
Cache sync 36 at Mon Mar 16 15:24:31 UTC 2026
Cache sync 37 at Mon Mar 16 15:24:31 UTC 2026
Cache sync 38 at Mon Mar 16 15:24:31 UTC 2026
Cache sync 39 at Mon Mar 16 15:24:31 UTC 2026
Cache sync 40 at Mon Mar 16 15:24:31 UTC 2026
Cache sync 41 at Mon Mar 16 15:24:31 UTC 2026
Cache sync 42 at Mon Mar 16 15:24:31 UTC 2026
Cache sync 43 at Mon Mar 16 15:24:31 UTC 2026
Cache sync 44 at Mon Mar 16 15:24:31 UTC 2026
Cache sync 45 at Mon Mar 16 15:24:31 UTC 2026
Cache sync 46 at Mon Mar 16 15:24:31 UTC 2026
Cache sync 47 at Mon Mar 16 15:24:31 UTC 2026
Cache sync 48 at Mon Mar 16 15:24:31 UTC 2026
Cache sync 49 at Mon Mar 16 15:24:31 UTC 2026
Cache sync 50 at Mon Mar 16 15:24:31 UTC 2026
Cache sync 51 at Mon Mar 16 15:24:31 UTC 2026
Cache sync 52 at Mon Mar 16 15:24:31 UTC 2026
Cache sync 1 at Mon Mar 16 21:12:35 UTC 2026
Cache sync 2 at Mon Mar 16 21:12:35 UTC 2026
Cache sync 3 at Mon Mar 16 21:12:35 UTC 2026
Cache sync 4 at Mon Mar 16 21:12:35 UTC 2026
Cache sync 5 at Mon Mar 16 21:12:35 UTC 2026
Cache sync 6 at Mon Mar 16 21:12:35 UTC 2026
Cache sync 7 at Mon Mar 16 21:12:35 UTC 2026
Cache sync 8 at Mon Mar 16 21:12:35 UTC 2026
Cache sync 9 at Mon Mar 16 21:12:35 UTC 2026
Cache sync 10 at Mon Mar 16 21:12:36 UTC 2026
Cache sync 11 at Mon Mar 16 21:12:36 UTC 2026
Cache sync 12 at Mon Mar 16 21:12:36 UTC 2026
Cache sync 13 at Mon Mar 16 21:12:36 UTC 2026
Cache sync 14 at Mon Mar 16 21:12:36 UTC 2026
Cache sync 15 at Mon Mar 16 21:12:36 UTC 2026
Cache sync 16 at Mon Mar 16 21:12:36 UTC 2026
Cache sync 17 at Mon Mar 16 21:12:36 UTC 2026
Cache sync 18 at Mon Mar 16 21:12:36 UTC 2026
Cache sync 19 at Mon Mar 16 21:12:36 UTC 2026
Cache sync 20 at Mon Mar 16 21:12:36 UTC 2026
Cache sync 21 at Mon Mar 16 21:12:36 UTC 2026
Cache sync 22 at Mon Mar 16 21:12:36 UTC 2026
Cache sync 23 at Mon Mar 16 21:12:36 UTC 2026
Cache sync 24 at Mon Mar 16 21:12:36 UTC 2026
Cache sync 25 at Mon Mar 16 21:12:36 UTC 2026
Cache sync 26 at Mon Mar 16 21:12:36 UTC 2026
Cache sync 27 at Mon Mar 16 21:12:36 UTC 2026
Cache sync 28 at Mon Mar 16 21:12:36 UTC 2026
Cache sync 29 at Mon Mar 16 21:12:36 UTC 2026
Cache sync 30 at Mon Mar 16 21:12:36 UTC 2026
Cache sync 31 at Mon Mar 16 21:12:36 UTC 2026
Cache sync 32 at Mon Mar 16 21:12:36 UTC 2026
Cache sync 33 at Mon Mar 16 21:12:36 UTC 2026
Cache sync 34 at Mon Mar 16 21:12:36 UTC 2026
Cache sync 35 at Mon Mar 16 21:12:36 UTC 2026
Cache sync 36 at Mon Mar 16 21:12:36 UTC 2026
Cache sync 37 at Mon Mar 16 21:12:36 UTC 2026
Cache sync 38 at Mon Mar 16 21:12:36 UTC 2026
Cache sync 39 at Mon Mar 16 21:12:36 UTC 2026
Cache sync 40 at Mon Mar 16 21:12:36 UTC 2026
Cache sync 41 at Mon Mar 16 21:12:36 UTC 2026
Cache sync 42 at Mon Mar 16 21:12:36 UTC 2026
Cache sync 43 at Mon Mar 16 21:12:36 UTC 2026
Cache sync 44 at Mon Mar 16 21:12:36 UTC 2026
Cache sync 45 at Mon Mar 16 21:12:36 UTC 2026
Cache sync 46 at Mon Mar 16 21:12:36 UTC 2026
Cache sync 47 at Mon Mar 16 21:12:36 UTC 2026
Cache sync 48 at Mon Mar 16 21:12:36 UTC 2026
Cache sync 49 at Mon Mar 16 21:12:36 UTC 2026
Cache sync 50 at Mon Mar 16 21:12:36 UTC 2026
Cache sync 51 at Mon Mar 16 21:12:36 UTC 2026
Cache sync 52 at Mon Mar 16 21:12:36 UTC 2026
Cache sync 53 at Mon Mar 16 21:12:36 UTC 2026
Cache sync 54 at Mon Mar 16 21:12:36 UTC 2026
Cache sync 55 at Mon Mar 16 21:12:36 UTC 2026
Cache sync 1 at Tue Mar 17 00:18:55 UTC 2026
Cache sync 2 at Tue Mar 17 00:18:55 UTC 2026
Cache sync 3 at Tue Mar 17 00:18:55 UTC 2026
Cache sync 4 at Tue Mar 17 00:18:55 UTC 2026
Cache sync 5 at Tue Mar 17 00:18:55 UTC 2026
Cache sync 6 at Tue Mar 17 00:18:55 UTC 2026
Cache sync 7 at Tue Mar 17 00:18:55 UTC 2026
Cache sync 8 at Tue Mar 17 00:18:55 UTC 2026
Cache sync 9 at Tue Mar 17 00:18:55 UTC 2026
Cache sync 10 at Tue Mar 17 00:18:55 UTC 2026
Cache sync 11 at Tue Mar 17 00:18:55 UTC 2026
Cache sync 12 at Tue Mar 17 00:18:55 UTC 2026
Cache sync 13 at Tue Mar 17 00:18:55 UTC 2026
Cache sync 14 at Tue Mar 17 00:18:55 UTC 2026
Cache sync 15 at Tue Mar 17 00:18:55 UTC 2026
Cache sync 16 at Tue Mar 17 00:18:55 UTC 2026
Cache sync 17 at Tue Mar 17 00:18:55 UTC 2026
Cache sync 18 at Tue Mar 17 00:18:55 UTC 2026
Cache sync 19 at Tue Mar 17 00:18:55 UTC 2026
Cache sync 20 at Tue Mar 17 00:18:55 UTC 2026
Cache sync 21 at Tue Mar 17 00:18:55 UTC 2026
Cache sync 22 at Tue Mar 17 00:18:55 UTC 2026
Cache sync 23 at Tue Mar 17 00:18:55 UTC 2026
Cache sync 24 at Tue Mar 17 00:18:55 UTC 2026
Cache sync 25 at Tue Mar 17 00:18:55 UTC 2026
Cache sync 26 at Tue Mar 17 00:18:55 UTC 2026
Cache sync 27 at Tue Mar 17 00:18:55 UTC 2026
Cache sync 28 at Tue Mar 17 00:18:55 UTC 2026
Cache sync 29 at Tue Mar 17 00:18:55 UTC 2026
Cache sync 30 at Tue Mar 17 00:18:55 UTC 2026
Cache sync 31 at Tue Mar 17 00:18:55 UTC 2026
Cache sync 32 at Tue Mar 17 00:18:55 UTC 2026
Cache sync 33 at Tue Mar 17 00:18:55 UTC 2026
Cache sync 34 at Tue Mar 17 00:18:55 UTC 2026
Cache sync 35 at Tue Mar 17 00:18:55 UTC 2026
Cache sync 36 at Tue Mar 17 00:18:55 UTC 2026
Cache sync 37 at Tue Mar 17 00:18:55 UTC 2026
Cache sync 38 at Tue Mar 17 00:18:55 UTC 2026
Cache sync 39 at Tue Mar 17 00:18:55 UTC 2026
Cache sync 40 at Tue Mar 17 00:18:55 UTC 2026
Cache sync 41 at Tue Mar 17 00:18:55 UTC 2026
Cache sync 42 at Tue Mar 17 00:18:55 UTC 2026
Cache sync 43 at Tue Mar 17 00:18:55 UTC 2026
Cache sync 44 at Tue Mar 17 00:18:55 UTC 2026
Cache sync 45 at Tue Mar 17 00:18:55 UTC 2026
Cache sync 46 at Tue Mar 17 00:18:55 UTC 2026
Cache sync 47 at Tue Mar 17 00:18:55 UTC 2026
Cache sync 48 at Tue Mar 17 00:18:55 UTC 2026
Cache sync 49 at Tue Mar 17 00:18:55 UTC 2026
Cache sync 50 at Tue Mar 17 00:18:55 UTC 2026
Cache sync 51 at Tue Mar 17 00:18:55 UTC 2026
Cache sync 52 at Tue Mar 17 00:18:55 UTC 2026
Cache sync 53 at Tue Mar 17 00:18:55 UTC 2026
Cache sync 54 at Tue Mar 17 00:18:55 UTC 2026
Cache sync 1 at Tue Mar 17 06:22:48 UTC 2026
Cache sync 2 at Tue Mar 17 06:22:48 UTC 2026
Cache sync 3 at Tue Mar 17 06:22:48 UTC 2026
Cache sync 4 at Tue Mar 17 06:22:48 UTC 2026
Cache sync 5 at Tue Mar 17 06:22:48 UTC 2026
Cache sync 6 at Tue Mar 17 06:22:48 UTC 2026
Cache sync 7 at Tue Mar 17 06:22:48 UTC 2026
Cache sync 8 at Tue Mar 17 06:22:48 UTC 2026
Cache sync 9 at Tue Mar 17 06:22:48 UTC 2026
Cache sync 10 at Tue Mar 17 06:22:48 UTC 2026
Cache sync 11 at Tue Mar 17 06:22:48 UTC 2026
Cache sync 12 at Tue Mar 17 06:22:48 UTC 2026
Cache sync 13 at Tue Mar 17 06:22:48 UTC 2026
Cache sync 14 at Tue Mar 17 06:22:48 UTC 2026
Cache sync 15 at Tue Mar 17 06:22:48 UTC 2026
Cache sync 16 at Tue Mar 17 06:22:48 UTC 2026
Cache sync 17 at Tue Mar 17 06:22:48 UTC 2026
Cache sync 18 at Tue Mar 17 06:22:48 UTC 2026
Cache sync 19 at Tue Mar 17 06:22:48 UTC 2026
Cache sync 20 at Tue Mar 17 06:22:48 UTC 2026
Cache sync 21 at Tue Mar 17 06:22:48 UTC 2026
Cache sync 22 at Tue Mar 17 06:22:48 UTC 2026
Cache sync 23 at Tue Mar 17 06:22:48 UTC 2026
Cache sync 24 at Tue Mar 17 06:22:48 UTC 2026
Cache sync 25 at Tue Mar 17 06:22:48 UTC 2026
Cache sync 26 at Tue Mar 17 06:22:48 UTC 2026
Cache sync 27 at Tue Mar 17 06:22:48 UTC 2026
Cache sync 28 at Tue Mar 17 06:22:48 UTC 2026
Cache sync 29 at Tue Mar 17 06:22:48 UTC 2026
Cache sync 30 at Tue Mar 17 06:22:48 UTC 2026
Cache sync 31 at Tue Mar 17 06:22:48 UTC 2026
Cache sync 32 at Tue Mar 17 06:22:48 UTC 2026
Cache sync 33 at Tue Mar 17 06:22:48 UTC 2026
Cache sync 34 at Tue Mar 17 06:22:48 UTC 2026
Cache sync 35 at Tue Mar 17 06:22:48 UTC 2026
Cache sync 36 at Tue Mar 17 06:22:48 UTC 2026
Cache sync 37 at Tue Mar 17 06:22:48 UTC 2026
Cache sync 38 at Tue Mar 17 06:22:48 UTC 2026
Cache sync 39 at Tue Mar 17 06:22:48 UTC 2026
Cache sync 40 at Tue Mar 17 06:22:48 UTC 2026
Cache sync 41 at Tue Mar 17 06:22:48 UTC 2026
Cache sync 42 at Tue Mar 17 06:22:48 UTC 2026
Cache sync 43 at Tue Mar 17 06:22:48 UTC 2026
Cache sync 44 at Tue Mar 17 06:22:48 UTC 2026
Cache sync 45 at Tue Mar 17 06:22:48 UTC 2026
Cache sync 46 at Tue Mar 17 06:22:48 UTC 2026
Cache sync 47 at Tue Mar 17 06:22:48 UTC 2026
Cache sync 48 at Tue Mar 17 06:22:48 UTC 2026
Cache sync 49 at Tue Mar 17 06:22:48 UTC 2026
Cache sync 50 at Tue Mar 17 06:22:48 UTC 2026
Cache sync 51 at Tue Mar 17 06:22:48 UTC 2026
Cache sync 52 at Tue Mar 17 06:22:48 UTC 2026
Cache sync 53 at Tue Mar 17 06:22:48 UTC 2026
Cache sync 54 at Tue Mar 17 06:22:48 UTC 2026
Cache sync 55 at Tue Mar 17 06:22:48 UTC 2026
Cache sync 56 at Tue Mar 17 06:22:48 UTC 2026
Cache sync 1 at Tue Mar 17 09:18:34 UTC 2026
Cache sync 2 at Tue Mar 17 09:18:34 UTC 2026
Cache sync 3 at Tue Mar 17 09:18:34 UTC 2026
Cache sync 4 at Tue Mar 17 09:18:34 UTC 2026
Cache sync 5 at Tue Mar 17 09:18:34 UTC 2026
Cache sync 6 at Tue Mar 17 09:18:34 UTC 2026
Cache sync 7 at Tue Mar 17 09:18:34 UTC 2026
Cache sync 8 at Tue Mar 17 09:18:34 UTC 2026
Cache sync 9 at Tue Mar 17 09:18:34 UTC 2026
Cache sync 10 at Tue Mar 17 09:18:34 UTC 2026
Cache sync 11 at Tue Mar 17 09:18:34 UTC 2026
Cache sync 1 at Tue Mar 17 12:15:12 UTC 2026
Cache sync 2 at Tue Mar 17 12:15:12 UTC 2026
Cache sync 3 at Tue Mar 17 12:15:12 UTC 2026
Cache sync 4 at Tue Mar 17 12:15:12 UTC 2026
Cache sync 5 at Tue Mar 17 12:15:12 UTC 2026
Cache sync 6 at Tue Mar 17 12:15:13 UTC 2026
Cache sync 7 at Tue Mar 17 12:15:13 UTC 2026
Cache sync 8 at Tue Mar 17 12:15:13 UTC 2026
Cache sync 9 at Tue Mar 17 12:15:13 UTC 2026
Cache sync 10 at Tue Mar 17 12:15:13 UTC 2026
Cache sync 11 at Tue Mar 17 12:15:13 UTC 2026
Cache sync 12 at Tue Mar 17 12:15:13 UTC 2026
Cache sync 13 at Tue Mar 17 12:15:13 UTC 2026
Cache sync 14 at Tue Mar 17 12:15:13 UTC 2026
Cache sync 15 at Tue Mar 17 12:15:13 UTC 2026
Cache sync 16 at Tue Mar 17 12:15:13 UTC 2026
Cache sync 17 at Tue Mar 17 12:15:13 UTC 2026
Cache sync 18 at Tue Mar 17 12:15:13 UTC 2026
Cache sync 19 at Tue Mar 17 12:15:13 UTC 2026
Cache sync 20 at Tue Mar 17 12:15:13 UTC 2026
Cache sync 21 at Tue Mar 17 12:15:13 UTC 2026
Cache sync 22 at Tue Mar 17 12:15:13 UTC 2026
Cache sync 23 at Tue Mar 17 12:15:13 UTC 2026
Cache sync 24 at Tue Mar 17 12:15:13 UTC 2026
Cache sync 25 at Tue Mar 17 12:15:13 UTC 2026
Cache sync 26 at Tue Mar 17 12:15:13 UTC 2026
Cache sync 27 at Tue Mar 17 12:15:13 UTC 2026
Cache sync 28 at Tue Mar 17 12:15:13 UTC 2026
Cache sync 29 at Tue Mar 17 12:15:13 UTC 2026
Cache sync 30 at Tue Mar 17 12:15:13 UTC 2026
Cache sync 31 at Tue Mar 17 12:15:13 UTC 2026
Cache sync 32 at Tue Mar 17 12:15:13 UTC 2026
Cache sync 33 at Tue Mar 17 12:15:13 UTC 2026
Cache sync 34 at Tue Mar 17 12:15:13 UTC 2026
Cache sync 35 at Tue Mar 17 12:15:13 UTC 2026
Cache sync 36 at Tue Mar 17 12:15:13 UTC 2026
Cache sync 37 at Tue Mar 17 12:15:13 UTC 2026
Cache sync 38 at Tue Mar 17 12:15:13 UTC 2026
Cache sync 39 at Tue Mar 17 12:15:13 UTC 2026
Cache sync 40 at Tue Mar 17 12:15:13 UTC 2026
Cache sync 41 at Tue Mar 17 12:15:13 UTC 2026
Cache sync 42 at Tue Mar 17 12:15:13 UTC 2026
Cache sync 43 at Tue Mar 17 12:15:13 UTC 2026
Cache sync 1 at Tue Mar 17 15:23:37 UTC 2026
Cache sync 2 at Tue Mar 17 15:23:37 UTC 2026
Cache sync 3 at Tue Mar 17 15:23:37 UTC 2026
Cache sync 4 at Tue Mar 17 15:23:37 UTC 2026
Cache sync 5 at Tue Mar 17 15:23:37 UTC 2026
Cache sync 6 at Tue Mar 17 15:23:37 UTC 2026
Cache sync 7 at Tue Mar 17 15:23:37 UTC 2026
Cache sync 8 at Tue Mar 17 15:23:37 UTC 2026
Cache sync 1 at Tue Mar 17 18:18:47 UTC 2026
Cache sync 2 at Tue Mar 17 18:18:48 UTC 2026
Cache sync 3 at Tue Mar 17 18:18:48 UTC 2026
Cache sync 4 at Tue Mar 17 18:18:48 UTC 2026
Cache sync 5 at Tue Mar 17 18:18:48 UTC 2026
Cache sync 6 at Tue Mar 17 18:18:48 UTC 2026
Cache sync 7 at Tue Mar 17 18:18:48 UTC 2026
Cache sync 8 at Tue Mar 17 18:18:48 UTC 2026
Cache sync 1 at Tue Mar 17 21:12:20 UTC 2026
Cache sync 2 at Tue Mar 17 21:12:20 UTC 2026
Cache sync 3 at Tue Mar 17 21:12:20 UTC 2026
Cache sync 4 at Tue Mar 17 21:12:20 UTC 2026
Cache sync 5 at Tue Mar 17 21:12:20 UTC 2026
Cache sync 6 at Tue Mar 17 21:12:20 UTC 2026
Cache sync 7 at Tue Mar 17 21:12:20 UTC 2026
Cache sync 8 at Tue Mar 17 21:12:20 UTC 2026
Cache sync 9 at Tue Mar 17 21:12:20 UTC 2026
Cache sync 10 at Tue Mar 17 21:12:20 UTC 2026
Cache sync 11 at Tue Mar 17 21:12:20 UTC 2026
Cache sync 12 at Tue Mar 17 21:12:20 UTC 2026
Cache sync 13 at Tue Mar 17 21:12:20 UTC 2026
Cache sync 14 at Tue Mar 17 21:12:20 UTC 2026
Cache sync 15 at Tue Mar 17 21:12:20 UTC 2026
Cache sync 16 at Tue Mar 17 21:12:20 UTC 2026
Cache sync 17 at Tue Mar 17 21:12:20 UTC 2026
Cache sync 18 at Tue Mar 17 21:12:20 UTC 2026
Cache sync 19 at Tue Mar 17 21:12:20 UTC 2026
Cache sync 20 at Tue Mar 17 21:12:20 UTC 2026
Cache sync 21 at Tue Mar 17 21:12:20 UTC 2026
Cache sync 22 at Tue Mar 17 21:12:20 UTC 2026
Cache sync 23 at Tue Mar 17 21:12:20 UTC 2026
Cache sync 24 at Tue Mar 17 21:12:20 UTC 2026
Cache sync 25 at Tue Mar 17 21:12:20 UTC 2026
Cache sync 26 at Tue Mar 17 21:12:20 UTC 2026
Cache sync 27 at Tue Mar 17 21:12:20 UTC 2026
Cache sync 28 at Tue Mar 17 21:12:20 UTC 2026
Cache sync 29 at Tue Mar 17 21:12:20 UTC 2026
Cache sync 30 at Tue Mar 17 21:12:20 UTC 2026
Cache sync 31 at Tue Mar 17 21:12:20 UTC 2026
Cache sync 32 at Tue Mar 17 21:12:20 UTC 2026
Cache sync 33 at Tue Mar 17 21:12:20 UTC 2026
Cache sync 34 at Tue Mar 17 21:12:20 UTC 2026
Cache sync 35 at Tue Mar 17 21:12:20 UTC 2026
Cache sync 36 at Tue Mar 17 21:12:20 UTC 2026
Cache sync 37 at Tue Mar 17 21:12:20 UTC 2026
Cache sync 38 at Tue Mar 17 21:12:20 UTC 2026
Cache sync 39 at Tue Mar 17 21:12:20 UTC 2026
Cache sync 40 at Tue Mar 17 21:12:20 UTC 2026
Cache sync 41 at Tue Mar 17 21:12:20 UTC 2026
Cache sync 42 at Tue Mar 17 21:12:20 UTC 2026
Cache sync 43 at Tue Mar 17 21:12:20 UTC 2026
Cache sync 44 at Tue Mar 17 21:12:20 UTC 2026
Cache sync 45 at Tue Mar 17 21:12:20 UTC 2026
Cache sync 46 at Tue Mar 17 21:12:20 UTC 2026
Cache sync 47 at Tue Mar 17 21:12:20 UTC 2026
Cache sync 48 at Tue Mar 17 21:12:21 UTC 2026
Cache sync 49 at Tue Mar 17 21:12:21 UTC 2026
Cache sync 50 at Tue Mar 17 21:12:21 UTC 2026
Cache sync 51 at Tue Mar 17 21:12:21 UTC 2026
Cache sync 52 at Tue Mar 17 21:12:21 UTC 2026
Cache sync 53 at Tue Mar 17 21:12:21 UTC 2026
Cache sync 54 at Tue Mar 17 21:12:21 UTC 2026
Cache sync 55 at Tue Mar 17 21:12:21 UTC 2026
Cache sync 56 at Tue Mar 17 21:12:21 UTC 2026
Cache sync 57 at Tue Mar 17 21:12:21 UTC 2026
Cache sync 58 at Tue Mar 17 21:12:21 UTC 2026
Cache sync 59 at Tue Mar 17 21:12:21 UTC 2026
Cache sync 60 at Tue Mar 17 21:12:21 UTC 2026
Cache sync 61 at Tue Mar 17 21:12:21 UTC 2026
Cache sync 62 at Tue Mar 17 21:12:21 UTC 2026
Cache sync 63 at Tue Mar 17 21:12:21 UTC 2026
Cache sync 64 at Tue Mar 17 21:12:21 UTC 2026
Cache sync 65 at Tue Mar 17 21:12:21 UTC 2026
Cache sync 66 at Tue Mar 17 21:12:21 UTC 2026
Cache sync 1 at Wed Mar 18 00:19:50 UTC 2026
Cache sync 2 at Wed Mar 18 00:19:50 UTC 2026
Cache sync 3 at Wed Mar 18 00:19:50 UTC 2026
Cache sync 4 at Wed Mar 18 00:19:50 UTC 2026
Cache sync 5 at Wed Mar 18 00:19:50 UTC 2026
Cache sync 6 at Wed Mar 18 00:19:50 UTC 2026
Cache sync 7 at Wed Mar 18 00:19:50 UTC 2026
Cache sync 8 at Wed Mar 18 00:19:50 UTC 2026
Cache sync 9 at Wed Mar 18 00:19:50 UTC 2026
Cache sync 10 at Wed Mar 18 00:19:50 UTC 2026
Cache sync 11 at Wed Mar 18 00:19:50 UTC 2026
Cache sync 12 at Wed Mar 18 00:19:50 UTC 2026
Cache sync 13 at Wed Mar 18 00:19:50 UTC 2026
Cache sync 14 at Wed Mar 18 00:19:50 UTC 2026
Cache sync 15 at Wed Mar 18 00:19:50 UTC 2026
Cache sync 16 at Wed Mar 18 00:19:50 UTC 2026
Cache sync 17 at Wed Mar 18 00:19:50 UTC 2026
Cache sync 18 at Wed Mar 18 00:19:50 UTC 2026
Cache sync 19 at Wed Mar 18 00:19:50 UTC 2026
Cache sync 20 at Wed Mar 18 00:19:50 UTC 2026
Cache sync 21 at Wed Mar 18 00:19:50 UTC 2026
Cache sync 22 at Wed Mar 18 00:19:50 UTC 2026
Cache sync 23 at Wed Mar 18 00:19:50 UTC 2026
Cache sync 24 at Wed Mar 18 00:19:50 UTC 2026
Cache sync 25 at Wed Mar 18 00:19:50 UTC 2026
Cache sync 26 at Wed Mar 18 00:19:50 UTC 2026
Cache sync 27 at Wed Mar 18 00:19:50 UTC 2026
Cache sync 28 at Wed Mar 18 00:19:50 UTC 2026
Cache sync 29 at Wed Mar 18 00:19:50 UTC 2026
Cache sync 30 at Wed Mar 18 00:19:50 UTC 2026
Cache sync 31 at Wed Mar 18 00:19:50 UTC 2026
Cache sync 32 at Wed Mar 18 00:19:50 UTC 2026
Cache sync 33 at Wed Mar 18 00:19:50 UTC 2026
Cache sync 34 at Wed Mar 18 00:19:50 UTC 2026
Cache sync 35 at Wed Mar 18 00:19:50 UTC 2026
Cache sync 36 at Wed Mar 18 00:19:50 UTC 2026
Cache sync 37 at Wed Mar 18 00:19:50 UTC 2026
Cache sync 38 at Wed Mar 18 00:19:50 UTC 2026
Cache sync 39 at Wed Mar 18 00:19:50 UTC 2026
Cache sync 40 at Wed Mar 18 00:19:50 UTC 2026
Cache sync 41 at Wed Mar 18 00:19:50 UTC 2026
Cache sync 42 at Wed Mar 18 00:19:50 UTC 2026
Cache sync 43 at Wed Mar 18 00:19:50 UTC 2026
Cache sync 44 at Wed Mar 18 00:19:50 UTC 2026
Cache sync 45 at Wed Mar 18 00:19:50 UTC 2026
Cache sync 46 at Wed Mar 18 00:19:50 UTC 2026
Cache sync 47 at Wed Mar 18 00:19:50 UTC 2026
Cache sync 48 at Wed Mar 18 00:19:50 UTC 2026
Cache sync 49 at Wed Mar 18 00:19:50 UTC 2026
Cache sync 50 at Wed Mar 18 00:19:50 UTC 2026
Cache sync 51 at Wed Mar 18 00:19:50 UTC 2026
Cache sync 52 at Wed Mar 18 00:19:51 UTC 2026
Cache sync 53 at Wed Mar 18 00:19:51 UTC 2026
Cache sync 54 at Wed Mar 18 00:19:51 UTC 2026
Cache sync 55 at Wed Mar 18 00:19:51 UTC 2026
Cache sync 56 at Wed Mar 18 00:19:51 UTC 2026
Cache sync 57 at Wed Mar 18 00:19:51 UTC 2026
Cache sync 58 at Wed Mar 18 00:19:51 UTC 2026
Cache sync 59 at Wed Mar 18 00:19:51 UTC 2026
Cache sync 60 at Wed Mar 18 00:19:51 UTC 2026
Cache sync 61 at Wed Mar 18 00:19:51 UTC 2026
Cache sync 62 at Wed Mar 18 00:19:51 UTC 2026
Cache sync 63 at Wed Mar 18 00:19:51 UTC 2026
Cache sync 64 at Wed Mar 18 00:19:51 UTC 2026
Cache sync 65 at Wed Mar 18 00:19:51 UTC 2026
Cache sync 66 at Wed Mar 18 00:19:51 UTC 2026
Cache sync 67 at Wed Mar 18 00:19:51 UTC 2026
Cache sync 68 at Wed Mar 18 00:19:51 UTC 2026
Cache sync 69 at Wed Mar 18 00:19:51 UTC 2026
Cache sync 70 at Wed Mar 18 00:19:51 UTC 2026
Cache sync 71 at Wed Mar 18 00:19:51 UTC 2026
Cache sync 72 at Wed Mar 18 00:19:51 UTC 2026
Cache sync 73 at Wed Mar 18 00:19:51 UTC 2026
Cache sync 74 at Wed Mar 18 00:19:51 UTC 2026
Cache sync 75 at Wed Mar 18 00:19:51 UTC 2026
Cache sync 76 at Wed Mar 18 00:19:51 UTC 2026
Cache sync 77 at Wed Mar 18 00:19:51 UTC 2026
Cache sync 78 at Wed Mar 18 00:19:51 UTC 2026
Cache sync 79 at Wed Mar 18 00:19:51 UTC 2026
Cache sync 1 at Wed Mar 18 03:51:49 UTC 2026
Cache sync 2 at Wed Mar 18 03:51:49 UTC 2026
Cache sync 3 at Wed Mar 18 03:51:49 UTC 2026
Cache sync 4 at Wed Mar 18 03:51:49 UTC 2026
Cache sync 5 at Wed Mar 18 03:51:49 UTC 2026
Cache sync 6 at Wed Mar 18 03:51:49 UTC 2026
Cache sync 7 at Wed Mar 18 03:51:49 UTC 2026
Cache sync 8 at Wed Mar 18 03:51:49 UTC 2026
Cache sync 9 at Wed Mar 18 03:51:49 UTC 2026
Cache sync 10 at Wed Mar 18 03:51:49 UTC 2026
Cache sync 11 at Wed Mar 18 03:51:49 UTC 2026
Cache sync 12 at Wed Mar 18 03:51:49 UTC 2026
Cache sync 1 at Wed Mar 18 06:23:00 UTC 2026
Cache sync 2 at Wed Mar 18 06:23:00 UTC 2026
Cache sync 3 at Wed Mar 18 06:23:00 UTC 2026
Cache sync 4 at Wed Mar 18 06:23:00 UTC 2026
Cache sync 5 at Wed Mar 18 06:23:00 UTC 2026
Cache sync 6 at Wed Mar 18 06:23:01 UTC 2026
Cache sync 7 at Wed Mar 18 06:23:01 UTC 2026
Cache sync 8 at Wed Mar 18 06:23:01 UTC 2026
Cache sync 9 at Wed Mar 18 06:23:01 UTC 2026
Cache sync 10 at Wed Mar 18 06:23:01 UTC 2026
Cache sync 11 at Wed Mar 18 06:23:01 UTC 2026
Cache sync 12 at Wed Mar 18 06:23:01 UTC 2026
Cache sync 13 at Wed Mar 18 06:23:01 UTC 2026
Cache sync 14 at Wed Mar 18 06:23:01 UTC 2026
Cache sync 15 at Wed Mar 18 06:23:01 UTC 2026
Cache sync 16 at Wed Mar 18 06:23:01 UTC 2026
Cache sync 17 at Wed Mar 18 06:23:01 UTC 2026
Cache sync 18 at Wed Mar 18 06:23:01 UTC 2026
Cache sync 19 at Wed Mar 18 06:23:01 UTC 2026
Cache sync 20 at Wed Mar 18 06:23:01 UTC 2026
Cache sync 21 at Wed Mar 18 06:23:01 UTC 2026
Cache sync 22 at Wed Mar 18 06:23:01 UTC 2026
Cache sync 23 at Wed Mar 18 06:23:01 UTC 2026
Cache sync 24 at Wed Mar 18 06:23:01 UTC 2026
Cache sync 25 at Wed Mar 18 06:23:01 UTC 2026
Cache sync 26 at Wed Mar 18 06:23:01 UTC 2026
Cache sync 27 at Wed Mar 18 06:23:01 UTC 2026
Cache sync 28 at Wed Mar 18 06:23:01 UTC 2026
Cache sync 29 at Wed Mar 18 06:23:01 UTC 2026
Cache sync 30 at Wed Mar 18 06:23:01 UTC 2026
Cache sync 31 at Wed Mar 18 06:23:01 UTC 2026
Cache sync 32 at Wed Mar 18 06:23:01 UTC 2026
Cache sync 33 at Wed Mar 18 06:23:01 UTC 2026
Cache sync 34 at Wed Mar 18 06:23:01 UTC 2026
Cache sync 35 at Wed Mar 18 06:23:01 UTC 2026
Cache sync 36 at Wed Mar 18 06:23:01 UTC 2026
Cache sync 37 at Wed Mar 18 06:23:01 UTC 2026
Cache sync 38 at Wed Mar 18 06:23:01 UTC 2026
Cache sync 39 at Wed Mar 18 06:23:01 UTC 2026
Cache sync 40 at Wed Mar 18 06:23:01 UTC 2026
Cache sync 41 at Wed Mar 18 06:23:01 UTC 2026
Cache sync 42 at Wed Mar 18 06:23:01 UTC 2026
Cache sync 43 at Wed Mar 18 06:23:01 UTC 2026
Cache sync 44 at Wed Mar 18 06:23:01 UTC 2026
Cache sync 45 at Wed Mar 18 06:23:01 UTC 2026
Cache sync 46 at Wed Mar 18 06:23:01 UTC 2026
Cache sync 47 at Wed Mar 18 06:23:01 UTC 2026
Cache sync 48 at Wed Mar 18 06:23:01 UTC 2026
Cache sync 49 at Wed Mar 18 06:23:01 UTC 2026
Cache sync 50 at Wed Mar 18 06:23:01 UTC 2026
Cache sync 1 at Wed Mar 18 09:18:32 UTC 2026
Cache sync 2 at Wed Mar 18 09:18:32 UTC 2026
Cache sync 3 at Wed Mar 18 09:18:32 UTC 2026
Cache sync 4 at Wed Mar 18 09:18:32 UTC 2026
Cache sync 5 at Wed Mar 18 09:18:32 UTC 2026
Cache sync 6 at Wed Mar 18 09:18:32 UTC 2026
Cache sync 7 at Wed Mar 18 09:18:32 UTC 2026
Cache sync 8 at Wed Mar 18 09:18:32 UTC 2026
Cache sync 9 at Wed Mar 18 09:18:33 UTC 2026
Cache sync 10 at Wed Mar 18 09:18:33 UTC 2026
Cache sync 11 at Wed Mar 18 09:18:33 UTC 2026
Cache sync 12 at Wed Mar 18 09:18:33 UTC 2026
Cache sync 13 at Wed Mar 18 09:18:33 UTC 2026
Cache sync 14 at Wed Mar 18 09:18:33 UTC 2026
Cache sync 15 at Wed Mar 18 09:18:33 UTC 2026
Cache sync 16 at Wed Mar 18 09:18:33 UTC 2026
Cache sync 17 at Wed Mar 18 09:18:33 UTC 2026
Cache sync 18 at Wed Mar 18 09:18:33 UTC 2026
Cache sync 19 at Wed Mar 18 09:18:33 UTC 2026
Cache sync 20 at Wed Mar 18 09:18:33 UTC 2026
Cache sync 21 at Wed Mar 18 09:18:33 UTC 2026
Cache sync 22 at Wed Mar 18 09:18:33 UTC 2026
Cache sync 23 at Wed Mar 18 09:18:33 UTC 2026
Cache sync 24 at Wed Mar 18 09:18:33 UTC 2026
Cache sync 25 at Wed Mar 18 09:18:33 UTC 2026
Cache sync 26 at Wed Mar 18 09:18:33 UTC 2026
Cache sync 27 at Wed Mar 18 09:18:33 UTC 2026
Cache sync 28 at Wed Mar 18 09:18:33 UTC 2026
Cache sync 29 at Wed Mar 18 09:18:33 UTC 2026
Cache sync 30 at Wed Mar 18 09:18:33 UTC 2026
Cache sync 31 at Wed Mar 18 09:18:33 UTC 2026
Cache sync 32 at Wed Mar 18 09:18:33 UTC 2026
Cache sync 33 at Wed Mar 18 09:18:33 UTC 2026
Cache sync 34 at Wed Mar 18 09:18:33 UTC 2026
Cache sync 35 at Wed Mar 18 09:18:33 UTC 2026
Cache sync 36 at Wed Mar 18 09:18:33 UTC 2026
Cache sync 37 at Wed Mar 18 09:18:33 UTC 2026
Cache sync 38 at Wed Mar 18 09:18:33 UTC 2026
Cache sync 39 at Wed Mar 18 09:18:33 UTC 2026
Cache sync 40 at Wed Mar 18 09:18:33 UTC 2026
Cache sync 41 at Wed Mar 18 09:18:33 UTC 2026
Cache sync 42 at Wed Mar 18 09:18:33 UTC 2026
Cache sync 43 at Wed Mar 18 09:18:33 UTC 2026
Cache sync 44 at Wed Mar 18 09:18:33 UTC 2026
Cache sync 45 at Wed Mar 18 09:18:33 UTC 2026
Cache sync 46 at Wed Mar 18 09:18:33 UTC 2026
Cache sync 47 at Wed Mar 18 09:18:33 UTC 2026
Cache sync 1 at Wed Mar 18 12:15:57 UTC 2026
Cache sync 2 at Wed Mar 18 12:15:57 UTC 2026
Cache sync 3 at Wed Mar 18 12:15:57 UTC 2026
Cache sync 4 at Wed Mar 18 12:15:57 UTC 2026
Cache sync 5 at Wed Mar 18 12:15:57 UTC 2026
Cache sync 6 at Wed Mar 18 12:15:57 UTC 2026
Cache sync 7 at Wed Mar 18 12:15:57 UTC 2026
Cache sync 8 at Wed Mar 18 12:15:57 UTC 2026
Cache sync 9 at Wed Mar 18 12:15:57 UTC 2026
Cache sync 10 at Wed Mar 18 12:15:57 UTC 2026
Cache sync 11 at Wed Mar 18 12:15:57 UTC 2026
Cache sync 12 at Wed Mar 18 12:15:57 UTC 2026
Cache sync 13 at Wed Mar 18 12:15:57 UTC 2026
Cache sync 14 at Wed Mar 18 12:15:57 UTC 2026
Cache sync 15 at Wed Mar 18 12:15:57 UTC 2026
Cache sync 16 at Wed Mar 18 12:15:57 UTC 2026
Cache sync 17 at Wed Mar 18 12:15:58 UTC 2026
Cache sync 18 at Wed Mar 18 12:15:58 UTC 2026
Cache sync 19 at Wed Mar 18 12:15:58 UTC 2026
Cache sync 20 at Wed Mar 18 12:15:58 UTC 2026
Cache sync 21 at Wed Mar 18 12:15:58 UTC 2026
Cache sync 22 at Wed Mar 18 12:15:58 UTC 2026
Cache sync 23 at Wed Mar 18 12:15:58 UTC 2026
Cache sync 24 at Wed Mar 18 12:15:58 UTC 2026
Cache sync 25 at Wed Mar 18 12:15:58 UTC 2026
Cache sync 26 at Wed Mar 18 12:15:58 UTC 2026
Cache sync 27 at Wed Mar 18 12:15:58 UTC 2026
Cache sync 28 at Wed Mar 18 12:15:58 UTC 2026
Cache sync 29 at Wed Mar 18 12:15:58 UTC 2026
Cache sync 30 at Wed Mar 18 12:15:58 UTC 2026
Cache sync 31 at Wed Mar 18 12:15:58 UTC 2026
Cache sync 32 at Wed Mar 18 12:15:58 UTC 2026
Cache sync 33 at Wed Mar 18 12:15:58 UTC 2026
Cache sync 34 at Wed Mar 18 12:15:58 UTC 2026
Cache sync 35 at Wed Mar 18 12:15:58 UTC 2026
Cache sync 36 at Wed Mar 18 12:15:58 UTC 2026
Cache sync 37 at Wed Mar 18 12:15:58 UTC 2026
Cache sync 38 at Wed Mar 18 12:15:58 UTC 2026
Cache sync 39 at Wed Mar 18 12:15:58 UTC 2026
Cache sync 40 at Wed Mar 18 12:15:58 UTC 2026
Cache sync 41 at Wed Mar 18 12:15:58 UTC 2026
Cache sync 42 at Wed Mar 18 12:15:58 UTC 2026
Cache sync 43 at Wed Mar 18 12:15:58 UTC 2026
Cache sync 44 at Wed Mar 18 12:15:58 UTC 2026
Cache sync 45 at Wed Mar 18 12:15:58 UTC 2026
Cache sync 46 at Wed Mar 18 12:15:58 UTC 2026
Cache sync 47 at Wed Mar 18 12:15:58 UTC 2026
Cache sync 48 at Wed Mar 18 12:15:58 UTC 2026
Cache sync 49 at Wed Mar 18 12:15:58 UTC 2026
Cache sync 50 at Wed Mar 18 12:15:58 UTC 2026
Cache sync 51 at Wed Mar 18 12:15:58 UTC 2026
Cache sync 52 at Wed Mar 18 12:15:58 UTC 2026
Cache sync 53 at Wed Mar 18 12:15:58 UTC 2026
Cache sync 54 at Wed Mar 18 12:15:58 UTC 2026
Cache sync 55 at Wed Mar 18 12:15:58 UTC 2026
Cache sync 56 at Wed Mar 18 12:15:58 UTC 2026
Cache sync 57 at Wed Mar 18 12:15:58 UTC 2026
Cache sync 58 at Wed Mar 18 12:15:58 UTC 2026
Cache sync 59 at Wed Mar 18 12:15:58 UTC 2026
Cache sync 60 at Wed Mar 18 12:15:58 UTC 2026
Cache sync 61 at Wed Mar 18 12:15:58 UTC 2026
Cache sync 62 at Wed Mar 18 12:15:58 UTC 2026
Cache sync 63 at Wed Mar 18 12:15:58 UTC 2026
Cache sync 64 at Wed Mar 18 12:15:58 UTC 2026
Cache sync 65 at Wed Mar 18 12:15:58 UTC 2026
Cache sync 66 at Wed Mar 18 12:15:58 UTC 2026
Cache sync 67 at Wed Mar 18 12:15:58 UTC 2026
Cache sync 68 at Wed Mar 18 12:15:58 UTC 2026
Cache sync 69 at Wed Mar 18 12:15:58 UTC 2026
Cache sync 70 at Wed Mar 18 12:15:58 UTC 2026
Cache sync 1 at Wed Mar 18 15:27:33 UTC 2026
Cache sync 2 at Wed Mar 18 15:27:33 UTC 2026
Cache sync 3 at Wed Mar 18 15:27:33 UTC 2026
Cache sync 4 at Wed Mar 18 15:27:33 UTC 2026
Cache sync 5 at Wed Mar 18 15:27:33 UTC 2026
Cache sync 6 at Wed Mar 18 15:27:33 UTC 2026
Cache sync 7 at Wed Mar 18 15:27:33 UTC 2026
Cache sync 8 at Wed Mar 18 15:27:33 UTC 2026
Cache sync 9 at Wed Mar 18 15:27:33 UTC 2026
Cache sync 10 at Wed Mar 18 15:27:33 UTC 2026
Cache sync 11 at Wed Mar 18 15:27:33 UTC 2026
Cache sync 12 at Wed Mar 18 15:27:33 UTC 2026
Cache sync 13 at Wed Mar 18 15:27:33 UTC 2026
Cache sync 14 at Wed Mar 18 15:27:33 UTC 2026
Cache sync 15 at Wed Mar 18 15:27:33 UTC 2026
Cache sync 16 at Wed Mar 18 15:27:33 UTC 2026
Cache sync 17 at Wed Mar 18 15:27:33 UTC 2026
Cache sync 18 at Wed Mar 18 15:27:33 UTC 2026
Cache sync 19 at Wed Mar 18 15:27:33 UTC 2026
Cache sync 20 at Wed Mar 18 15:27:33 UTC 2026
Cache sync 21 at Wed Mar 18 15:27:34 UTC 2026
Cache sync 22 at Wed Mar 18 15:27:34 UTC 2026
Cache sync 23 at Wed Mar 18 15:27:34 UTC 2026
Cache sync 24 at Wed Mar 18 15:27:34 UTC 2026
Cache sync 25 at Wed Mar 18 15:27:34 UTC 2026
Cache sync 26 at Wed Mar 18 15:27:34 UTC 2026
Cache sync 27 at Wed Mar 18 15:27:34 UTC 2026
Cache sync 28 at Wed Mar 18 15:27:34 UTC 2026
Cache sync 29 at Wed Mar 18 15:27:34 UTC 2026
Cache sync 30 at Wed Mar 18 15:27:34 UTC 2026
Cache sync 1 at Wed Mar 18 18:20:20 UTC 2026
Cache sync 2 at Wed Mar 18 18:20:20 UTC 2026
Cache sync 3 at Wed Mar 18 18:20:20 UTC 2026
Cache sync 4 at Wed Mar 18 18:20:20 UTC 2026
Cache sync 5 at Wed Mar 18 18:20:20 UTC 2026
Cache sync 6 at Wed Mar 18 18:20:20 UTC 2026
Cache sync 7 at Wed Mar 18 18:20:20 UTC 2026
Cache sync 8 at Wed Mar 18 18:20:20 UTC 2026
Cache sync 9 at Wed Mar 18 18:20:20 UTC 2026
Cache sync 10 at Wed Mar 18 18:20:20 UTC 2026
Cache sync 11 at Wed Mar 18 18:20:20 UTC 2026
Cache sync 12 at Wed Mar 18 18:20:20 UTC 2026
Cache sync 13 at Wed Mar 18 18:20:20 UTC 2026
Cache sync 14 at Wed Mar 18 18:20:21 UTC 2026
Cache sync 15 at Wed Mar 18 18:20:21 UTC 2026
Cache sync 16 at Wed Mar 18 18:20:21 UTC 2026
Cache sync 17 at Wed Mar 18 18:20:21 UTC 2026
Cache sync 18 at Wed Mar 18 18:20:21 UTC 2026
Cache sync 19 at Wed Mar 18 18:20:21 UTC 2026
Cache sync 20 at Wed Mar 18 18:20:21 UTC 2026
Cache sync 21 at Wed Mar 18 18:20:21 UTC 2026
Cache sync 22 at Wed Mar 18 18:20:21 UTC 2026
Cache sync 23 at Wed Mar 18 18:20:21 UTC 2026
Cache sync 24 at Wed Mar 18 18:20:21 UTC 2026
Cache sync 25 at Wed Mar 18 18:20:21 UTC 2026
Cache sync 26 at Wed Mar 18 18:20:21 UTC 2026
Cache sync 27 at Wed Mar 18 18:20:21 UTC 2026
Cache sync 28 at Wed Mar 18 18:20:21 UTC 2026
Cache sync 29 at Wed Mar 18 18:20:21 UTC 2026
Cache sync 30 at Wed Mar 18 18:20:21 UTC 2026
Cache sync 31 at Wed Mar 18 18:20:21 UTC 2026
Cache sync 32 at Wed Mar 18 18:20:21 UTC 2026
Cache sync 33 at Wed Mar 18 18:20:21 UTC 2026
Cache sync 1 at Wed Mar 18 21:11:33 UTC 2026
Cache sync 2 at Wed Mar 18 21:11:34 UTC 2026
Cache sync 3 at Wed Mar 18 21:11:34 UTC 2026
Cache sync 4 at Wed Mar 18 21:11:34 UTC 2026
Cache sync 5 at Wed Mar 18 21:11:34 UTC 2026
Cache sync 6 at Wed Mar 18 21:11:34 UTC 2026
Cache sync 7 at Wed Mar 18 21:11:34 UTC 2026
Cache sync 8 at Wed Mar 18 21:11:34 UTC 2026
Cache sync 9 at Wed Mar 18 21:11:34 UTC 2026
Cache sync 10 at Wed Mar 18 21:11:34 UTC 2026
Cache sync 11 at Wed Mar 18 21:11:34 UTC 2026
Cache sync 12 at Wed Mar 18 21:11:34 UTC 2026
Cache sync 13 at Wed Mar 18 21:11:34 UTC 2026
Cache sync 14 at Wed Mar 18 21:11:34 UTC 2026
Cache sync 15 at Wed Mar 18 21:11:34 UTC 2026
Cache sync 16 at Wed Mar 18 21:11:34 UTC 2026
Cache sync 17 at Wed Mar 18 21:11:34 UTC 2026
Cache sync 18 at Wed Mar 18 21:11:34 UTC 2026
Cache sync 19 at Wed Mar 18 21:11:34 UTC 2026
Cache sync 20 at Wed Mar 18 21:11:34 UTC 2026
Cache sync 21 at Wed Mar 18 21:11:34 UTC 2026
Cache sync 22 at Wed Mar 18 21:11:34 UTC 2026
Cache sync 23 at Wed Mar 18 21:11:34 UTC 2026
Cache sync 24 at Wed Mar 18 21:11:34 UTC 2026
Cache sync 25 at Wed Mar 18 21:11:34 UTC 2026
Cache sync 26 at Wed Mar 18 21:11:34 UTC 2026
Cache sync 27 at Wed Mar 18 21:11:34 UTC 2026
Cache sync 28 at Wed Mar 18 21:11:34 UTC 2026
Cache sync 29 at Wed Mar 18 21:11:34 UTC 2026
Cache sync 30 at Wed Mar 18 21:11:34 UTC 2026
Cache sync 31 at Wed Mar 18 21:11:34 UTC 2026
Cache sync 32 at Wed Mar 18 21:11:34 UTC 2026
Cache sync 33 at Wed Mar 18 21:11:34 UTC 2026
Cache sync 34 at Wed Mar 18 21:11:34 UTC 2026
Cache sync 35 at Wed Mar 18 21:11:34 UTC 2026
Cache sync 36 at Wed Mar 18 21:11:34 UTC 2026
Cache sync 37 at Wed Mar 18 21:11:34 UTC 2026
Cache sync 38 at Wed Mar 18 21:11:34 UTC 2026
Cache sync 39 at Wed Mar 18 21:11:34 UTC 2026
Cache sync 1 at Thu Mar 19 00:19:56 UTC 2026
Cache sync 2 at Thu Mar 19 00:19:56 UTC 2026
Cache sync 3 at Thu Mar 19 00:19:56 UTC 2026
Cache sync 4 at Thu Mar 19 00:19:56 UTC 2026
Cache sync 5 at Thu Mar 19 00:19:56 UTC 2026
Cache sync 6 at Thu Mar 19 00:19:56 UTC 2026
Cache sync 7 at Thu Mar 19 00:19:56 UTC 2026
Cache sync 8 at Thu Mar 19 00:19:56 UTC 2026
Cache sync 9 at Thu Mar 19 00:19:56 UTC 2026
Cache sync 10 at Thu Mar 19 00:19:56 UTC 2026
Cache sync 11 at Thu Mar 19 00:19:56 UTC 2026
Cache sync 12 at Thu Mar 19 00:19:56 UTC 2026
Cache sync 13 at Thu Mar 19 00:19:56 UTC 2026
Cache sync 14 at Thu Mar 19 00:19:56 UTC 2026
Cache sync 15 at Thu Mar 19 00:19:56 UTC 2026
Cache sync 16 at Thu Mar 19 00:19:56 UTC 2026
Cache sync 17 at Thu Mar 19 00:19:56 UTC 2026
Cache sync 18 at Thu Mar 19 00:19:56 UTC 2026
Cache sync 19 at Thu Mar 19 00:19:56 UTC 2026
Cache sync 20 at Thu Mar 19 00:19:56 UTC 2026
Cache sync 21 at Thu Mar 19 00:19:56 UTC 2026
Cache sync 22 at Thu Mar 19 00:19:56 UTC 2026
Cache sync 23 at Thu Mar 19 00:19:56 UTC 2026
Cache sync 24 at Thu Mar 19 00:19:56 UTC 2026
Cache sync 25 at Thu Mar 19 00:19:56 UTC 2026
Cache sync 26 at Thu Mar 19 00:19:56 UTC 2026
Cache sync 27 at Thu Mar 19 00:19:56 UTC 2026
Cache sync 28 at Thu Mar 19 00:19:56 UTC 2026
Cache sync 29 at Thu Mar 19 00:19:56 UTC 2026
Cache sync 30 at Thu Mar 19 00:19:56 UTC 2026
Cache sync 31 at Thu Mar 19 00:19:56 UTC 2026
Cache sync 32 at Thu Mar 19 00:19:56 UTC 2026
Cache sync 33 at Thu Mar 19 00:19:56 UTC 2026
Cache sync 34 at Thu Mar 19 00:19:56 UTC 2026
Cache sync 35 at Thu Mar 19 00:19:56 UTC 2026
Cache sync 36 at Thu Mar 19 00:19:56 UTC 2026
Cache sync 37 at Thu Mar 19 00:19:56 UTC 2026
Cache sync 38 at Thu Mar 19 00:19:56 UTC 2026
Cache sync 39 at Thu Mar 19 00:19:56 UTC 2026
Cache sync 40 at Thu Mar 19 00:19:56 UTC 2026
Cache sync 1 at Thu Mar 19 03:51:39 UTC 2026
Cache sync 1 at Thu Mar 19 06:20:45 UTC 2026
Cache sync 2 at Thu Mar 19 06:20:45 UTC 2026
Cache sync 3 at Thu Mar 19 06:20:45 UTC 2026
Cache sync 4 at Thu Mar 19 06:20:45 UTC 2026
Cache sync 5 at Thu Mar 19 06:20:45 UTC 2026
Cache sync 6 at Thu Mar 19 06:20:45 UTC 2026
Cache sync 7 at Thu Mar 19 06:20:45 UTC 2026
Cache sync 8 at Thu Mar 19 06:20:45 UTC 2026
Cache sync 9 at Thu Mar 19 06:20:45 UTC 2026
Cache sync 10 at Thu Mar 19 06:20:45 UTC 2026
Cache sync 11 at Thu Mar 19 06:20:45 UTC 2026
Cache sync 12 at Thu Mar 19 06:20:45 UTC 2026
Cache sync 13 at Thu Mar 19 06:20:45 UTC 2026
Cache sync 14 at Thu Mar 19 06:20:45 UTC 2026
Cache sync 15 at Thu Mar 19 06:20:45 UTC 2026
Cache sync 16 at Thu Mar 19 06:20:45 UTC 2026
Cache sync 17 at Thu Mar 19 06:20:45 UTC 2026
Cache sync 18 at Thu Mar 19 06:20:45 UTC 2026
Cache sync 19 at Thu Mar 19 06:20:45 UTC 2026
Cache sync 20 at Thu Mar 19 06:20:45 UTC 2026
Cache sync 21 at Thu Mar 19 06:20:45 UTC 2026
Cache sync 22 at Thu Mar 19 06:20:45 UTC 2026
Cache sync 23 at Thu Mar 19 06:20:45 UTC 2026
Cache sync 24 at Thu Mar 19 06:20:45 UTC 2026
Cache sync 25 at Thu Mar 19 06:20:45 UTC 2026
Cache sync 26 at Thu Mar 19 06:20:45 UTC 2026
Cache sync 27 at Thu Mar 19 06:20:45 UTC 2026
Cache sync 28 at Thu Mar 19 06:20:45 UTC 2026
Cache sync 29 at Thu Mar 19 06:20:45 UTC 2026
Cache sync 30 at Thu Mar 19 06:20:45 UTC 2026
Cache sync 31 at Thu Mar 19 06:20:45 UTC 2026
Cache sync 32 at Thu Mar 19 06:20:45 UTC 2026
Cache sync 33 at Thu Mar 19 06:20:45 UTC 2026
Cache sync 34 at Thu Mar 19 06:20:45 UTC 2026
Cache sync 35 at Thu Mar 19 06:20:45 UTC 2026
Cache sync 36 at Thu Mar 19 06:20:45 UTC 2026
Cache sync 37 at Thu Mar 19 06:20:45 UTC 2026
Cache sync 38 at Thu Mar 19 06:20:45 UTC 2026
Cache sync 39 at Thu Mar 19 06:20:45 UTC 2026
Cache sync 40 at Thu Mar 19 06:20:45 UTC 2026
Cache sync 41 at Thu Mar 19 06:20:45 UTC 2026
Cache sync 42 at Thu Mar 19 06:20:45 UTC 2026
Cache sync 43 at Thu Mar 19 06:20:45 UTC 2026
Cache sync 44 at Thu Mar 19 06:20:45 UTC 2026
Cache sync 45 at Thu Mar 19 06:20:45 UTC 2026
Cache sync 46 at Thu Mar 19 06:20:45 UTC 2026
Cache sync 47 at Thu Mar 19 06:20:45 UTC 2026
Cache sync 48 at Thu Mar 19 06:20:45 UTC 2026
Cache sync 49 at Thu Mar 19 06:20:46 UTC 2026
Cache sync 50 at Thu Mar 19 06:20:46 UTC 2026
Cache sync 51 at Thu Mar 19 06:20:46 UTC 2026
Cache sync 52 at Thu Mar 19 06:20:46 UTC 2026
Cache sync 1 at Thu Mar 19 09:15:14 UTC 2026
Cache sync 2 at Thu Mar 19 09:15:14 UTC 2026
Cache sync 3 at Thu Mar 19 09:15:14 UTC 2026
Cache sync 4 at Thu Mar 19 09:15:14 UTC 2026
Cache sync 5 at Thu Mar 19 09:15:14 UTC 2026
Cache sync 6 at Thu Mar 19 09:15:14 UTC 2026
Cache sync 7 at Thu Mar 19 09:15:14 UTC 2026
Cache sync 8 at Thu Mar 19 09:15:14 UTC 2026
Cache sync 9 at Thu Mar 19 09:15:14 UTC 2026
Cache sync 10 at Thu Mar 19 09:15:14 UTC 2026
Cache sync 11 at Thu Mar 19 09:15:14 UTC 2026
Cache sync 12 at Thu Mar 19 09:15:14 UTC 2026
Cache sync 13 at Thu Mar 19 09:15:15 UTC 2026
Cache sync 14 at Thu Mar 19 09:15:15 UTC 2026
Cache sync 15 at Thu Mar 19 09:15:15 UTC 2026
Cache sync 16 at Thu Mar 19 09:15:15 UTC 2026
Cache sync 17 at Thu Mar 19 09:15:15 UTC 2026
Cache sync 18 at Thu Mar 19 09:15:15 UTC 2026
Cache sync 19 at Thu Mar 19 09:15:15 UTC 2026
Cache sync 20 at Thu Mar 19 09:15:15 UTC 2026
Cache sync 21 at Thu Mar 19 09:15:15 UTC 2026
Cache sync 22 at Thu Mar 19 09:15:15 UTC 2026
Cache sync 23 at Thu Mar 19 09:15:15 UTC 2026
Cache sync 24 at Thu Mar 19 09:15:15 UTC 2026
Cache sync 25 at Thu Mar 19 09:15:15 UTC 2026
Cache sync 26 at Thu Mar 19 09:15:15 UTC 2026
Cache sync 27 at Thu Mar 19 09:15:15 UTC 2026
Cache sync 28 at Thu Mar 19 09:15:15 UTC 2026
Cache sync 29 at Thu Mar 19 09:15:15 UTC 2026
Cache sync 30 at Thu Mar 19 09:15:15 UTC 2026
Cache sync 31 at Thu Mar 19 09:15:15 UTC 2026
Cache sync 32 at Thu Mar 19 09:15:15 UTC 2026
Cache sync 33 at Thu Mar 19 09:15:15 UTC 2026
Cache sync 34 at Thu Mar 19 09:15:15 UTC 2026
Cache sync 35 at Thu Mar 19 09:15:15 UTC 2026
Cache sync 36 at Thu Mar 19 09:15:15 UTC 2026
Cache sync 37 at Thu Mar 19 09:15:15 UTC 2026
Cache sync 38 at Thu Mar 19 09:15:15 UTC 2026
Cache sync 39 at Thu Mar 19 09:15:15 UTC 2026
Cache sync 40 at Thu Mar 19 09:15:15 UTC 2026
Cache sync 41 at Thu Mar 19 09:15:15 UTC 2026
Cache sync 42 at Thu Mar 19 09:15:15 UTC 2026
Cache sync 43 at Thu Mar 19 09:15:15 UTC 2026
Cache sync 44 at Thu Mar 19 09:15:15 UTC 2026
Cache sync 45 at Thu Mar 19 09:15:15 UTC 2026
Cache sync 46 at Thu Mar 19 09:15:15 UTC 2026
Cache sync 47 at Thu Mar 19 09:15:15 UTC 2026
Cache sync 48 at Thu Mar 19 09:15:15 UTC 2026
Cache sync 49 at Thu Mar 19 09:15:15 UTC 2026
Cache sync 50 at Thu Mar 19 09:15:15 UTC 2026
Cache sync 51 at Thu Mar 19 09:15:15 UTC 2026
Cache sync 52 at Thu Mar 19 09:15:15 UTC 2026
Cache sync 1 at Thu Mar 19 12:11:04 UTC 2026
Cache sync 2 at Thu Mar 19 12:11:04 UTC 2026
Cache sync 3 at Thu Mar 19 12:11:04 UTC 2026
Cache sync 4 at Thu Mar 19 12:11:04 UTC 2026
Cache sync 5 at Thu Mar 19 12:11:04 UTC 2026
Cache sync 6 at Thu Mar 19 12:11:04 UTC 2026
Cache sync 7 at Thu Mar 19 12:11:04 UTC 2026
Cache sync 8 at Thu Mar 19 12:11:04 UTC 2026
Cache sync 9 at Thu Mar 19 12:11:04 UTC 2026
Cache sync 10 at Thu Mar 19 12:11:04 UTC 2026
Cache sync 11 at Thu Mar 19 12:11:04 UTC 2026
Cache sync 12 at Thu Mar 19 12:11:04 UTC 2026
Cache sync 13 at Thu Mar 19 12:11:04 UTC 2026
Cache sync 14 at Thu Mar 19 12:11:04 UTC 2026
Cache sync 15 at Thu Mar 19 12:11:04 UTC 2026
Cache sync 16 at Thu Mar 19 12:11:04 UTC 2026
Cache sync 17 at Thu Mar 19 12:11:04 UTC 2026
Cache sync 18 at Thu Mar 19 12:11:04 UTC 2026
Cache sync 19 at Thu Mar 19 12:11:04 UTC 2026
Cache sync 20 at Thu Mar 19 12:11:04 UTC 2026
Cache sync 21 at Thu Mar 19 12:11:04 UTC 2026
Cache sync 1 at Thu Mar 19 21:10:46 UTC 2026
Cache sync 2 at Thu Mar 19 21:10:46 UTC 2026
Cache sync 3 at Thu Mar 19 21:10:46 UTC 2026
Cache sync 4 at Thu Mar 19 21:10:46 UTC 2026
Cache sync 5 at Thu Mar 19 21:10:46 UTC 2026
Cache sync 6 at Thu Mar 19 21:10:46 UTC 2026
Cache sync 7 at Thu Mar 19 21:10:46 UTC 2026
Cache sync 8 at Thu Mar 19 21:10:46 UTC 2026
Cache sync 9 at Thu Mar 19 21:10:46 UTC 2026
Cache sync 10 at Thu Mar 19 21:10:46 UTC 2026
Cache sync 11 at Thu Mar 19 21:10:46 UTC 2026
Cache sync 12 at Thu Mar 19 21:10:46 UTC 2026
Cache sync 13 at Thu Mar 19 21:10:46 UTC 2026
Cache sync 14 at Thu Mar 19 21:10:46 UTC 2026
Cache sync 15 at Thu Mar 19 21:10:46 UTC 2026
Cache sync 16 at Thu Mar 19 21:10:46 UTC 2026
Cache sync 17 at Thu Mar 19 21:10:47 UTC 2026
Cache sync 18 at Thu Mar 19 21:10:47 UTC 2026
Cache sync 19 at Thu Mar 19 21:10:47 UTC 2026
Cache sync 20 at Thu Mar 19 21:10:47 UTC 2026
Cache sync 21 at Thu Mar 19 21:10:47 UTC 2026
Cache sync 22 at Thu Mar 19 21:10:47 UTC 2026
Cache sync 23 at Thu Mar 19 21:10:47 UTC 2026
Cache sync 24 at Thu Mar 19 21:10:47 UTC 2026
Cache sync 25 at Thu Mar 19 21:10:47 UTC 2026
Cache sync 26 at Thu Mar 19 21:10:47 UTC 2026
Cache sync 27 at Thu Mar 19 21:10:47 UTC 2026
Cache sync 28 at Thu Mar 19 21:10:47 UTC 2026
Cache sync 29 at Thu Mar 19 21:10:47 UTC 2026
Cache sync 30 at Thu Mar 19 21:10:47 UTC 2026
Cache sync 31 at Thu Mar 19 21:10:47 UTC 2026
Cache sync 32 at Thu Mar 19 21:10:47 UTC 2026
Cache sync 33 at Thu Mar 19 21:10:47 UTC 2026
Cache sync 34 at Thu Mar 19 21:10:47 UTC 2026
Cache sync 35 at Thu Mar 19 21:10:47 UTC 2026
Cache sync 36 at Thu Mar 19 21:10:47 UTC 2026
Cache sync 37 at Thu Mar 19 21:10:47 UTC 2026
Cache sync 38 at Thu Mar 19 21:10:47 UTC 2026
Cache sync 39 at Thu Mar 19 21:10:47 UTC 2026
Cache sync 40 at Thu Mar 19 21:10:47 UTC 2026
Cache sync 41 at Thu Mar 19 21:10:47 UTC 2026
Cache sync 42 at Thu Mar 19 21:10:47 UTC 2026
Cache sync 43 at Thu Mar 19 21:10:47 UTC 2026
Cache sync 44 at Thu Mar 19 21:10:47 UTC 2026
Cache sync 45 at Thu Mar 19 21:10:47 UTC 2026
Cache sync 46 at Thu Mar 19 21:10:47 UTC 2026
Cache sync 47 at Thu Mar 19 21:10:47 UTC 2026
Cache sync 48 at Thu Mar 19 21:10:47 UTC 2026
Cache sync 49 at Thu Mar 19 21:10:47 UTC 2026
Cache sync 50 at Thu Mar 19 21:10:47 UTC 2026
Cache sync 51 at Thu Mar 19 21:10:47 UTC 2026
Cache sync 52 at Thu Mar 19 21:10:47 UTC 2026
Cache sync 53 at Thu Mar 19 21:10:47 UTC 2026
Cache sync 54 at Thu Mar 19 21:10:47 UTC 2026
Cache sync 55 at Thu Mar 19 21:10:47 UTC 2026
Cache sync 56 at Thu Mar 19 21:10:47 UTC 2026
Cache sync 57 at Thu Mar 19 21:10:47 UTC 2026
Cache sync 1 at Fri Mar 20 00:18:44 UTC 2026
Cache sync 2 at Fri Mar 20 00:18:44 UTC 2026
Cache sync 3 at Fri Mar 20 00:18:44 UTC 2026
Cache sync 4 at Fri Mar 20 00:18:44 UTC 2026
Cache sync 5 at Fri Mar 20 00:18:44 UTC 2026
Cache sync 6 at Fri Mar 20 00:18:44 UTC 2026
Cache sync 7 at Fri Mar 20 00:18:44 UTC 2026
Cache sync 8 at Fri Mar 20 00:18:44 UTC 2026
Cache sync 9 at Fri Mar 20 00:18:44 UTC 2026
Cache sync 10 at Fri Mar 20 00:18:44 UTC 2026
Cache sync 11 at Fri Mar 20 00:18:44 UTC 2026
Cache sync 12 at Fri Mar 20 00:18:44 UTC 2026
Cache sync 13 at Fri Mar 20 00:18:44 UTC 2026
Cache sync 14 at Fri Mar 20 00:18:44 UTC 2026
Cache sync 15 at Fri Mar 20 00:18:44 UTC 2026
Cache sync 16 at Fri Mar 20 00:18:44 UTC 2026
Cache sync 17 at Fri Mar 20 00:18:44 UTC 2026
Cache sync 18 at Fri Mar 20 00:18:44 UTC 2026
Cache sync 19 at Fri Mar 20 00:18:44 UTC 2026
Cache sync 20 at Fri Mar 20 00:18:44 UTC 2026
Cache sync 21 at Fri Mar 20 00:18:44 UTC 2026
Cache sync 22 at Fri Mar 20 00:18:44 UTC 2026
Cache sync 23 at Fri Mar 20 00:18:44 UTC 2026
Cache sync 24 at Fri Mar 20 00:18:44 UTC 2026
Cache sync 25 at Fri Mar 20 00:18:44 UTC 2026
Cache sync 26 at Fri Mar 20 00:18:44 UTC 2026
Cache sync 27 at Fri Mar 20 00:18:44 UTC 2026
Cache sync 28 at Fri Mar 20 00:18:44 UTC 2026
Cache sync 29 at Fri Mar 20 00:18:44 UTC 2026
Cache sync 30 at Fri Mar 20 00:18:44 UTC 2026
Cache sync 31 at Fri Mar 20 00:18:44 UTC 2026
Cache sync 1 at Fri Mar 20 03:47:35 UTC 2026
Cache sync 2 at Fri Mar 20 03:47:35 UTC 2026
Cache sync 3 at Fri Mar 20 03:47:35 UTC 2026
Cache sync 4 at Fri Mar 20 03:47:35 UTC 2026
Cache sync 1 at Fri Mar 20 06:17:30 UTC 2026
Cache sync 2 at Fri Mar 20 06:17:30 UTC 2026
Cache sync 3 at Fri Mar 20 06:17:30 UTC 2026
Cache sync 4 at Fri Mar 20 06:17:30 UTC 2026
Cache sync 5 at Fri Mar 20 06:17:30 UTC 2026
Cache sync 6 at Fri Mar 20 06:17:30 UTC 2026
Cache sync 7 at Fri Mar 20 06:17:30 UTC 2026
Cache sync 8 at Fri Mar 20 06:17:30 UTC 2026
Cache sync 9 at Fri Mar 20 06:17:30 UTC 2026
Cache sync 10 at Fri Mar 20 06:17:30 UTC 2026
Cache sync 11 at Fri Mar 20 06:17:30 UTC 2026
Cache sync 12 at Fri Mar 20 06:17:30 UTC 2026
Cache sync 13 at Fri Mar 20 06:17:30 UTC 2026
Cache sync 14 at Fri Mar 20 06:17:30 UTC 2026
Cache sync 15 at Fri Mar 20 06:17:30 UTC 2026
Cache sync 16 at Fri Mar 20 06:17:30 UTC 2026
Cache sync 17 at Fri Mar 20 06:17:30 UTC 2026
Cache sync 18 at Fri Mar 20 06:17:30 UTC 2026
Cache sync 19 at Fri Mar 20 06:17:30 UTC 2026
Cache sync 20 at Fri Mar 20 06:17:30 UTC 2026
Cache sync 21 at Fri Mar 20 06:17:30 UTC 2026
Cache sync 22 at Fri Mar 20 06:17:30 UTC 2026
Cache sync 23 at Fri Mar 20 06:17:30 UTC 2026
Cache sync 24 at Fri Mar 20 06:17:30 UTC 2026
Cache sync 25 at Fri Mar 20 06:17:30 UTC 2026
Cache sync 26 at Fri Mar 20 06:17:30 UTC 2026
Cache sync 27 at Fri Mar 20 06:17:30 UTC 2026
Cache sync 28 at Fri Mar 20 06:17:30 UTC 2026
Cache sync 29 at Fri Mar 20 06:17:30 UTC 2026
Cache sync 30 at Fri Mar 20 06:17:30 UTC 2026
Cache sync 31 at Fri Mar 20 06:17:31 UTC 2026
Cache sync 32 at Fri Mar 20 06:17:31 UTC 2026
Cache sync 33 at Fri Mar 20 06:17:31 UTC 2026
Cache sync 34 at Fri Mar 20 06:17:31 UTC 2026
Cache sync 35 at Fri Mar 20 06:17:31 UTC 2026
Cache sync 36 at Fri Mar 20 06:17:31 UTC 2026
Cache sync 37 at Fri Mar 20 06:17:31 UTC 2026
Cache sync 38 at Fri Mar 20 06:17:31 UTC 2026
Cache sync 39 at Fri Mar 20 06:17:31 UTC 2026
Cache sync 40 at Fri Mar 20 06:17:31 UTC 2026
Cache sync 41 at Fri Mar 20 06:17:31 UTC 2026
Cache sync 42 at Fri Mar 20 06:17:31 UTC 2026
Cache sync 43 at Fri Mar 20 06:17:31 UTC 2026
Cache sync 44 at Fri Mar 20 06:17:31 UTC 2026
Cache sync 45 at Fri Mar 20 06:17:31 UTC 2026
Cache sync 46 at Fri Mar 20 06:17:31 UTC 2026
Cache sync 47 at Fri Mar 20 06:17:31 UTC 2026
Cache sync 48 at Fri Mar 20 06:17:31 UTC 2026
Cache sync 49 at Fri Mar 20 06:17:31 UTC 2026
Cache sync 50 at Fri Mar 20 06:17:31 UTC 2026
Cache sync 51 at Fri Mar 20 06:17:31 UTC 2026
Cache sync 52 at Fri Mar 20 06:17:31 UTC 2026
Cache sync 53 at Fri Mar 20 06:17:31 UTC 2026
Cache sync 54 at Fri Mar 20 06:17:31 UTC 2026
Cache sync 55 at Fri Mar 20 06:17:31 UTC 2026
Cache sync 56 at Fri Mar 20 06:17:31 UTC 2026
Cache sync 57 at Fri Mar 20 06:17:31 UTC 2026
Cache sync 58 at Fri Mar 20 06:17:31 UTC 2026
Cache sync 59 at Fri Mar 20 06:17:31 UTC 2026
Cache sync 60 at Fri Mar 20 06:17:31 UTC 2026
Cache sync 61 at Fri Mar 20 06:17:31 UTC 2026
Cache sync 62 at Fri Mar 20 06:17:31 UTC 2026
Cache sync 63 at Fri Mar 20 06:17:31 UTC 2026
Cache sync 64 at Fri Mar 20 06:17:31 UTC 2026
Cache sync 65 at Fri Mar 20 06:17:31 UTC 2026
Cache sync 66 at Fri Mar 20 06:17:31 UTC 2026
Cache sync 67 at Fri Mar 20 06:17:31 UTC 2026
Cache sync 68 at Fri Mar 20 06:17:31 UTC 2026
Cache sync 69 at Fri Mar 20 06:17:31 UTC 2026
Cache sync 70 at Fri Mar 20 06:17:31 UTC 2026
Cache sync 71 at Fri Mar 20 06:17:31 UTC 2026
Cache sync 72 at Fri Mar 20 06:17:31 UTC 2026
Cache sync 73 at Fri Mar 20 06:17:31 UTC 2026
Cache sync 74 at Fri Mar 20 06:17:31 UTC 2026
Cache sync 75 at Fri Mar 20 06:17:31 UTC 2026
Cache sync 76 at Fri Mar 20 06:17:31 UTC 2026
Cache sync 1 at Fri Mar 20 12:09:36 UTC 2026
Cache sync 2 at Fri Mar 20 12:09:36 UTC 2026
Cache sync 3 at Fri Mar 20 12:09:36 UTC 2026
Cache sync 4 at Fri Mar 20 12:09:36 UTC 2026
Cache sync 5 at Fri Mar 20 12:09:36 UTC 2026
Cache sync 6 at Fri Mar 20 12:09:36 UTC 2026
Cache sync 7 at Fri Mar 20 12:09:36 UTC 2026
Cache sync 8 at Fri Mar 20 12:09:36 UTC 2026
Cache sync 9 at Fri Mar 20 12:09:36 UTC 2026
Cache sync 10 at Fri Mar 20 12:09:36 UTC 2026
Cache sync 11 at Fri Mar 20 12:09:36 UTC 2026
Cache sync 12 at Fri Mar 20 12:09:36 UTC 2026
Cache sync 13 at Fri Mar 20 12:09:36 UTC 2026
Cache sync 14 at Fri Mar 20 12:09:36 UTC 2026
Cache sync 15 at Fri Mar 20 12:09:36 UTC 2026
Cache sync 16 at Fri Mar 20 12:09:36 UTC 2026
Cache sync 17 at Fri Mar 20 12:09:36 UTC 2026
Cache sync 18 at Fri Mar 20 12:09:36 UTC 2026
Cache sync 19 at Fri Mar 20 12:09:36 UTC 2026
Cache sync 20 at Fri Mar 20 12:09:36 UTC 2026
Cache sync 21 at Fri Mar 20 12:09:36 UTC 2026
Cache sync 22 at Fri Mar 20 12:09:36 UTC 2026
Cache sync 23 at Fri Mar 20 12:09:36 UTC 2026
Cache sync 24 at Fri Mar 20 12:09:36 UTC 2026
Cache sync 25 at Fri Mar 20 12:09:36 UTC 2026
Cache sync 26 at Fri Mar 20 12:09:36 UTC 2026
Cache sync 27 at Fri Mar 20 12:09:36 UTC 2026
Cache sync 28 at Fri Mar 20 12:09:36 UTC 2026
Cache sync 29 at Fri Mar 20 12:09:36 UTC 2026
Cache sync 30 at Fri Mar 20 12:09:36 UTC 2026
Cache sync 31 at Fri Mar 20 12:09:36 UTC 2026
Cache sync 32 at Fri Mar 20 12:09:36 UTC 2026
Cache sync 33 at Fri Mar 20 12:09:36 UTC 2026
Cache sync 34 at Fri Mar 20 12:09:36 UTC 2026
Cache sync 35 at Fri Mar 20 12:09:36 UTC 2026
Cache sync 36 at Fri Mar 20 12:09:36 UTC 2026
Cache sync 37 at Fri Mar 20 12:09:36 UTC 2026
Cache sync 38 at Fri Mar 20 12:09:36 UTC 2026
Cache sync 39 at Fri Mar 20 12:09:36 UTC 2026
Cache sync 40 at Fri Mar 20 12:09:36 UTC 2026
Cache sync 1 at Fri Mar 20 15:15:38 UTC 2026
Cache sync 2 at Fri Mar 20 15:15:38 UTC 2026
Cache sync 3 at Fri Mar 20 15:15:38 UTC 2026
Cache sync 4 at Fri Mar 20 15:15:38 UTC 2026
Cache sync 5 at Fri Mar 20 15:15:38 UTC 2026
Cache sync 6 at Fri Mar 20 15:15:38 UTC 2026
Cache sync 7 at Fri Mar 20 15:15:38 UTC 2026
Cache sync 8 at Fri Mar 20 15:15:38 UTC 2026
Cache sync 9 at Fri Mar 20 15:15:38 UTC 2026
Cache sync 10 at Fri Mar 20 15:15:38 UTC 2026
Cache sync 11 at Fri Mar 20 15:15:38 UTC 2026
Cache sync 12 at Fri Mar 20 15:15:38 UTC 2026
Cache sync 13 at Fri Mar 20 15:15:38 UTC 2026
Cache sync 14 at Fri Mar 20 15:15:38 UTC 2026
Cache sync 15 at Fri Mar 20 15:15:38 UTC 2026
Cache sync 16 at Fri Mar 20 15:15:38 UTC 2026
Cache sync 17 at Fri Mar 20 15:15:38 UTC 2026
Cache sync 18 at Fri Mar 20 15:15:38 UTC 2026
Cache sync 19 at Fri Mar 20 15:15:38 UTC 2026
Cache sync 20 at Fri Mar 20 15:15:38 UTC 2026
Cache sync 21 at Fri Mar 20 15:15:38 UTC 2026
Cache sync 22 at Fri Mar 20 15:15:38 UTC 2026
Cache sync 23 at Fri Mar 20 15:15:38 UTC 2026
Cache sync 24 at Fri Mar 20 15:15:38 UTC 2026
Cache sync 25 at Fri Mar 20 15:15:38 UTC 2026
Cache sync 26 at Fri Mar 20 15:15:38 UTC 2026
Cache sync 27 at Fri Mar 20 15:15:38 UTC 2026
Cache sync 28 at Fri Mar 20 15:15:38 UTC 2026
Cache sync 29 at Fri Mar 20 15:15:38 UTC 2026
Cache sync 30 at Fri Mar 20 15:15:38 UTC 2026
Cache sync 31 at Fri Mar 20 15:15:38 UTC 2026
Cache sync 32 at Fri Mar 20 15:15:38 UTC 2026
Cache sync 33 at Fri Mar 20 15:15:38 UTC 2026
Cache sync 34 at Fri Mar 20 15:15:38 UTC 2026
Cache sync 35 at Fri Mar 20 15:15:38 UTC 2026
Cache sync 36 at Fri Mar 20 15:15:38 UTC 2026
Cache sync 37 at Fri Mar 20 15:15:38 UTC 2026
Cache sync 38 at Fri Mar 20 15:15:38 UTC 2026
Cache sync 39 at Fri Mar 20 15:15:38 UTC 2026
Cache sync 40 at Fri Mar 20 15:15:38 UTC 2026
Cache sync 41 at Fri Mar 20 15:15:38 UTC 2026
Cache sync 42 at Fri Mar 20 15:15:38 UTC 2026
Cache sync 43 at Fri Mar 20 15:15:38 UTC 2026
Cache sync 44 at Fri Mar 20 15:15:38 UTC 2026
Cache sync 45 at Fri Mar 20 15:15:38 UTC 2026
Cache sync 46 at Fri Mar 20 15:15:38 UTC 2026
Cache sync 47 at Fri Mar 20 15:15:38 UTC 2026
Cache sync 48 at Fri Mar 20 15:15:38 UTC 2026
Cache sync 1 at Fri Mar 20 18:11:40 UTC 2026
Cache sync 2 at Fri Mar 20 18:11:40 UTC 2026
Cache sync 3 at Fri Mar 20 18:11:40 UTC 2026
Cache sync 4 at Fri Mar 20 18:11:40 UTC 2026
Cache sync 5 at Fri Mar 20 18:11:40 UTC 2026
Cache sync 6 at Fri Mar 20 18:11:40 UTC 2026
Cache sync 7 at Fri Mar 20 18:11:40 UTC 2026
Cache sync 8 at Fri Mar 20 18:11:41 UTC 2026
Cache sync 9 at Fri Mar 20 18:11:41 UTC 2026
Cache sync 10 at Fri Mar 20 18:11:41 UTC 2026
Cache sync 11 at Fri Mar 20 18:11:41 UTC 2026
Cache sync 12 at Fri Mar 20 18:11:41 UTC 2026
Cache sync 13 at Fri Mar 20 18:11:41 UTC 2026
Cache sync 14 at Fri Mar 20 18:11:41 UTC 2026
Cache sync 15 at Fri Mar 20 18:11:41 UTC 2026
Cache sync 16 at Fri Mar 20 18:11:41 UTC 2026
Cache sync 17 at Fri Mar 20 18:11:41 UTC 2026
Cache sync 18 at Fri Mar 20 18:11:41 UTC 2026
Cache sync 19 at Fri Mar 20 18:11:41 UTC 2026
Cache sync 1 at Fri Mar 20 21:07:49 UTC 2026
Cache sync 2 at Fri Mar 20 21:07:49 UTC 2026
Cache sync 3 at Fri Mar 20 21:07:49 UTC 2026
Cache sync 4 at Fri Mar 20 21:07:49 UTC 2026
Cache sync 5 at Fri Mar 20 21:07:49 UTC 2026
Cache sync 6 at Fri Mar 20 21:07:49 UTC 2026
Cache sync 1 at Sat Mar 21 00:16:58 UTC 2026
Cache sync 2 at Sat Mar 21 00:16:58 UTC 2026
Cache sync 3 at Sat Mar 21 00:16:58 UTC 2026
Cache sync 4 at Sat Mar 21 00:16:58 UTC 2026
Cache sync 5 at Sat Mar 21 00:16:58 UTC 2026
Cache sync 6 at Sat Mar 21 00:16:58 UTC 2026
Cache sync 7 at Sat Mar 21 00:16:58 UTC 2026
Cache sync 8 at Sat Mar 21 00:16:58 UTC 2026
Cache sync 9 at Sat Mar 21 00:16:58 UTC 2026
Cache sync 10 at Sat Mar 21 00:16:58 UTC 2026
Cache sync 11 at Sat Mar 21 00:16:58 UTC 2026
Cache sync 12 at Sat Mar 21 00:16:58 UTC 2026
Cache sync 13 at Sat Mar 21 00:16:58 UTC 2026
Cache sync 14 at Sat Mar 21 00:16:58 UTC 2026
Cache sync 15 at Sat Mar 21 00:16:58 UTC 2026
Cache sync 16 at Sat Mar 21 00:16:58 UTC 2026
Cache sync 17 at Sat Mar 21 00:16:58 UTC 2026
Cache sync 18 at Sat Mar 21 00:16:58 UTC 2026
Cache sync 19 at Sat Mar 21 00:16:58 UTC 2026
Cache sync 20 at Sat Mar 21 00:16:58 UTC 2026
Cache sync 21 at Sat Mar 21 00:16:58 UTC 2026
Cache sync 22 at Sat Mar 21 00:16:58 UTC 2026
Cache sync 23 at Sat Mar 21 00:16:58 UTC 2026
Cache sync 24 at Sat Mar 21 00:16:58 UTC 2026
Cache sync 25 at Sat Mar 21 00:16:58 UTC 2026
Cache sync 26 at Sat Mar 21 00:16:58 UTC 2026
Cache sync 27 at Sat Mar 21 00:16:58 UTC 2026
Cache sync 28 at Sat Mar 21 00:16:58 UTC 2026
Cache sync 29 at Sat Mar 21 00:16:58 UTC 2026
Cache sync 30 at Sat Mar 21 00:16:58 UTC 2026
Cache sync 31 at Sat Mar 21 00:16:58 UTC 2026
Cache sync 32 at Sat Mar 21 00:16:58 UTC 2026
Cache sync 33 at Sat Mar 21 00:16:58 UTC 2026
Cache sync 34 at Sat Mar 21 00:16:58 UTC 2026
Cache sync 35 at Sat Mar 21 00:16:58 UTC 2026
Cache sync 36 at Sat Mar 21 00:16:58 UTC 2026
Cache sync 37 at Sat Mar 21 00:16:58 UTC 2026
Cache sync 38 at Sat Mar 21 00:16:58 UTC 2026
Cache sync 39 at Sat Mar 21 00:16:58 UTC 2026
Cache sync 40 at Sat Mar 21 00:16:58 UTC 2026
Cache sync 1 at Sat Mar 21 03:43:40 UTC 2026
Cache sync 1 at Sat Mar 21 06:12:05 UTC 2026
Cache sync 2 at Sat Mar 21 06:12:05 UTC 2026
Cache sync 3 at Sat Mar 21 06:12:05 UTC 2026
Cache sync 4 at Sat Mar 21 06:12:05 UTC 2026
Cache sync 5 at Sat Mar 21 06:12:05 UTC 2026
Cache sync 6 at Sat Mar 21 06:12:05 UTC 2026
Cache sync 7 at Sat Mar 21 06:12:05 UTC 2026
Cache sync 8 at Sat Mar 21 06:12:05 UTC 2026
Cache sync 9 at Sat Mar 21 06:12:05 UTC 2026
Cache sync 10 at Sat Mar 21 06:12:05 UTC 2026
Cache sync 11 at Sat Mar 21 06:12:05 UTC 2026
Cache sync 12 at Sat Mar 21 06:12:05 UTC 2026
Cache sync 13 at Sat Mar 21 06:12:05 UTC 2026
Cache sync 14 at Sat Mar 21 06:12:05 UTC 2026
Cache sync 15 at Sat Mar 21 06:12:05 UTC 2026
Cache sync 16 at Sat Mar 21 06:12:05 UTC 2026
Cache sync 17 at Sat Mar 21 06:12:05 UTC 2026
Cache sync 18 at Sat Mar 21 06:12:05 UTC 2026
Cache sync 19 at Sat Mar 21 06:12:05 UTC 2026
Cache sync 20 at Sat Mar 21 06:12:05 UTC 2026
Cache sync 21 at Sat Mar 21 06:12:05 UTC 2026
Cache sync 22 at Sat Mar 21 06:12:05 UTC 2026
Cache sync 23 at Sat Mar 21 06:12:05 UTC 2026
Cache sync 24 at Sat Mar 21 06:12:05 UTC 2026
Cache sync 25 at Sat Mar 21 06:12:06 UTC 2026
Cache sync 26 at Sat Mar 21 06:12:06 UTC 2026
Cache sync 27 at Sat Mar 21 06:12:06 UTC 2026
Cache sync 28 at Sat Mar 21 06:12:06 UTC 2026
Cache sync 29 at Sat Mar 21 06:12:06 UTC 2026
Cache sync 30 at Sat Mar 21 06:12:06 UTC 2026
Cache sync 31 at Sat Mar 21 06:12:06 UTC 2026
Cache sync 32 at Sat Mar 21 06:12:06 UTC 2026
Cache sync 33 at Sat Mar 21 06:12:06 UTC 2026
Cache sync 34 at Sat Mar 21 06:12:06 UTC 2026
Cache sync 35 at Sat Mar 21 06:12:06 UTC 2026
Cache sync 36 at Sat Mar 21 06:12:06 UTC 2026
Cache sync 37 at Sat Mar 21 06:12:06 UTC 2026
Cache sync 38 at Sat Mar 21 06:12:06 UTC 2026
Cache sync 39 at Sat Mar 21 06:12:06 UTC 2026
Cache sync 40 at Sat Mar 21 06:12:06 UTC 2026
Cache sync 41 at Sat Mar 21 06:12:06 UTC 2026
Cache sync 42 at Sat Mar 21 06:12:06 UTC 2026
Cache sync 43 at Sat Mar 21 06:12:06 UTC 2026
Cache sync 44 at Sat Mar 21 06:12:06 UTC 2026
Cache sync 45 at Sat Mar 21 06:12:06 UTC 2026
Cache sync 46 at Sat Mar 21 06:12:06 UTC 2026
Cache sync 47 at Sat Mar 21 06:12:06 UTC 2026
Cache sync 48 at Sat Mar 21 06:12:06 UTC 2026
Cache sync 49 at Sat Mar 21 06:12:06 UTC 2026
Cache sync 50 at Sat Mar 21 06:12:06 UTC 2026
Cache sync 51 at Sat Mar 21 06:12:06 UTC 2026
Cache sync 52 at Sat Mar 21 06:12:06 UTC 2026
Cache sync 53 at Sat Mar 21 06:12:06 UTC 2026
Cache sync 54 at Sat Mar 21 06:12:06 UTC 2026
Cache sync 55 at Sat Mar 21 06:12:06 UTC 2026
Cache sync 56 at Sat Mar 21 06:12:06 UTC 2026
Cache sync 57 at Sat Mar 21 06:12:06 UTC 2026
Cache sync 58 at Sat Mar 21 06:12:06 UTC 2026
Cache sync 59 at Sat Mar 21 06:12:06 UTC 2026
Cache sync 1 at Sat Mar 21 09:08:07 UTC 2026
Cache sync 2 at Sat Mar 21 09:08:07 UTC 2026
Cache sync 3 at Sat Mar 21 09:08:07 UTC 2026
Cache sync 4 at Sat Mar 21 09:08:07 UTC 2026
Cache sync 5 at Sat Mar 21 09:08:07 UTC 2026
Cache sync 6 at Sat Mar 21 09:08:07 UTC 2026
Cache sync 7 at Sat Mar 21 09:08:07 UTC 2026
Cache sync 8 at Sat Mar 21 09:08:07 UTC 2026
Cache sync 9 at Sat Mar 21 09:08:07 UTC 2026
Cache sync 10 at Sat Mar 21 09:08:07 UTC 2026
Cache sync 11 at Sat Mar 21 09:08:07 UTC 2026
Cache sync 1 at Sat Mar 21 12:06:41 UTC 2026
Cache sync 2 at Sat Mar 21 12:06:41 UTC 2026
Cache sync 3 at Sat Mar 21 12:06:41 UTC 2026
Cache sync 4 at Sat Mar 21 12:06:41 UTC 2026
Cache sync 5 at Sat Mar 21 12:06:41 UTC 2026
Cache sync 6 at Sat Mar 21 12:06:41 UTC 2026
Cache sync 7 at Sat Mar 21 12:06:41 UTC 2026
Cache sync 8 at Sat Mar 21 12:06:41 UTC 2026
Cache sync 9 at Sat Mar 21 12:06:41 UTC 2026
Cache sync 10 at Sat Mar 21 12:06:41 UTC 2026
Cache sync 11 at Sat Mar 21 12:06:41 UTC 2026
Cache sync 12 at Sat Mar 21 12:06:41 UTC 2026
Cache sync 13 at Sat Mar 21 12:06:41 UTC 2026
Cache sync 14 at Sat Mar 21 12:06:41 UTC 2026
Cache sync 15 at Sat Mar 21 12:06:41 UTC 2026
Cache sync 1 at Sat Mar 21 15:05:51 UTC 2026
Cache sync 2 at Sat Mar 21 15:05:51 UTC 2026
Cache sync 3 at Sat Mar 21 15:05:51 UTC 2026
Cache sync 4 at Sat Mar 21 15:05:51 UTC 2026
Cache sync 5 at Sat Mar 21 15:05:51 UTC 2026
Cache sync 6 at Sat Mar 21 15:05:51 UTC 2026
Cache sync 7 at Sat Mar 21 15:05:51 UTC 2026
Cache sync 8 at Sat Mar 21 15:05:51 UTC 2026
Cache sync 9 at Sat Mar 21 15:05:51 UTC 2026
Cache sync 10 at Sat Mar 21 15:05:51 UTC 2026
Cache sync 11 at Sat Mar 21 15:05:51 UTC 2026
Cache sync 12 at Sat Mar 21 15:05:51 UTC 2026
Cache sync 13 at Sat Mar 21 15:05:51 UTC 2026
Cache sync 14 at Sat Mar 21 15:05:51 UTC 2026
Cache sync 15 at Sat Mar 21 15:05:51 UTC 2026
Cache sync 16 at Sat Mar 21 15:05:51 UTC 2026
Cache sync 17 at Sat Mar 21 15:05:51 UTC 2026
Cache sync 18 at Sat Mar 21 15:05:51 UTC 2026
Cache sync 19 at Sat Mar 21 15:05:51 UTC 2026
Cache sync 20 at Sat Mar 21 15:05:51 UTC 2026
Cache sync 21 at Sat Mar 21 15:05:51 UTC 2026
Cache sync 22 at Sat Mar 21 15:05:51 UTC 2026
Cache sync 1 at Sat Mar 21 18:06:30 UTC 2026
Cache sync 2 at Sat Mar 21 18:06:30 UTC 2026
Cache sync 3 at Sat Mar 21 18:06:30 UTC 2026
Cache sync 4 at Sat Mar 21 18:06:30 UTC 2026
Cache sync 5 at Sat Mar 21 18:06:30 UTC 2026
Cache sync 6 at Sat Mar 21 18:06:30 UTC 2026
Cache sync 7 at Sat Mar 21 18:06:30 UTC 2026
Cache sync 8 at Sat Mar 21 18:06:30 UTC 2026
Cache sync 9 at Sat Mar 21 18:06:30 UTC 2026
Cache sync 10 at Sat Mar 21 18:06:30 UTC 2026
Cache sync 11 at Sat Mar 21 18:06:30 UTC 2026
Cache sync 12 at Sat Mar 21 18:06:30 UTC 2026
Cache sync 13 at Sat Mar 21 18:06:30 UTC 2026
Cache sync 14 at Sat Mar 21 18:06:30 UTC 2026
Cache sync 15 at Sat Mar 21 18:06:30 UTC 2026
Cache sync 16 at Sat Mar 21 18:06:30 UTC 2026
Cache sync 17 at Sat Mar 21 18:06:30 UTC 2026
Cache sync 18 at Sat Mar 21 18:06:30 UTC 2026
Cache sync 19 at Sat Mar 21 18:06:30 UTC 2026
Cache sync 20 at Sat Mar 21 18:06:30 UTC 2026
Cache sync 21 at Sat Mar 21 18:06:30 UTC 2026
Cache sync 22 at Sat Mar 21 18:06:30 UTC 2026
Cache sync 23 at Sat Mar 21 18:06:30 UTC 2026
Cache sync 24 at Sat Mar 21 18:06:30 UTC 2026
Cache sync 25 at Sat Mar 21 18:06:30 UTC 2026
Cache sync 26 at Sat Mar 21 18:06:30 UTC 2026
Cache sync 27 at Sat Mar 21 18:06:30 UTC 2026
Cache sync 28 at Sat Mar 21 18:06:30 UTC 2026
Cache sync 29 at Sat Mar 21 18:06:30 UTC 2026
Cache sync 1 at Sat Mar 21 21:05:53 UTC 2026
Cache sync 2 at Sat Mar 21 21:05:53 UTC 2026
Cache sync 3 at Sat Mar 21 21:05:53 UTC 2026
Cache sync 4 at Sat Mar 21 21:05:53 UTC 2026
Cache sync 5 at Sat Mar 21 21:05:53 UTC 2026
Cache sync 6 at Sat Mar 21 21:05:53 UTC 2026
Cache sync 7 at Sat Mar 21 21:05:53 UTC 2026
Cache sync 8 at Sat Mar 21 21:05:53 UTC 2026
Cache sync 9 at Sat Mar 21 21:05:53 UTC 2026
Cache sync 10 at Sat Mar 21 21:05:53 UTC 2026
Cache sync 11 at Sat Mar 21 21:05:53 UTC 2026
Cache sync 12 at Sat Mar 21 21:05:53 UTC 2026
Cache sync 13 at Sat Mar 21 21:05:53 UTC 2026
Cache sync 14 at Sat Mar 21 21:05:53 UTC 2026
Cache sync 15 at Sat Mar 21 21:05:53 UTC 2026
Cache sync 16 at Sat Mar 21 21:05:53 UTC 2026
Cache sync 1 at Sun Mar 22 00:19:00 UTC 2026
Cache sync 2 at Sun Mar 22 00:19:00 UTC 2026
Cache sync 3 at Sun Mar 22 00:19:00 UTC 2026
Cache sync 4 at Sun Mar 22 00:19:00 UTC 2026
Cache sync 5 at Sun Mar 22 00:19:00 UTC 2026
Cache sync 6 at Sun Mar 22 00:19:00 UTC 2026
Cache sync 7 at Sun Mar 22 00:19:00 UTC 2026
Cache sync 8 at Sun Mar 22 00:19:00 UTC 2026
Cache sync 9 at Sun Mar 22 00:19:00 UTC 2026
Cache sync 10 at Sun Mar 22 00:19:00 UTC 2026
Cache sync 11 at Sun Mar 22 00:19:00 UTC 2026
Cache sync 12 at Sun Mar 22 00:19:01 UTC 2026
Cache sync 13 at Sun Mar 22 00:19:01 UTC 2026
Cache sync 14 at Sun Mar 22 00:19:01 UTC 2026
Cache sync 15 at Sun Mar 22 00:19:01 UTC 2026
Cache sync 16 at Sun Mar 22 00:19:01 UTC 2026
Cache sync 17 at Sun Mar 22 00:19:01 UTC 2026
Cache sync 18 at Sun Mar 22 00:19:01 UTC 2026
Cache sync 19 at Sun Mar 22 00:19:01 UTC 2026
Cache sync 20 at Sun Mar 22 00:19:01 UTC 2026
Cache sync 21 at Sun Mar 22 00:19:01 UTC 2026
Cache sync 22 at Sun Mar 22 00:19:01 UTC 2026
Cache sync 23 at Sun Mar 22 00:19:01 UTC 2026
Cache sync 24 at Sun Mar 22 00:19:01 UTC 2026
Cache sync 25 at Sun Mar 22 00:19:01 UTC 2026
Cache sync 26 at Sun Mar 22 00:19:01 UTC 2026
Cache sync 27 at Sun Mar 22 00:19:01 UTC 2026
Cache sync 28 at Sun Mar 22 00:19:01 UTC 2026
Cache sync 29 at Sun Mar 22 00:19:01 UTC 2026
Cache sync 30 at Sun Mar 22 00:19:01 UTC 2026
Cache sync 31 at Sun Mar 22 00:19:01 UTC 2026
Cache sync 32 at Sun Mar 22 00:19:01 UTC 2026
Cache sync 33 at Sun Mar 22 00:19:01 UTC 2026
Cache sync 34 at Sun Mar 22 00:19:01 UTC 2026
Cache sync 35 at Sun Mar 22 00:19:01 UTC 2026
Cache sync 36 at Sun Mar 22 00:19:01 UTC 2026
Cache sync 37 at Sun Mar 22 00:19:01 UTC 2026
Cache sync 38 at Sun Mar 22 00:19:01 UTC 2026
Cache sync 39 at Sun Mar 22 00:19:01 UTC 2026
Cache sync 40 at Sun Mar 22 00:19:01 UTC 2026
Cache sync 41 at Sun Mar 22 00:19:01 UTC 2026
Cache sync 42 at Sun Mar 22 00:19:01 UTC 2026
Cache sync 43 at Sun Mar 22 00:19:01 UTC 2026
Cache sync 44 at Sun Mar 22 00:19:01 UTC 2026
Cache sync 45 at Sun Mar 22 00:19:01 UTC 2026
Cache sync 46 at Sun Mar 22 00:19:01 UTC 2026
Cache sync 47 at Sun Mar 22 00:19:01 UTC 2026
Cache sync 48 at Sun Mar 22 00:19:01 UTC 2026
Cache sync 49 at Sun Mar 22 00:19:01 UTC 2026
Cache sync 50 at Sun Mar 22 00:19:01 UTC 2026
Cache sync 51 at Sun Mar 22 00:19:01 UTC 2026
Cache sync 52 at Sun Mar 22 00:19:01 UTC 2026
Cache sync 53 at Sun Mar 22 00:19:01 UTC 2026
Cache sync 54 at Sun Mar 22 00:19:01 UTC 2026
Cache sync 55 at Sun Mar 22 00:19:01 UTC 2026
Cache sync 56 at Sun Mar 22 00:19:01 UTC 2026
Cache sync 57 at Sun Mar 22 00:19:01 UTC 2026
Cache sync 58 at Sun Mar 22 00:19:01 UTC 2026
Cache sync 59 at Sun Mar 22 00:19:01 UTC 2026
Cache sync 60 at Sun Mar 22 00:19:01 UTC 2026
Cache sync 61 at Sun Mar 22 00:19:01 UTC 2026
Cache sync 62 at Sun Mar 22 00:19:01 UTC 2026
Cache sync 63 at Sun Mar 22 00:19:01 UTC 2026
Cache sync 64 at Sun Mar 22 00:19:01 UTC 2026
Cache sync 65 at Sun Mar 22 00:19:01 UTC 2026
Cache sync 66 at Sun Mar 22 00:19:01 UTC 2026
Cache sync 67 at Sun Mar 22 00:19:01 UTC 2026
Cache sync 68 at Sun Mar 22 00:19:01 UTC 2026
Cache sync 69 at Sun Mar 22 00:19:01 UTC 2026
Cache sync 1 at Sun Mar 22 09:08:25 UTC 2026
Cache sync 2 at Sun Mar 22 09:08:25 UTC 2026
Cache sync 3 at Sun Mar 22 09:08:25 UTC 2026
Cache sync 4 at Sun Mar 22 09:08:25 UTC 2026
Cache sync 5 at Sun Mar 22 09:08:25 UTC 2026
Cache sync 6 at Sun Mar 22 09:08:25 UTC 2026
Cache sync 7 at Sun Mar 22 09:08:25 UTC 2026
Cache sync 8 at Sun Mar 22 09:08:25 UTC 2026
Cache sync 9 at Sun Mar 22 09:08:25 UTC 2026
Cache sync 10 at Sun Mar 22 09:08:25 UTC 2026
Cache sync 11 at Sun Mar 22 09:08:25 UTC 2026
Cache sync 12 at Sun Mar 22 09:08:25 UTC 2026
Cache sync 13 at Sun Mar 22 09:08:25 UTC 2026
Cache sync 14 at Sun Mar 22 09:08:25 UTC 2026
Cache sync 15 at Sun Mar 22 09:08:25 UTC 2026
Cache sync 16 at Sun Mar 22 09:08:25 UTC 2026
Cache sync 17 at Sun Mar 22 09:08:25 UTC 2026
Cache sync 18 at Sun Mar 22 09:08:25 UTC 2026
Cache sync 19 at Sun Mar 22 09:08:25 UTC 2026
Cache sync 20 at Sun Mar 22 09:08:25 UTC 2026
Cache sync 21 at Sun Mar 22 09:08:25 UTC 2026
Cache sync 22 at Sun Mar 22 09:08:25 UTC 2026
Cache sync 23 at Sun Mar 22 09:08:25 UTC 2026
Cache sync 24 at Sun Mar 22 09:08:25 UTC 2026
Cache sync 25 at Sun Mar 22 09:08:25 UTC 2026
Cache sync 26 at Sun Mar 22 09:08:25 UTC 2026
Cache sync 27 at Sun Mar 22 09:08:25 UTC 2026
Cache sync 28 at Sun Mar 22 09:08:25 UTC 2026
Cache sync 29 at Sun Mar 22 09:08:25 UTC 2026
Cache sync 30 at Sun Mar 22 09:08:25 UTC 2026
Cache sync 31 at Sun Mar 22 09:08:25 UTC 2026
Cache sync 32 at Sun Mar 22 09:08:25 UTC 2026
Cache sync 33 at Sun Mar 22 09:08:25 UTC 2026
Cache sync 34 at Sun Mar 22 09:08:25 UTC 2026
Cache sync 35 at Sun Mar 22 09:08:25 UTC 2026
Cache sync 36 at Sun Mar 22 09:08:25 UTC 2026
Cache sync 37 at Sun Mar 22 09:08:25 UTC 2026
Cache sync 38 at Sun Mar 22 09:08:25 UTC 2026
Cache sync 39 at Sun Mar 22 09:08:25 UTC 2026
Cache sync 40 at Sun Mar 22 09:08:25 UTC 2026
Cache sync 41 at Sun Mar 22 09:08:25 UTC 2026
Cache sync 42 at Sun Mar 22 09:08:25 UTC 2026
Cache sync 43 at Sun Mar 22 09:08:25 UTC 2026
Cache sync 44 at Sun Mar 22 09:08:25 UTC 2026
Cache sync 45 at Sun Mar 22 09:08:25 UTC 2026
Cache sync 46 at Sun Mar 22 09:08:25 UTC 2026
Cache sync 47 at Sun Mar 22 09:08:25 UTC 2026
Cache sync 48 at Sun Mar 22 09:08:25 UTC 2026
Cache sync 49 at Sun Mar 22 09:08:25 UTC 2026
Cache sync 50 at Sun Mar 22 09:08:25 UTC 2026
Cache sync 51 at Sun Mar 22 09:08:25 UTC 2026
Cache sync 52 at Sun Mar 22 09:08:25 UTC 2026
Cache sync 53 at Sun Mar 22 09:08:25 UTC 2026
Cache sync 54 at Sun Mar 22 09:08:25 UTC 2026
Cache sync 55 at Sun Mar 22 09:08:25 UTC 2026
Cache sync 56 at Sun Mar 22 09:08:25 UTC 2026
Cache sync 57 at Sun Mar 22 09:08:25 UTC 2026
Cache sync 58 at Sun Mar 22 09:08:25 UTC 2026
Cache sync 59 at Sun Mar 22 09:08:25 UTC 2026
Cache sync 60 at Sun Mar 22 09:08:25 UTC 2026
Cache sync 61 at Sun Mar 22 09:08:25 UTC 2026
Cache sync 62 at Sun Mar 22 09:08:25 UTC 2026
Cache sync 63 at Sun Mar 22 09:08:25 UTC 2026
Cache sync 64 at Sun Mar 22 09:08:25 UTC 2026
Cache sync 65 at Sun Mar 22 09:08:25 UTC 2026
Cache sync 66 at Sun Mar 22 09:08:25 UTC 2026
Cache sync 67 at Sun Mar 22 09:08:25 UTC 2026
Cache sync 68 at Sun Mar 22 09:08:25 UTC 2026
Cache sync 69 at Sun Mar 22 09:08:25 UTC 2026
Cache sync 70 at Sun Mar 22 09:08:25 UTC 2026
Cache sync 71 at Sun Mar 22 09:08:25 UTC 2026
Cache sync 72 at Sun Mar 22 09:08:25 UTC 2026
Cache sync 1 at Sun Mar 22 12:06:56 UTC 2026
Cache sync 2 at Sun Mar 22 12:06:56 UTC 2026
Cache sync 3 at Sun Mar 22 12:06:56 UTC 2026
Cache sync 4 at Sun Mar 22 12:06:56 UTC 2026
Cache sync 5 at Sun Mar 22 12:06:56 UTC 2026
Cache sync 6 at Sun Mar 22 12:06:56 UTC 2026
Cache sync 7 at Sun Mar 22 12:06:56 UTC 2026
Cache sync 8 at Sun Mar 22 12:06:56 UTC 2026
Cache sync 9 at Sun Mar 22 12:06:56 UTC 2026
Cache sync 10 at Sun Mar 22 12:06:56 UTC 2026
Cache sync 11 at Sun Mar 22 12:06:56 UTC 2026
Cache sync 12 at Sun Mar 22 12:06:56 UTC 2026
Cache sync 13 at Sun Mar 22 12:06:56 UTC 2026
Cache sync 14 at Sun Mar 22 12:06:56 UTC 2026
Cache sync 15 at Sun Mar 22 12:06:56 UTC 2026
Cache sync 16 at Sun Mar 22 12:06:56 UTC 2026
Cache sync 17 at Sun Mar 22 12:06:56 UTC 2026
Cache sync 18 at Sun Mar 22 12:06:56 UTC 2026
Cache sync 19 at Sun Mar 22 12:06:56 UTC 2026
Cache sync 20 at Sun Mar 22 12:06:56 UTC 2026
Cache sync 21 at Sun Mar 22 12:06:56 UTC 2026
Cache sync 22 at Sun Mar 22 12:06:56 UTC 2026
Cache sync 23 at Sun Mar 22 12:06:56 UTC 2026
Cache sync 24 at Sun Mar 22 12:06:56 UTC 2026
Cache sync 25 at Sun Mar 22 12:06:56 UTC 2026
Cache sync 26 at Sun Mar 22 12:06:56 UTC 2026
Cache sync 27 at Sun Mar 22 12:06:56 UTC 2026
Cache sync 28 at Sun Mar 22 12:06:56 UTC 2026
Cache sync 29 at Sun Mar 22 12:06:56 UTC 2026
Cache sync 30 at Sun Mar 22 12:06:56 UTC 2026
Cache sync 31 at Sun Mar 22 12:06:56 UTC 2026
Cache sync 32 at Sun Mar 22 12:06:56 UTC 2026
Cache sync 33 at Sun Mar 22 12:06:56 UTC 2026
Cache sync 34 at Sun Mar 22 12:06:56 UTC 2026
Cache sync 35 at Sun Mar 22 12:06:56 UTC 2026
Cache sync 36 at Sun Mar 22 12:06:56 UTC 2026
Cache sync 37 at Sun Mar 22 12:06:56 UTC 2026
Cache sync 38 at Sun Mar 22 12:06:56 UTC 2026
Cache sync 1 at Sun Mar 22 15:05:44 UTC 2026
Cache sync 2 at Sun Mar 22 15:05:44 UTC 2026
Cache sync 3 at Sun Mar 22 15:05:44 UTC 2026
Cache sync 4 at Sun Mar 22 15:05:44 UTC 2026
Cache sync 5 at Sun Mar 22 15:05:44 UTC 2026
Cache sync 6 at Sun Mar 22 15:05:44 UTC 2026
Cache sync 7 at Sun Mar 22 15:05:44 UTC 2026
Cache sync 8 at Sun Mar 22 15:05:44 UTC 2026
Cache sync 9 at Sun Mar 22 15:05:44 UTC 2026
Cache sync 10 at Sun Mar 22 15:05:44 UTC 2026
Cache sync 11 at Sun Mar 22 15:05:44 UTC 2026
Cache sync 12 at Sun Mar 22 15:05:44 UTC 2026
Cache sync 13 at Sun Mar 22 15:05:44 UTC 2026
Cache sync 14 at Sun Mar 22 15:05:44 UTC 2026
Cache sync 15 at Sun Mar 22 15:05:44 UTC 2026
Cache sync 16 at Sun Mar 22 15:05:44 UTC 2026
Cache sync 17 at Sun Mar 22 15:05:44 UTC 2026
Cache sync 18 at Sun Mar 22 15:05:44 UTC 2026
Cache sync 19 at Sun Mar 22 15:05:44 UTC 2026
Cache sync 1 at Sun Mar 22 18:07:01 UTC 2026
Cache sync 2 at Sun Mar 22 18:07:01 UTC 2026
Cache sync 3 at Sun Mar 22 18:07:01 UTC 2026
Cache sync 4 at Sun Mar 22 18:07:01 UTC 2026
Cache sync 5 at Sun Mar 22 18:07:01 UTC 2026
Cache sync 6 at Sun Mar 22 18:07:01 UTC 2026
Cache sync 7 at Sun Mar 22 18:07:01 UTC 2026
Cache sync 8 at Sun Mar 22 18:07:01 UTC 2026
Cache sync 9 at Sun Mar 22 18:07:01 UTC 2026
Cache sync 10 at Sun Mar 22 18:07:01 UTC 2026
Cache sync 11 at Sun Mar 22 18:07:01 UTC 2026
Cache sync 12 at Sun Mar 22 18:07:01 UTC 2026
Cache sync 13 at Sun Mar 22 18:07:01 UTC 2026
Cache sync 14 at Sun Mar 22 18:07:01 UTC 2026
Cache sync 15 at Sun Mar 22 18:07:01 UTC 2026
Cache sync 16 at Sun Mar 22 18:07:01 UTC 2026
Cache sync 17 at Sun Mar 22 18:07:01 UTC 2026
Cache sync 18 at Sun Mar 22 18:07:01 UTC 2026
Cache sync 19 at Sun Mar 22 18:07:01 UTC 2026
Cache sync 20 at Sun Mar 22 18:07:01 UTC 2026
Cache sync 21 at Sun Mar 22 18:07:01 UTC 2026
Cache sync 22 at Sun Mar 22 18:07:01 UTC 2026
Cache sync 23 at Sun Mar 22 18:07:01 UTC 2026
Cache sync 24 at Sun Mar 22 18:07:01 UTC 2026
Cache sync 25 at Sun Mar 22 18:07:01 UTC 2026
Cache sync 26 at Sun Mar 22 18:07:01 UTC 2026
Cache sync 27 at Sun Mar 22 18:07:01 UTC 2026
Cache sync 28 at Sun Mar 22 18:07:01 UTC 2026
Cache sync 29 at Sun Mar 22 18:07:01 UTC 2026
Cache sync 30 at Sun Mar 22 18:07:01 UTC 2026
Cache sync 31 at Sun Mar 22 18:07:01 UTC 2026
Cache sync 32 at Sun Mar 22 18:07:01 UTC 2026
Cache sync 33 at Sun Mar 22 18:07:01 UTC 2026
Cache sync 34 at Sun Mar 22 18:07:01 UTC 2026
Cache sync 35 at Sun Mar 22 18:07:01 UTC 2026
Cache sync 36 at Sun Mar 22 18:07:01 UTC 2026
Cache sync 37 at Sun Mar 22 18:07:01 UTC 2026
Cache sync 38 at Sun Mar 22 18:07:01 UTC 2026
Cache sync 39 at Sun Mar 22 18:07:01 UTC 2026
Cache sync 40 at Sun Mar 22 18:07:01 UTC 2026
Cache sync 41 at Sun Mar 22 18:07:01 UTC 2026
Cache sync 42 at Sun Mar 22 18:07:01 UTC 2026
Cache sync 43 at Sun Mar 22 18:07:01 UTC 2026
Cache sync 44 at Sun Mar 22 18:07:01 UTC 2026
Cache sync 45 at Sun Mar 22 18:07:01 UTC 2026
Cache sync 46 at Sun Mar 22 18:07:01 UTC 2026
Cache sync 47 at Sun Mar 22 18:07:01 UTC 2026
Cache sync 48 at Sun Mar 22 18:07:01 UTC 2026
Cache sync 49 at Sun Mar 22 18:07:01 UTC 2026
Cache sync 50 at Sun Mar 22 18:07:01 UTC 2026
Cache sync 51 at Sun Mar 22 18:07:01 UTC 2026
Cache sync 52 at Sun Mar 22 18:07:01 UTC 2026
Cache sync 53 at Sun Mar 22 18:07:01 UTC 2026
Cache sync 1 at Sun Mar 22 21:06:15 UTC 2026
Cache sync 2 at Sun Mar 22 21:06:15 UTC 2026
Cache sync 3 at Sun Mar 22 21:06:15 UTC 2026
Cache sync 4 at Sun Mar 22 21:06:15 UTC 2026
Cache sync 5 at Sun Mar 22 21:06:15 UTC 2026
Cache sync 6 at Sun Mar 22 21:06:15 UTC 2026
Cache sync 7 at Sun Mar 22 21:06:15 UTC 2026
Cache sync 8 at Sun Mar 22 21:06:16 UTC 2026
Cache sync 9 at Sun Mar 22 21:06:16 UTC 2026
Cache sync 10 at Sun Mar 22 21:06:16 UTC 2026
Cache sync 11 at Sun Mar 22 21:06:16 UTC 2026
Cache sync 12 at Sun Mar 22 21:06:16 UTC 2026
Cache sync 13 at Sun Mar 22 21:06:16 UTC 2026
Cache sync 14 at Sun Mar 22 21:06:16 UTC 2026
Cache sync 1 at Mon Mar 23 00:20:41 UTC 2026
Cache sync 2 at Mon Mar 23 00:20:41 UTC 2026
Cache sync 3 at Mon Mar 23 00:20:41 UTC 2026
Cache sync 4 at Mon Mar 23 00:20:41 UTC 2026
Cache sync 5 at Mon Mar 23 00:20:41 UTC 2026
Cache sync 6 at Mon Mar 23 00:20:41 UTC 2026
Cache sync 7 at Mon Mar 23 00:20:41 UTC 2026
Cache sync 8 at Mon Mar 23 00:20:41 UTC 2026
Cache sync 9 at Mon Mar 23 00:20:41 UTC 2026
Cache sync 10 at Mon Mar 23 00:20:41 UTC 2026
Cache sync 11 at Mon Mar 23 00:20:41 UTC 2026
Cache sync 12 at Mon Mar 23 00:20:41 UTC 2026
Cache sync 13 at Mon Mar 23 00:20:41 UTC 2026
Cache sync 14 at Mon Mar 23 00:20:41 UTC 2026
Cache sync 15 at Mon Mar 23 00:20:41 UTC 2026
Cache sync 16 at Mon Mar 23 00:20:41 UTC 2026
Cache sync 17 at Mon Mar 23 00:20:41 UTC 2026
Cache sync 18 at Mon Mar 23 00:20:41 UTC 2026
Cache sync 19 at Mon Mar 23 00:20:41 UTC 2026
Cache sync 20 at Mon Mar 23 00:20:41 UTC 2026
Cache sync 21 at Mon Mar 23 00:20:41 UTC 2026
Cache sync 22 at Mon Mar 23 00:20:41 UTC 2026
Cache sync 23 at Mon Mar 23 00:20:41 UTC 2026
Cache sync 24 at Mon Mar 23 00:20:41 UTC 2026
Cache sync 25 at Mon Mar 23 00:20:41 UTC 2026
Cache sync 26 at Mon Mar 23 00:20:41 UTC 2026
Cache sync 27 at Mon Mar 23 00:20:41 UTC 2026
Cache sync 28 at Mon Mar 23 00:20:41 UTC 2026
Cache sync 29 at Mon Mar 23 00:20:41 UTC 2026
Cache sync 1 at Mon Mar 23 03:54:09 UTC 2026
Cache sync 2 at Mon Mar 23 03:54:09 UTC 2026
Cache sync 3 at Mon Mar 23 03:54:09 UTC 2026
Cache sync 4 at Mon Mar 23 03:54:09 UTC 2026
Cache sync 5 at Mon Mar 23 03:54:09 UTC 2026
Cache sync 6 at Mon Mar 23 03:54:09 UTC 2026
Cache sync 7 at Mon Mar 23 03:54:09 UTC 2026
Cache sync 8 at Mon Mar 23 03:54:09 UTC 2026
Cache sync 9 at Mon Mar 23 03:54:09 UTC 2026
Cache sync 10 at Mon Mar 23 03:54:09 UTC 2026
Cache sync 11 at Mon Mar 23 03:54:09 UTC 2026
Cache sync 12 at Mon Mar 23 03:54:09 UTC 2026
Cache sync 13 at Mon Mar 23 03:54:09 UTC 2026
Cache sync 14 at Mon Mar 23 03:54:09 UTC 2026
Cache sync 15 at Mon Mar 23 03:54:09 UTC 2026
Cache sync 1 at Mon Mar 23 09:21:50 UTC 2026
Cache sync 2 at Mon Mar 23 09:21:50 UTC 2026
Cache sync 3 at Mon Mar 23 09:21:50 UTC 2026
Cache sync 4 at Mon Mar 23 09:21:50 UTC 2026
Cache sync 5 at Mon Mar 23 09:21:50 UTC 2026
Cache sync 6 at Mon Mar 23 09:21:50 UTC 2026
Cache sync 7 at Mon Mar 23 09:21:50 UTC 2026
Cache sync 8 at Mon Mar 23 09:21:50 UTC 2026
Cache sync 9 at Mon Mar 23 09:21:50 UTC 2026
Cache sync 10 at Mon Mar 23 09:21:50 UTC 2026
Cache sync 11 at Mon Mar 23 09:21:50 UTC 2026
Cache sync 12 at Mon Mar 23 09:21:50 UTC 2026
Cache sync 13 at Mon Mar 23 09:21:50 UTC 2026
Cache sync 14 at Mon Mar 23 09:21:50 UTC 2026
Cache sync 15 at Mon Mar 23 09:21:50 UTC 2026
Cache sync 16 at Mon Mar 23 09:21:50 UTC 2026
Cache sync 17 at Mon Mar 23 09:21:50 UTC 2026
Cache sync 18 at Mon Mar 23 09:21:50 UTC 2026
Cache sync 19 at Mon Mar 23 09:21:50 UTC 2026
Cache sync 20 at Mon Mar 23 09:21:50 UTC 2026
Cache sync 21 at Mon Mar 23 09:21:50 UTC 2026
Cache sync 22 at Mon Mar 23 09:21:50 UTC 2026
Cache sync 23 at Mon Mar 23 09:21:50 UTC 2026
Cache sync 24 at Mon Mar 23 09:21:50 UTC 2026
Cache sync 25 at Mon Mar 23 09:21:50 UTC 2026
Cache sync 26 at Mon Mar 23 09:21:50 UTC 2026
Cache sync 27 at Mon Mar 23 09:21:50 UTC 2026
Cache sync 28 at Mon Mar 23 09:21:50 UTC 2026
Cache sync 29 at Mon Mar 23 09:21:50 UTC 2026
Cache sync 30 at Mon Mar 23 09:21:50 UTC 2026
Cache sync 31 at Mon Mar 23 09:21:50 UTC 2026
Cache sync 32 at Mon Mar 23 09:21:50 UTC 2026
Cache sync 33 at Mon Mar 23 09:21:50 UTC 2026
Cache sync 34 at Mon Mar 23 09:21:50 UTC 2026
Cache sync 35 at Mon Mar 23 09:21:50 UTC 2026
Cache sync 36 at Mon Mar 23 09:21:50 UTC 2026
Cache sync 37 at Mon Mar 23 09:21:50 UTC 2026
Cache sync 38 at Mon Mar 23 09:21:50 UTC 2026
Cache sync 39 at Mon Mar 23 09:21:50 UTC 2026
Cache sync 40 at Mon Mar 23 09:21:50 UTC 2026
Cache sync 41 at Mon Mar 23 09:21:50 UTC 2026
Cache sync 42 at Mon Mar 23 09:21:50 UTC 2026
Cache sync 43 at Mon Mar 23 09:21:50 UTC 2026
Cache sync 44 at Mon Mar 23 09:21:50 UTC 2026
Cache sync 45 at Mon Mar 23 09:21:50 UTC 2026
Cache sync 46 at Mon Mar 23 09:21:51 UTC 2026
Cache sync 47 at Mon Mar 23 09:21:51 UTC 2026
Cache sync 48 at Mon Mar 23 09:21:51 UTC 2026
Cache sync 49 at Mon Mar 23 09:21:51 UTC 2026
Cache sync 50 at Mon Mar 23 09:21:51 UTC 2026
Cache sync 51 at Mon Mar 23 09:21:51 UTC 2026
Cache sync 52 at Mon Mar 23 09:21:51 UTC 2026
Cache sync 53 at Mon Mar 23 09:21:51 UTC 2026
Cache sync 54 at Mon Mar 23 09:21:51 UTC 2026
Cache sync 55 at Mon Mar 23 09:21:51 UTC 2026
Cache sync 56 at Mon Mar 23 09:21:51 UTC 2026
Cache sync 57 at Mon Mar 23 09:21:51 UTC 2026
Cache sync 58 at Mon Mar 23 09:21:51 UTC 2026
Cache sync 59 at Mon Mar 23 09:21:51 UTC 2026
Cache sync 60 at Mon Mar 23 09:21:51 UTC 2026
Cache sync 61 at Mon Mar 23 09:21:51 UTC 2026
Cache sync 62 at Mon Mar 23 09:21:51 UTC 2026
Cache sync 63 at Mon Mar 23 09:21:51 UTC 2026
Cache sync 64 at Mon Mar 23 09:21:51 UTC 2026
Cache sync 65 at Mon Mar 23 09:21:51 UTC 2026
Cache sync 66 at Mon Mar 23 09:21:51 UTC 2026
Cache sync 67 at Mon Mar 23 09:21:51 UTC 2026
Cache sync 68 at Mon Mar 23 09:21:51 UTC 2026
Cache sync 69 at Mon Mar 23 09:21:51 UTC 2026
Cache sync 70 at Mon Mar 23 09:21:51 UTC 2026
Cache sync 1 at Mon Mar 23 12:14:51 UTC 2026
Cache sync 1 at Mon Mar 23 15:22:19 UTC 2026
Cache sync 2 at Mon Mar 23 15:22:19 UTC 2026
Cache sync 3 at Mon Mar 23 15:22:19 UTC 2026
Cache sync 4 at Mon Mar 23 15:22:19 UTC 2026
Cache sync 5 at Mon Mar 23 15:22:19 UTC 2026
Cache sync 6 at Mon Mar 23 15:22:19 UTC 2026
Cache sync 7 at Mon Mar 23 15:22:19 UTC 2026
Cache sync 8 at Mon Mar 23 15:22:19 UTC 2026
Cache sync 9 at Mon Mar 23 15:22:19 UTC 2026
Cache sync 10 at Mon Mar 23 15:22:19 UTC 2026
Cache sync 11 at Mon Mar 23 15:22:19 UTC 2026
Cache sync 12 at Mon Mar 23 15:22:19 UTC 2026
Cache sync 13 at Mon Mar 23 15:22:19 UTC 2026
Cache sync 14 at Mon Mar 23 15:22:19 UTC 2026
Cache sync 15 at Mon Mar 23 15:22:19 UTC 2026
Cache sync 16 at Mon Mar 23 15:22:19 UTC 2026
Cache sync 17 at Mon Mar 23 15:22:19 UTC 2026
Cache sync 18 at Mon Mar 23 15:22:19 UTC 2026
Cache sync 19 at Mon Mar 23 15:22:19 UTC 2026
Cache sync 20 at Mon Mar 23 15:22:19 UTC 2026
Cache sync 21 at Mon Mar 23 15:22:19 UTC 2026
Cache sync 22 at Mon Mar 23 15:22:19 UTC 2026
Cache sync 23 at Mon Mar 23 15:22:19 UTC 2026
Cache sync 24 at Mon Mar 23 15:22:19 UTC 2026
Cache sync 25 at Mon Mar 23 15:22:19 UTC 2026
Cache sync 26 at Mon Mar 23 15:22:19 UTC 2026
Cache sync 27 at Mon Mar 23 15:22:19 UTC 2026
Cache sync 28 at Mon Mar 23 15:22:20 UTC 2026
Cache sync 29 at Mon Mar 23 15:22:20 UTC 2026
Cache sync 30 at Mon Mar 23 15:22:20 UTC 2026
Cache sync 31 at Mon Mar 23 15:22:20 UTC 2026
Cache sync 32 at Mon Mar 23 15:22:20 UTC 2026
Cache sync 33 at Mon Mar 23 15:22:20 UTC 2026
Cache sync 34 at Mon Mar 23 15:22:20 UTC 2026
Cache sync 35 at Mon Mar 23 15:22:20 UTC 2026
Cache sync 36 at Mon Mar 23 15:22:20 UTC 2026
Cache sync 1 at Mon Mar 23 21:11:15 UTC 2026
Cache sync 2 at Mon Mar 23 21:11:15 UTC 2026
Cache sync 3 at Mon Mar 23 21:11:15 UTC 2026
Cache sync 4 at Mon Mar 23 21:11:15 UTC 2026
Cache sync 5 at Mon Mar 23 21:11:15 UTC 2026
Cache sync 6 at Mon Mar 23 21:11:15 UTC 2026
Cache sync 7 at Mon Mar 23 21:11:15 UTC 2026
Cache sync 8 at Mon Mar 23 21:11:15 UTC 2026
Cache sync 9 at Mon Mar 23 21:11:15 UTC 2026
Cache sync 10 at Mon Mar 23 21:11:15 UTC 2026
Cache sync 11 at Mon Mar 23 21:11:15 UTC 2026
Cache sync 12 at Mon Mar 23 21:11:15 UTC 2026
Cache sync 13 at Mon Mar 23 21:11:15 UTC 2026
Cache sync 14 at Mon Mar 23 21:11:15 UTC 2026
Cache sync 15 at Mon Mar 23 21:11:15 UTC 2026
Cache sync 16 at Mon Mar 23 21:11:15 UTC 2026
Cache sync 17 at Mon Mar 23 21:11:15 UTC 2026
Cache sync 18 at Mon Mar 23 21:11:15 UTC 2026
Cache sync 19 at Mon Mar 23 21:11:15 UTC 2026
Cache sync 20 at Mon Mar 23 21:11:15 UTC 2026
Cache sync 21 at Mon Mar 23 21:11:15 UTC 2026
Cache sync 22 at Mon Mar 23 21:11:15 UTC 2026
Cache sync 23 at Mon Mar 23 21:11:15 UTC 2026
Cache sync 24 at Mon Mar 23 21:11:15 UTC 2026
Cache sync 25 at Mon Mar 23 21:11:15 UTC 2026
Cache sync 26 at Mon Mar 23 21:11:15 UTC 2026
Cache sync 27 at Mon Mar 23 21:11:15 UTC 2026
Cache sync 28 at Mon Mar 23 21:11:15 UTC 2026
Cache sync 29 at Mon Mar 23 21:11:15 UTC 2026
Cache sync 30 at Mon Mar 23 21:11:15 UTC 2026
Cache sync 31 at Mon Mar 23 21:11:15 UTC 2026
Cache sync 32 at Mon Mar 23 21:11:15 UTC 2026
Cache sync 33 at Mon Mar 23 21:11:16 UTC 2026
Cache sync 1 at Tue Mar 24 00:16:50 UTC 2026
Cache sync 2 at Tue Mar 24 00:16:50 UTC 2026
Cache sync 3 at Tue Mar 24 00:16:50 UTC 2026
Cache sync 4 at Tue Mar 24 00:16:50 UTC 2026
Cache sync 5 at Tue Mar 24 00:16:50 UTC 2026
Cache sync 6 at Tue Mar 24 00:16:50 UTC 2026
Cache sync 7 at Tue Mar 24 00:16:50 UTC 2026
Cache sync 8 at Tue Mar 24 00:16:50 UTC 2026
Cache sync 9 at Tue Mar 24 00:16:50 UTC 2026
Cache sync 10 at Tue Mar 24 00:16:50 UTC 2026
Cache sync 11 at Tue Mar 24 00:16:50 UTC 2026
Cache sync 12 at Tue Mar 24 00:16:50 UTC 2026
Cache sync 13 at Tue Mar 24 00:16:50 UTC 2026
Cache sync 14 at Tue Mar 24 00:16:50 UTC 2026
Cache sync 15 at Tue Mar 24 00:16:50 UTC 2026
Cache sync 16 at Tue Mar 24 00:16:50 UTC 2026
Cache sync 17 at Tue Mar 24 00:16:50 UTC 2026
Cache sync 18 at Tue Mar 24 00:16:50 UTC 2026
Cache sync 19 at Tue Mar 24 00:16:50 UTC 2026
Cache sync 20 at Tue Mar 24 00:16:50 UTC 2026
Cache sync 21 at Tue Mar 24 00:16:50 UTC 2026
Cache sync 22 at Tue Mar 24 00:16:50 UTC 2026
Cache sync 23 at Tue Mar 24 00:16:50 UTC 2026
Cache sync 24 at Tue Mar 24 00:16:50 UTC 2026
Cache sync 25 at Tue Mar 24 00:16:50 UTC 2026
Cache sync 26 at Tue Mar 24 00:16:50 UTC 2026
Cache sync 27 at Tue Mar 24 00:16:50 UTC 2026
Cache sync 28 at Tue Mar 24 00:16:50 UTC 2026
Cache sync 29 at Tue Mar 24 00:16:50 UTC 2026
Cache sync 30 at Tue Mar 24 00:16:50 UTC 2026
Cache sync 31 at Tue Mar 24 00:16:50 UTC 2026
Cache sync 32 at Tue Mar 24 00:16:50 UTC 2026
Cache sync 33 at Tue Mar 24 00:16:50 UTC 2026
Cache sync 34 at Tue Mar 24 00:16:50 UTC 2026
Cache sync 35 at Tue Mar 24 00:16:50 UTC 2026
Cache sync 36 at Tue Mar 24 00:16:50 UTC 2026
Cache sync 37 at Tue Mar 24 00:16:50 UTC 2026
Cache sync 38 at Tue Mar 24 00:16:50 UTC 2026
Cache sync 39 at Tue Mar 24 00:16:50 UTC 2026
Cache sync 40 at Tue Mar 24 00:16:50 UTC 2026
Cache sync 41 at Tue Mar 24 00:16:50 UTC 2026
Cache sync 42 at Tue Mar 24 00:16:50 UTC 2026
Cache sync 43 at Tue Mar 24 00:16:50 UTC 2026
Cache sync 44 at Tue Mar 24 00:16:50 UTC 2026
Cache sync 45 at Tue Mar 24 00:16:50 UTC 2026
Cache sync 46 at Tue Mar 24 00:16:50 UTC 2026
Cache sync 47 at Tue Mar 24 00:16:50 UTC 2026
Cache sync 48 at Tue Mar 24 00:16:50 UTC 2026
Cache sync 49 at Tue Mar 24 00:16:50 UTC 2026
Cache sync 50 at Tue Mar 24 00:16:50 UTC 2026
Cache sync 51 at Tue Mar 24 00:16:50 UTC 2026
Cache sync 52 at Tue Mar 24 00:16:50 UTC 2026
Cache sync 53 at Tue Mar 24 00:16:50 UTC 2026
Cache sync 54 at Tue Mar 24 00:16:51 UTC 2026
Cache sync 55 at Tue Mar 24 00:16:51 UTC 2026
Cache sync 56 at Tue Mar 24 00:16:51 UTC 2026
Cache sync 57 at Tue Mar 24 00:16:51 UTC 2026
Cache sync 58 at Tue Mar 24 00:16:51 UTC 2026
Cache sync 59 at Tue Mar 24 00:16:51 UTC 2026
Cache sync 60 at Tue Mar 24 00:16:51 UTC 2026
Cache sync 61 at Tue Mar 24 00:16:51 UTC 2026
Cache sync 62 at Tue Mar 24 00:16:51 UTC 2026
Cache sync 63 at Tue Mar 24 00:16:51 UTC 2026
Cache sync 64 at Tue Mar 24 00:16:51 UTC 2026
Cache sync 65 at Tue Mar 24 00:16:51 UTC 2026
Cache sync 66 at Tue Mar 24 00:16:51 UTC 2026
Cache sync 67 at Tue Mar 24 00:16:51 UTC 2026
Cache sync 68 at Tue Mar 24 00:16:51 UTC 2026
Cache sync 69 at Tue Mar 24 00:16:51 UTC 2026
Cache sync 70 at Tue Mar 24 00:16:51 UTC 2026
Cache sync 71 at Tue Mar 24 00:16:51 UTC 2026
Cache sync 72 at Tue Mar 24 00:16:51 UTC 2026
Cache sync 73 at Tue Mar 24 00:16:51 UTC 2026
Cache sync 74 at Tue Mar 24 00:16:51 UTC 2026
Cache sync 75 at Tue Mar 24 00:16:51 UTC 2026
Cache sync 76 at Tue Mar 24 00:16:51 UTC 2026
Cache sync 77 at Tue Mar 24 00:16:51 UTC 2026
Cache sync 78 at Tue Mar 24 00:16:51 UTC 2026
Cache sync 79 at Tue Mar 24 00:16:51 UTC 2026
Cache sync 80 at Tue Mar 24 00:16:51 UTC 2026
Cache sync 81 at Tue Mar 24 00:16:51 UTC 2026
Cache sync 1 at Tue Mar 24 03:48:09 UTC 2026
Cache sync 2 at Tue Mar 24 03:48:09 UTC 2026
Cache sync 3 at Tue Mar 24 03:48:09 UTC 2026
Cache sync 4 at Tue Mar 24 03:48:09 UTC 2026
Cache sync 5 at Tue Mar 24 03:48:09 UTC 2026
Cache sync 6 at Tue Mar 24 03:48:09 UTC 2026
Cache sync 7 at Tue Mar 24 03:48:09 UTC 2026
Cache sync 8 at Tue Mar 24 03:48:09 UTC 2026
Cache sync 9 at Tue Mar 24 03:48:09 UTC 2026
Cache sync 10 at Tue Mar 24 03:48:09 UTC 2026
Cache sync 11 at Tue Mar 24 03:48:09 UTC 2026
Cache sync 12 at Tue Mar 24 03:48:09 UTC 2026
Cache sync 13 at Tue Mar 24 03:48:09 UTC 2026
Cache sync 14 at Tue Mar 24 03:48:09 UTC 2026
Cache sync 15 at Tue Mar 24 03:48:09 UTC 2026
Cache sync 16 at Tue Mar 24 03:48:09 UTC 2026
Cache sync 17 at Tue Mar 24 03:48:09 UTC 2026
Cache sync 18 at Tue Mar 24 03:48:09 UTC 2026
Cache sync 19 at Tue Mar 24 03:48:09 UTC 2026
Cache sync 20 at Tue Mar 24 03:48:09 UTC 2026
Cache sync 21 at Tue Mar 24 03:48:09 UTC 2026
Cache sync 22 at Tue Mar 24 03:48:09 UTC 2026
Cache sync 23 at Tue Mar 24 03:48:09 UTC 2026
Cache sync 24 at Tue Mar 24 03:48:09 UTC 2026
Cache sync 25 at Tue Mar 24 03:48:09 UTC 2026
Cache sync 26 at Tue Mar 24 03:48:09 UTC 2026
Cache sync 27 at Tue Mar 24 03:48:09 UTC 2026
Cache sync 28 at Tue Mar 24 03:48:09 UTC 2026
Cache sync 29 at Tue Mar 24 03:48:09 UTC 2026
Cache sync 30 at Tue Mar 24 03:48:09 UTC 2026
Cache sync 31 at Tue Mar 24 03:48:09 UTC 2026
Cache sync 32 at Tue Mar 24 03:48:09 UTC 2026
Cache sync 33 at Tue Mar 24 03:48:09 UTC 2026
Cache sync 34 at Tue Mar 24 03:48:09 UTC 2026
Cache sync 35 at Tue Mar 24 03:48:09 UTC 2026
Cache sync 36 at Tue Mar 24 03:48:09 UTC 2026
Cache sync 37 at Tue Mar 24 03:48:09 UTC 2026
Cache sync 38 at Tue Mar 24 03:48:09 UTC 2026
Cache sync 39 at Tue Mar 24 03:48:09 UTC 2026
Cache sync 40 at Tue Mar 24 03:48:09 UTC 2026
Cache sync 41 at Tue Mar 24 03:48:09 UTC 2026
Cache sync 42 at Tue Mar 24 03:48:09 UTC 2026
Cache sync 43 at Tue Mar 24 03:48:09 UTC 2026
Cache sync 44 at Tue Mar 24 03:48:09 UTC 2026
Cache sync 45 at Tue Mar 24 03:48:10 UTC 2026
Cache sync 46 at Tue Mar 24 03:48:10 UTC 2026
Cache sync 47 at Tue Mar 24 03:48:10 UTC 2026
Cache sync 48 at Tue Mar 24 03:48:10 UTC 2026
Cache sync 49 at Tue Mar 24 03:48:10 UTC 2026
Cache sync 50 at Tue Mar 24 03:48:10 UTC 2026
Cache sync 51 at Tue Mar 24 03:48:10 UTC 2026
Cache sync 52 at Tue Mar 24 03:48:10 UTC 2026
Cache sync 53 at Tue Mar 24 03:48:10 UTC 2026
Cache sync 54 at Tue Mar 24 03:48:10 UTC 2026
Cache sync 55 at Tue Mar 24 03:48:10 UTC 2026
Cache sync 56 at Tue Mar 24 03:48:10 UTC 2026
Cache sync 57 at Tue Mar 24 03:48:10 UTC 2026
Cache sync 58 at Tue Mar 24 03:48:10 UTC 2026
Cache sync 59 at Tue Mar 24 03:48:10 UTC 2026
Cache sync 60 at Tue Mar 24 03:48:10 UTC 2026
Cache sync 61 at Tue Mar 24 03:48:10 UTC 2026
Cache sync 62 at Tue Mar 24 03:48:10 UTC 2026
Cache sync 63 at Tue Mar 24 03:48:10 UTC 2026
Cache sync 64 at Tue Mar 24 03:48:10 UTC 2026
Cache sync 65 at Tue Mar 24 03:48:10 UTC 2026
Cache sync 66 at Tue Mar 24 03:48:10 UTC 2026
Cache sync 67 at Tue Mar 24 03:48:10 UTC 2026
Cache sync 68 at Tue Mar 24 03:48:10 UTC 2026
Cache sync 69 at Tue Mar 24 03:48:10 UTC 2026
Cache sync 70 at Tue Mar 24 03:48:10 UTC 2026
Cache sync 71 at Tue Mar 24 03:48:10 UTC 2026
Cache sync 72 at Tue Mar 24 03:48:10 UTC 2026
Cache sync 73 at Tue Mar 24 03:48:10 UTC 2026
Cache sync 74 at Tue Mar 24 03:48:10 UTC 2026
Cache sync 75 at Tue Mar 24 03:48:10 UTC 2026
Cache sync 76 at Tue Mar 24 03:48:10 UTC 2026
Cache sync 77 at Tue Mar 24 03:48:10 UTC 2026
Cache sync 78 at Tue Mar 24 03:48:10 UTC 2026
Cache sync 79 at Tue Mar 24 03:48:10 UTC 2026
Cache sync 80 at Tue Mar 24 03:48:10 UTC 2026
Cache sync 81 at Tue Mar 24 03:48:10 UTC 2026
Cache sync 82 at Tue Mar 24 03:48:10 UTC 2026
Cache sync 83 at Tue Mar 24 03:48:10 UTC 2026
Cache sync 84 at Tue Mar 24 03:48:10 UTC 2026
Cache sync 85 at Tue Mar 24 03:48:10 UTC 2026
Cache sync 1 at Tue Mar 24 06:22:46 UTC 2026
Cache sync 2 at Tue Mar 24 06:22:46 UTC 2026
Cache sync 3 at Tue Mar 24 06:22:46 UTC 2026
Cache sync 4 at Tue Mar 24 06:22:46 UTC 2026
Cache sync 5 at Tue Mar 24 06:22:46 UTC 2026
Cache sync 6 at Tue Mar 24 06:22:46 UTC 2026
Cache sync 7 at Tue Mar 24 06:22:46 UTC 2026
Cache sync 8 at Tue Mar 24 06:22:46 UTC 2026
Cache sync 9 at Tue Mar 24 06:22:46 UTC 2026
Cache sync 10 at Tue Mar 24 06:22:46 UTC 2026
Cache sync 11 at Tue Mar 24 06:22:46 UTC 2026
Cache sync 12 at Tue Mar 24 06:22:46 UTC 2026
Cache sync 13 at Tue Mar 24 06:22:46 UTC 2026
Cache sync 14 at Tue Mar 24 06:22:46 UTC 2026
Cache sync 15 at Tue Mar 24 06:22:46 UTC 2026
Cache sync 16 at Tue Mar 24 06:22:46 UTC 2026
Cache sync 17 at Tue Mar 24 06:22:46 UTC 2026
Cache sync 18 at Tue Mar 24 06:22:46 UTC 2026
Cache sync 19 at Tue Mar 24 06:22:46 UTC 2026
Cache sync 20 at Tue Mar 24 06:22:46 UTC 2026
Cache sync 21 at Tue Mar 24 06:22:46 UTC 2026
Cache sync 22 at Tue Mar 24 06:22:46 UTC 2026
Cache sync 23 at Tue Mar 24 06:22:46 UTC 2026
Cache sync 24 at Tue Mar 24 06:22:46 UTC 2026
Cache sync 25 at Tue Mar 24 06:22:46 UTC 2026
Cache sync 26 at Tue Mar 24 06:22:46 UTC 2026
Cache sync 27 at Tue Mar 24 06:22:46 UTC 2026
Cache sync 28 at Tue Mar 24 06:22:46 UTC 2026
Cache sync 29 at Tue Mar 24 06:22:46 UTC 2026
Cache sync 30 at Tue Mar 24 06:22:46 UTC 2026
Cache sync 31 at Tue Mar 24 06:22:46 UTC 2026
Cache sync 32 at Tue Mar 24 06:22:46 UTC 2026
Cache sync 33 at Tue Mar 24 06:22:46 UTC 2026
Cache sync 34 at Tue Mar 24 06:22:46 UTC 2026
Cache sync 35 at Tue Mar 24 06:22:46 UTC 2026
Cache sync 36 at Tue Mar 24 06:22:46 UTC 2026
Cache sync 37 at Tue Mar 24 06:22:46 UTC 2026
Cache sync 38 at Tue Mar 24 06:22:46 UTC 2026
Cache sync 39 at Tue Mar 24 06:22:46 UTC 2026
Cache sync 40 at Tue Mar 24 06:22:46 UTC 2026
Cache sync 41 at Tue Mar 24 06:22:46 UTC 2026
Cache sync 42 at Tue Mar 24 06:22:46 UTC 2026
Cache sync 43 at Tue Mar 24 06:22:46 UTC 2026
Cache sync 44 at Tue Mar 24 06:22:46 UTC 2026
Cache sync 45 at Tue Mar 24 06:22:46 UTC 2026
Cache sync 46 at Tue Mar 24 06:22:46 UTC 2026
Cache sync 47 at Tue Mar 24 06:22:46 UTC 2026
Cache sync 1 at Tue Mar 24 12:15:42 UTC 2026
Cache sync 2 at Tue Mar 24 12:15:42 UTC 2026
Cache sync 3 at Tue Mar 24 12:15:42 UTC 2026
Cache sync 4 at Tue Mar 24 12:15:42 UTC 2026
Cache sync 5 at Tue Mar 24 12:15:42 UTC 2026
Cache sync 6 at Tue Mar 24 12:15:42 UTC 2026
Cache sync 7 at Tue Mar 24 12:15:42 UTC 2026
Cache sync 8 at Tue Mar 24 12:15:42 UTC 2026
Cache sync 9 at Tue Mar 24 12:15:42 UTC 2026
Cache sync 10 at Tue Mar 24 12:15:42 UTC 2026
Cache sync 11 at Tue Mar 24 12:15:42 UTC 2026
Cache sync 12 at Tue Mar 24 12:15:42 UTC 2026
Cache sync 13 at Tue Mar 24 12:15:42 UTC 2026
Cache sync 14 at Tue Mar 24 12:15:42 UTC 2026
Cache sync 15 at Tue Mar 24 12:15:42 UTC 2026
Cache sync 16 at Tue Mar 24 12:15:42 UTC 2026
Cache sync 17 at Tue Mar 24 12:15:42 UTC 2026
Cache sync 18 at Tue Mar 24 12:15:43 UTC 2026
Cache sync 19 at Tue Mar 24 12:15:43 UTC 2026
Cache sync 20 at Tue Mar 24 12:15:43 UTC 2026
Cache sync 21 at Tue Mar 24 12:15:43 UTC 2026
Cache sync 22 at Tue Mar 24 12:15:43 UTC 2026
Cache sync 23 at Tue Mar 24 12:15:43 UTC 2026
Cache sync 24 at Tue Mar 24 12:15:43 UTC 2026
Cache sync 25 at Tue Mar 24 12:15:43 UTC 2026
Cache sync 26 at Tue Mar 24 12:15:43 UTC 2026
Cache sync 27 at Tue Mar 24 12:15:43 UTC 2026
Cache sync 28 at Tue Mar 24 12:15:43 UTC 2026
Cache sync 29 at Tue Mar 24 12:15:43 UTC 2026
Cache sync 30 at Tue Mar 24 12:15:43 UTC 2026
Cache sync 31 at Tue Mar 24 12:15:43 UTC 2026
Cache sync 32 at Tue Mar 24 12:15:43 UTC 2026
Cache sync 33 at Tue Mar 24 12:15:43 UTC 2026
Cache sync 34 at Tue Mar 24 12:15:43 UTC 2026
Cache sync 35 at Tue Mar 24 12:15:43 UTC 2026
Cache sync 36 at Tue Mar 24 12:15:43 UTC 2026
Cache sync 37 at Tue Mar 24 12:15:43 UTC 2026
Cache sync 38 at Tue Mar 24 12:15:43 UTC 2026
Cache sync 39 at Tue Mar 24 12:15:43 UTC 2026
Cache sync 40 at Tue Mar 24 12:15:43 UTC 2026
Cache sync 41 at Tue Mar 24 12:15:43 UTC 2026
Cache sync 42 at Tue Mar 24 12:15:43 UTC 2026
Cache sync 43 at Tue Mar 24 12:15:43 UTC 2026
Cache sync 44 at Tue Mar 24 12:15:43 UTC 2026
Cache sync 45 at Tue Mar 24 12:15:43 UTC 2026
Cache sync 46 at Tue Mar 24 12:15:43 UTC 2026
Cache sync 47 at Tue Mar 24 12:15:43 UTC 2026
Cache sync 48 at Tue Mar 24 12:15:43 UTC 2026
Cache sync 49 at Tue Mar 24 12:15:43 UTC 2026
Cache sync 1 at Tue Mar 24 15:25:16 UTC 2026
Cache sync 2 at Tue Mar 24 15:25:16 UTC 2026
Cache sync 3 at Tue Mar 24 15:25:16 UTC 2026
Cache sync 4 at Tue Mar 24 15:25:16 UTC 2026
Cache sync 5 at Tue Mar 24 15:25:16 UTC 2026
Cache sync 6 at Tue Mar 24 15:25:16 UTC 2026
Cache sync 7 at Tue Mar 24 15:25:16 UTC 2026
Cache sync 8 at Tue Mar 24 15:25:16 UTC 2026
Cache sync 9 at Tue Mar 24 15:25:16 UTC 2026
Cache sync 10 at Tue Mar 24 15:25:16 UTC 2026
Cache sync 11 at Tue Mar 24 15:25:16 UTC 2026
Cache sync 12 at Tue Mar 24 15:25:16 UTC 2026
Cache sync 13 at Tue Mar 24 15:25:16 UTC 2026
Cache sync 14 at Tue Mar 24 15:25:16 UTC 2026
Cache sync 15 at Tue Mar 24 15:25:16 UTC 2026
Cache sync 16 at Tue Mar 24 15:25:16 UTC 2026
Cache sync 17 at Tue Mar 24 15:25:16 UTC 2026
Cache sync 18 at Tue Mar 24 15:25:16 UTC 2026
Cache sync 19 at Tue Mar 24 15:25:16 UTC 2026
Cache sync 20 at Tue Mar 24 15:25:16 UTC 2026
Cache sync 21 at Tue Mar 24 15:25:16 UTC 2026
Cache sync 22 at Tue Mar 24 15:25:16 UTC 2026
Cache sync 23 at Tue Mar 24 15:25:17 UTC 2026
Cache sync 24 at Tue Mar 24 15:25:17 UTC 2026
Cache sync 25 at Tue Mar 24 15:25:17 UTC 2026
Cache sync 26 at Tue Mar 24 15:25:17 UTC 2026
Cache sync 27 at Tue Mar 24 15:25:17 UTC 2026
Cache sync 28 at Tue Mar 24 15:25:17 UTC 2026
Cache sync 29 at Tue Mar 24 15:25:17 UTC 2026
Cache sync 30 at Tue Mar 24 15:25:17 UTC 2026
Cache sync 31 at Tue Mar 24 15:25:17 UTC 2026
Cache sync 32 at Tue Mar 24 15:25:17 UTC 2026
Cache sync 33 at Tue Mar 24 15:25:17 UTC 2026
Cache sync 34 at Tue Mar 24 15:25:17 UTC 2026
Cache sync 35 at Tue Mar 24 15:25:17 UTC 2026
Cache sync 36 at Tue Mar 24 15:25:17 UTC 2026
Cache sync 37 at Tue Mar 24 15:25:17 UTC 2026
Cache sync 38 at Tue Mar 24 15:25:17 UTC 2026
Cache sync 39 at Tue Mar 24 15:25:17 UTC 2026
Cache sync 40 at Tue Mar 24 15:25:17 UTC 2026
Cache sync 41 at Tue Mar 24 15:25:17 UTC 2026
Cache sync 42 at Tue Mar 24 15:25:17 UTC 2026
Cache sync 43 at Tue Mar 24 15:25:17 UTC 2026
Cache sync 44 at Tue Mar 24 15:25:17 UTC 2026
Cache sync 45 at Tue Mar 24 15:25:17 UTC 2026
Cache sync 46 at Tue Mar 24 15:25:17 UTC 2026
Cache sync 47 at Tue Mar 24 15:25:17 UTC 2026
Cache sync 48 at Tue Mar 24 15:25:17 UTC 2026
Cache sync 49 at Tue Mar 24 15:25:17 UTC 2026
Cache sync 50 at Tue Mar 24 15:25:17 UTC 2026
Cache sync 51 at Tue Mar 24 15:25:17 UTC 2026
Cache sync 52 at Tue Mar 24 15:25:17 UTC 2026
Cache sync 53 at Tue Mar 24 15:25:17 UTC 2026
Cache sync 54 at Tue Mar 24 15:25:17 UTC 2026
Cache sync 55 at Tue Mar 24 15:25:17 UTC 2026
Cache sync 56 at Tue Mar 24 15:25:17 UTC 2026
Cache sync 57 at Tue Mar 24 15:25:17 UTC 2026
Cache sync 58 at Tue Mar 24 15:25:17 UTC 2026
Cache sync 59 at Tue Mar 24 15:25:17 UTC 2026
Cache sync 60 at Tue Mar 24 15:25:17 UTC 2026
Cache sync 61 at Tue Mar 24 15:25:17 UTC 2026
Cache sync 62 at Tue Mar 24 15:25:17 UTC 2026
Cache sync 63 at Tue Mar 24 15:25:17 UTC 2026
Cache sync 64 at Tue Mar 24 15:25:17 UTC 2026
Cache sync 65 at Tue Mar 24 15:25:17 UTC 2026
Cache sync 1 at Tue Mar 24 18:19:12 UTC 2026
Cache sync 2 at Tue Mar 24 18:19:12 UTC 2026
Cache sync 3 at Tue Mar 24 18:19:12 UTC 2026
Cache sync 4 at Tue Mar 24 18:19:12 UTC 2026
Cache sync 5 at Tue Mar 24 18:19:12 UTC 2026
Cache sync 6 at Tue Mar 24 18:19:12 UTC 2026
Cache sync 7 at Tue Mar 24 18:19:12 UTC 2026
Cache sync 8 at Tue Mar 24 18:19:12 UTC 2026
Cache sync 9 at Tue Mar 24 18:19:12 UTC 2026
Cache sync 10 at Tue Mar 24 18:19:12 UTC 2026
Cache sync 11 at Tue Mar 24 18:19:12 UTC 2026
Cache sync 12 at Tue Mar 24 18:19:12 UTC 2026
Cache sync 13 at Tue Mar 24 18:19:12 UTC 2026
Cache sync 14 at Tue Mar 24 18:19:12 UTC 2026
Cache sync 15 at Tue Mar 24 18:19:12 UTC 2026
Cache sync 16 at Tue Mar 24 18:19:12 UTC 2026
Cache sync 17 at Tue Mar 24 18:19:12 UTC 2026
Cache sync 18 at Tue Mar 24 18:19:12 UTC 2026
Cache sync 19 at Tue Mar 24 18:19:12 UTC 2026
Cache sync 20 at Tue Mar 24 18:19:12 UTC 2026
Cache sync 21 at Tue Mar 24 18:19:12 UTC 2026
Cache sync 22 at Tue Mar 24 18:19:12 UTC 2026
Cache sync 23 at Tue Mar 24 18:19:12 UTC 2026
Cache sync 24 at Tue Mar 24 18:19:12 UTC 2026
Cache sync 25 at Tue Mar 24 18:19:12 UTC 2026
Cache sync 26 at Tue Mar 24 18:19:12 UTC 2026
Cache sync 27 at Tue Mar 24 18:19:12 UTC 2026
Cache sync 28 at Tue Mar 24 18:19:12 UTC 2026
Cache sync 29 at Tue Mar 24 18:19:12 UTC 2026
Cache sync 30 at Tue Mar 24 18:19:12 UTC 2026
Cache sync 31 at Tue Mar 24 18:19:12 UTC 2026
Cache sync 32 at Tue Mar 24 18:19:12 UTC 2026
Cache sync 33 at Tue Mar 24 18:19:12 UTC 2026
Cache sync 34 at Tue Mar 24 18:19:12 UTC 2026
Cache sync 35 at Tue Mar 24 18:19:12 UTC 2026
Cache sync 36 at Tue Mar 24 18:19:12 UTC 2026
Cache sync 37 at Tue Mar 24 18:19:13 UTC 2026
Cache sync 38 at Tue Mar 24 18:19:13 UTC 2026
Cache sync 39 at Tue Mar 24 18:19:13 UTC 2026
Cache sync 40 at Tue Mar 24 18:19:13 UTC 2026
Cache sync 41 at Tue Mar 24 18:19:13 UTC 2026
Cache sync 42 at Tue Mar 24 18:19:13 UTC 2026
Cache sync 43 at Tue Mar 24 18:19:13 UTC 2026
Cache sync 44 at Tue Mar 24 18:19:13 UTC 2026
Cache sync 45 at Tue Mar 24 18:19:13 UTC 2026
Cache sync 46 at Tue Mar 24 18:19:13 UTC 2026
Cache sync 47 at Tue Mar 24 18:19:13 UTC 2026
Cache sync 48 at Tue Mar 24 18:19:13 UTC 2026
Cache sync 49 at Tue Mar 24 18:19:13 UTC 2026
Cache sync 50 at Tue Mar 24 18:19:13 UTC 2026
Cache sync 51 at Tue Mar 24 18:19:13 UTC 2026
Cache sync 52 at Tue Mar 24 18:19:13 UTC 2026
Cache sync 53 at Tue Mar 24 18:19:13 UTC 2026
Cache sync 54 at Tue Mar 24 18:19:13 UTC 2026
Cache sync 55 at Tue Mar 24 18:19:13 UTC 2026
Cache sync 56 at Tue Mar 24 18:19:13 UTC 2026
Cache sync 57 at Tue Mar 24 18:19:13 UTC 2026
Cache sync 58 at Tue Mar 24 18:19:13 UTC 2026
Cache sync 59 at Tue Mar 24 18:19:13 UTC 2026
Cache sync 60 at Tue Mar 24 18:19:13 UTC 2026
Cache sync 61 at Tue Mar 24 18:19:13 UTC 2026
Cache sync 62 at Tue Mar 24 18:19:13 UTC 2026
Cache sync 63 at Tue Mar 24 18:19:13 UTC 2026
Cache sync 64 at Tue Mar 24 18:19:13 UTC 2026
Cache sync 65 at Tue Mar 24 18:19:13 UTC 2026
Cache sync 66 at Tue Mar 24 18:19:13 UTC 2026
Cache sync 67 at Tue Mar 24 18:19:13 UTC 2026
Cache sync 68 at Tue Mar 24 18:19:13 UTC 2026
Cache sync 1 at Tue Mar 24 21:12:26 UTC 2026
Cache sync 2 at Tue Mar 24 21:12:26 UTC 2026
Cache sync 3 at Tue Mar 24 21:12:26 UTC 2026
Cache sync 4 at Tue Mar 24 21:12:26 UTC 2026
Cache sync 5 at Tue Mar 24 21:12:26 UTC 2026
Cache sync 6 at Tue Mar 24 21:12:26 UTC 2026
Cache sync 7 at Tue Mar 24 21:12:26 UTC 2026
Cache sync 8 at Tue Mar 24 21:12:26 UTC 2026
Cache sync 9 at Tue Mar 24 21:12:26 UTC 2026
Cache sync 10 at Tue Mar 24 21:12:27 UTC 2026
Cache sync 11 at Tue Mar 24 21:12:27 UTC 2026
Cache sync 12 at Tue Mar 24 21:12:27 UTC 2026
Cache sync 13 at Tue Mar 24 21:12:27 UTC 2026
Cache sync 14 at Tue Mar 24 21:12:27 UTC 2026
Cache sync 15 at Tue Mar 24 21:12:27 UTC 2026
Cache sync 16 at Tue Mar 24 21:12:27 UTC 2026
Cache sync 17 at Tue Mar 24 21:12:27 UTC 2026
Cache sync 18 at Tue Mar 24 21:12:27 UTC 2026
Cache sync 19 at Tue Mar 24 21:12:27 UTC 2026
Cache sync 20 at Tue Mar 24 21:12:27 UTC 2026
Cache sync 21 at Tue Mar 24 21:12:27 UTC 2026
Cache sync 22 at Tue Mar 24 21:12:27 UTC 2026
Cache sync 23 at Tue Mar 24 21:12:27 UTC 2026
Cache sync 24 at Tue Mar 24 21:12:27 UTC 2026
Cache sync 25 at Tue Mar 24 21:12:27 UTC 2026
Cache sync 26 at Tue Mar 24 21:12:27 UTC 2026
Cache sync 27 at Tue Mar 24 21:12:27 UTC 2026
Cache sync 28 at Tue Mar 24 21:12:27 UTC 2026
Cache sync 29 at Tue Mar 24 21:12:27 UTC 2026
Cache sync 30 at Tue Mar 24 21:12:27 UTC 2026
Cache sync 31 at Tue Mar 24 21:12:27 UTC 2026
Cache sync 32 at Tue Mar 24 21:12:27 UTC 2026
Cache sync 33 at Tue Mar 24 21:12:27 UTC 2026
Cache sync 34 at Tue Mar 24 21:12:27 UTC 2026
Cache sync 35 at Tue Mar 24 21:12:27 UTC 2026
Cache sync 36 at Tue Mar 24 21:12:27 UTC 2026
Cache sync 37 at Tue Mar 24 21:12:27 UTC 2026
Cache sync 38 at Tue Mar 24 21:12:27 UTC 2026
Cache sync 39 at Tue Mar 24 21:12:27 UTC 2026
Cache sync 40 at Tue Mar 24 21:12:27 UTC 2026
Cache sync 41 at Tue Mar 24 21:12:27 UTC 2026
Cache sync 42 at Tue Mar 24 21:12:27 UTC 2026
Cache sync 43 at Tue Mar 24 21:12:27 UTC 2026
Cache sync 44 at Tue Mar 24 21:12:27 UTC 2026
Cache sync 45 at Tue Mar 24 21:12:27 UTC 2026
Cache sync 46 at Tue Mar 24 21:12:27 UTC 2026
Cache sync 47 at Tue Mar 24 21:12:27 UTC 2026
Cache sync 48 at Tue Mar 24 21:12:27 UTC 2026
Cache sync 49 at Tue Mar 24 21:12:27 UTC 2026
Cache sync 50 at Tue Mar 24 21:12:27 UTC 2026
Cache sync 1 at Wed Mar 25 03:49:05 UTC 2026
Cache sync 2 at Wed Mar 25 03:49:05 UTC 2026
Cache sync 1 at Wed Mar 25 09:18:11 UTC 2026
Cache sync 2 at Wed Mar 25 09:18:11 UTC 2026
Cache sync 3 at Wed Mar 25 09:18:11 UTC 2026
Cache sync 4 at Wed Mar 25 09:18:11 UTC 2026
Cache sync 5 at Wed Mar 25 09:18:11 UTC 2026
Cache sync 6 at Wed Mar 25 09:18:11 UTC 2026
Cache sync 7 at Wed Mar 25 09:18:11 UTC 2026
Cache sync 8 at Wed Mar 25 09:18:11 UTC 2026
Cache sync 9 at Wed Mar 25 09:18:11 UTC 2026
Cache sync 10 at Wed Mar 25 09:18:11 UTC 2026
Cache sync 11 at Wed Mar 25 09:18:11 UTC 2026
Cache sync 12 at Wed Mar 25 09:18:11 UTC 2026
Cache sync 13 at Wed Mar 25 09:18:11 UTC 2026
Cache sync 14 at Wed Mar 25 09:18:11 UTC 2026
Cache sync 15 at Wed Mar 25 09:18:11 UTC 2026
Cache sync 16 at Wed Mar 25 09:18:12 UTC 2026
Cache sync 17 at Wed Mar 25 09:18:12 UTC 2026
Cache sync 18 at Wed Mar 25 09:18:12 UTC 2026
Cache sync 19 at Wed Mar 25 09:18:12 UTC 2026
Cache sync 20 at Wed Mar 25 09:18:12 UTC 2026
Cache sync 21 at Wed Mar 25 09:18:12 UTC 2026
Cache sync 22 at Wed Mar 25 09:18:12 UTC 2026
Cache sync 23 at Wed Mar 25 09:18:12 UTC 2026
Cache sync 24 at Wed Mar 25 09:18:12 UTC 2026
Cache sync 25 at Wed Mar 25 09:18:12 UTC 2026
Cache sync 26 at Wed Mar 25 09:18:12 UTC 2026
Cache sync 27 at Wed Mar 25 09:18:12 UTC 2026
Cache sync 28 at Wed Mar 25 09:18:12 UTC 2026
Cache sync 29 at Wed Mar 25 09:18:12 UTC 2026
Cache sync 30 at Wed Mar 25 09:18:12 UTC 2026
Cache sync 31 at Wed Mar 25 09:18:12 UTC 2026
Cache sync 32 at Wed Mar 25 09:18:12 UTC 2026
Cache sync 33 at Wed Mar 25 09:18:12 UTC 2026
Cache sync 34 at Wed Mar 25 09:18:12 UTC 2026
Cache sync 35 at Wed Mar 25 09:18:12 UTC 2026
Cache sync 36 at Wed Mar 25 09:18:12 UTC 2026
Cache sync 37 at Wed Mar 25 09:18:12 UTC 2026
Cache sync 38 at Wed Mar 25 09:18:12 UTC 2026
Cache sync 39 at Wed Mar 25 09:18:12 UTC 2026
Cache sync 40 at Wed Mar 25 09:18:12 UTC 2026
Cache sync 41 at Wed Mar 25 09:18:12 UTC 2026
Cache sync 42 at Wed Mar 25 09:18:12 UTC 2026
Cache sync 43 at Wed Mar 25 09:18:12 UTC 2026
Cache sync 44 at Wed Mar 25 09:18:12 UTC 2026
Cache sync 45 at Wed Mar 25 09:18:12 UTC 2026
Cache sync 1 at Wed Mar 25 12:14:50 UTC 2026
Cache sync 2 at Wed Mar 25 12:14:50 UTC 2026
Cache sync 3 at Wed Mar 25 12:14:50 UTC 2026
Cache sync 4 at Wed Mar 25 12:14:50 UTC 2026
Cache sync 5 at Wed Mar 25 12:14:51 UTC 2026
Cache sync 6 at Wed Mar 25 12:14:51 UTC 2026
Cache sync 7 at Wed Mar 25 12:14:51 UTC 2026
Cache sync 8 at Wed Mar 25 12:14:51 UTC 2026
Cache sync 9 at Wed Mar 25 12:14:51 UTC 2026
Cache sync 10 at Wed Mar 25 12:14:51 UTC 2026
Cache sync 11 at Wed Mar 25 12:14:51 UTC 2026
Cache sync 12 at Wed Mar 25 12:14:51 UTC 2026
Cache sync 13 at Wed Mar 25 12:14:51 UTC 2026
Cache sync 14 at Wed Mar 25 12:14:51 UTC 2026
Cache sync 15 at Wed Mar 25 12:14:51 UTC 2026
Cache sync 16 at Wed Mar 25 12:14:51 UTC 2026
Cache sync 17 at Wed Mar 25 12:14:51 UTC 2026
Cache sync 18 at Wed Mar 25 12:14:51 UTC 2026
Cache sync 19 at Wed Mar 25 12:14:51 UTC 2026
Cache sync 20 at Wed Mar 25 12:14:51 UTC 2026
Cache sync 21 at Wed Mar 25 12:14:51 UTC 2026
Cache sync 22 at Wed Mar 25 12:14:51 UTC 2026
Cache sync 23 at Wed Mar 25 12:14:51 UTC 2026
Cache sync 24 at Wed Mar 25 12:14:51 UTC 2026
Cache sync 25 at Wed Mar 25 12:14:51 UTC 2026
Cache sync 26 at Wed Mar 25 12:14:51 UTC 2026
Cache sync 27 at Wed Mar 25 12:14:51 UTC 2026
Cache sync 28 at Wed Mar 25 12:14:51 UTC 2026
Cache sync 29 at Wed Mar 25 12:14:51 UTC 2026
Cache sync 30 at Wed Mar 25 12:14:51 UTC 2026
Cache sync 31 at Wed Mar 25 12:14:51 UTC 2026
Cache sync 32 at Wed Mar 25 12:14:51 UTC 2026
Cache sync 33 at Wed Mar 25 12:14:51 UTC 2026
Cache sync 34 at Wed Mar 25 12:14:51 UTC 2026
Cache sync 35 at Wed Mar 25 12:14:51 UTC 2026
Cache sync 36 at Wed Mar 25 12:14:51 UTC 2026
Cache sync 37 at Wed Mar 25 12:14:51 UTC 2026
Cache sync 38 at Wed Mar 25 12:14:51 UTC 2026
Cache sync 39 at Wed Mar 25 12:14:51 UTC 2026
Cache sync 40 at Wed Mar 25 12:14:51 UTC 2026
Cache sync 41 at Wed Mar 25 12:14:51 UTC 2026
Cache sync 42 at Wed Mar 25 12:14:51 UTC 2026
Cache sync 43 at Wed Mar 25 12:14:51 UTC 2026
Cache sync 44 at Wed Mar 25 12:14:51 UTC 2026
Cache sync 45 at Wed Mar 25 12:14:51 UTC 2026
Cache sync 46 at Wed Mar 25 12:14:51 UTC 2026
Cache sync 47 at Wed Mar 25 12:14:51 UTC 2026
Cache sync 48 at Wed Mar 25 12:14:51 UTC 2026
Cache sync 49 at Wed Mar 25 12:14:51 UTC 2026
Cache sync 50 at Wed Mar 25 12:14:51 UTC 2026
Cache sync 51 at Wed Mar 25 12:14:51 UTC 2026
Cache sync 52 at Wed Mar 25 12:14:51 UTC 2026
Cache sync 53 at Wed Mar 25 12:14:51 UTC 2026
Cache sync 54 at Wed Mar 25 12:14:51 UTC 2026
Cache sync 55 at Wed Mar 25 12:14:51 UTC 2026
Cache sync 56 at Wed Mar 25 12:14:51 UTC 2026
Cache sync 1 at Wed Mar 25 15:25:50 UTC 2026
Cache sync 2 at Wed Mar 25 15:25:50 UTC 2026
Cache sync 3 at Wed Mar 25 15:25:50 UTC 2026
Cache sync 4 at Wed Mar 25 15:25:50 UTC 2026
Cache sync 5 at Wed Mar 25 15:25:50 UTC 2026
Cache sync 6 at Wed Mar 25 15:25:50 UTC 2026
Cache sync 7 at Wed Mar 25 15:25:50 UTC 2026
Cache sync 8 at Wed Mar 25 15:25:50 UTC 2026
Cache sync 9 at Wed Mar 25 15:25:50 UTC 2026
Cache sync 10 at Wed Mar 25 15:25:50 UTC 2026
Cache sync 11 at Wed Mar 25 15:25:50 UTC 2026
Cache sync 12 at Wed Mar 25 15:25:50 UTC 2026
Cache sync 13 at Wed Mar 25 15:25:50 UTC 2026
Cache sync 14 at Wed Mar 25 15:25:50 UTC 2026
Cache sync 15 at Wed Mar 25 15:25:50 UTC 2026
Cache sync 16 at Wed Mar 25 15:25:50 UTC 2026
Cache sync 17 at Wed Mar 25 15:25:50 UTC 2026
Cache sync 18 at Wed Mar 25 15:25:50 UTC 2026
Cache sync 19 at Wed Mar 25 15:25:50 UTC 2026
Cache sync 20 at Wed Mar 25 15:25:50 UTC 2026
Cache sync 21 at Wed Mar 25 15:25:50 UTC 2026
Cache sync 22 at Wed Mar 25 15:25:50 UTC 2026
Cache sync 23 at Wed Mar 25 15:25:50 UTC 2026
Cache sync 24 at Wed Mar 25 15:25:50 UTC 2026
Cache sync 25 at Wed Mar 25 15:25:50 UTC 2026
Cache sync 26 at Wed Mar 25 15:25:50 UTC 2026
Cache sync 27 at Wed Mar 25 15:25:50 UTC 2026
Cache sync 28 at Wed Mar 25 15:25:50 UTC 2026
Cache sync 29 at Wed Mar 25 15:25:50 UTC 2026
Cache sync 30 at Wed Mar 25 15:25:50 UTC 2026
Cache sync 31 at Wed Mar 25 15:25:50 UTC 2026
Cache sync 32 at Wed Mar 25 15:25:50 UTC 2026
Cache sync 33 at Wed Mar 25 15:25:50 UTC 2026
Cache sync 34 at Wed Mar 25 15:25:50 UTC 2026
Cache sync 35 at Wed Mar 25 15:25:50 UTC 2026
Cache sync 36 at Wed Mar 25 15:25:50 UTC 2026
Cache sync 37 at Wed Mar 25 15:25:50 UTC 2026
Cache sync 38 at Wed Mar 25 15:25:50 UTC 2026
Cache sync 39 at Wed Mar 25 15:25:50 UTC 2026
Cache sync 40 at Wed Mar 25 15:25:50 UTC 2026
Cache sync 41 at Wed Mar 25 15:25:50 UTC 2026
Cache sync 42 at Wed Mar 25 15:25:50 UTC 2026
Cache sync 43 at Wed Mar 25 15:25:50 UTC 2026
Cache sync 44 at Wed Mar 25 15:25:50 UTC 2026
Cache sync 45 at Wed Mar 25 15:25:50 UTC 2026
Cache sync 46 at Wed Mar 25 15:25:50 UTC 2026
Cache sync 47 at Wed Mar 25 15:25:50 UTC 2026
Cache sync 48 at Wed Mar 25 15:25:50 UTC 2026
Cache sync 49 at Wed Mar 25 15:25:50 UTC 2026
Cache sync 50 at Wed Mar 25 15:25:51 UTC 2026
Cache sync 51 at Wed Mar 25 15:25:51 UTC 2026
Cache sync 52 at Wed Mar 25 15:25:51 UTC 2026
Cache sync 53 at Wed Mar 25 15:25:51 UTC 2026
Cache sync 54 at Wed Mar 25 15:25:51 UTC 2026
Cache sync 55 at Wed Mar 25 15:25:51 UTC 2026
Cache sync 56 at Wed Mar 25 15:25:51 UTC 2026
Cache sync 57 at Wed Mar 25 15:25:51 UTC 2026
Cache sync 58 at Wed Mar 25 15:25:51 UTC 2026
Cache sync 59 at Wed Mar 25 15:25:51 UTC 2026
Cache sync 60 at Wed Mar 25 15:25:51 UTC 2026
Cache sync 61 at Wed Mar 25 15:25:51 UTC 2026
Cache sync 62 at Wed Mar 25 15:25:51 UTC 2026
Cache sync 63 at Wed Mar 25 15:25:51 UTC 2026
Cache sync 64 at Wed Mar 25 15:25:51 UTC 2026
Cache sync 1 at Wed Mar 25 18:19:09 UTC 2026
Cache sync 2 at Wed Mar 25 18:19:09 UTC 2026
Cache sync 3 at Wed Mar 25 18:19:09 UTC 2026
Cache sync 4 at Wed Mar 25 18:19:09 UTC 2026
Cache sync 5 at Wed Mar 25 18:19:09 UTC 2026
Cache sync 6 at Wed Mar 25 18:19:09 UTC 2026
Cache sync 7 at Wed Mar 25 18:19:09 UTC 2026
Cache sync 8 at Wed Mar 25 18:19:09 UTC 2026
Cache sync 9 at Wed Mar 25 18:19:09 UTC 2026
Cache sync 10 at Wed Mar 25 18:19:09 UTC 2026
Cache sync 11 at Wed Mar 25 18:19:09 UTC 2026
Cache sync 12 at Wed Mar 25 18:19:10 UTC 2026
Cache sync 13 at Wed Mar 25 18:19:10 UTC 2026
Cache sync 14 at Wed Mar 25 18:19:10 UTC 2026
Cache sync 15 at Wed Mar 25 18:19:10 UTC 2026
Cache sync 16 at Wed Mar 25 18:19:10 UTC 2026
Cache sync 17 at Wed Mar 25 18:19:10 UTC 2026
Cache sync 18 at Wed Mar 25 18:19:10 UTC 2026
Cache sync 19 at Wed Mar 25 18:19:10 UTC 2026
Cache sync 20 at Wed Mar 25 18:19:10 UTC 2026
Cache sync 21 at Wed Mar 25 18:19:10 UTC 2026
Cache sync 22 at Wed Mar 25 18:19:10 UTC 2026
Cache sync 23 at Wed Mar 25 18:19:10 UTC 2026
Cache sync 24 at Wed Mar 25 18:19:10 UTC 2026
Cache sync 25 at Wed Mar 25 18:19:10 UTC 2026
Cache sync 26 at Wed Mar 25 18:19:10 UTC 2026
Cache sync 27 at Wed Mar 25 18:19:10 UTC 2026
Cache sync 28 at Wed Mar 25 18:19:10 UTC 2026
Cache sync 29 at Wed Mar 25 18:19:10 UTC 2026
Cache sync 30 at Wed Mar 25 18:19:10 UTC 2026
Cache sync 31 at Wed Mar 25 18:19:10 UTC 2026
Cache sync 32 at Wed Mar 25 18:19:10 UTC 2026
Cache sync 33 at Wed Mar 25 18:19:10 UTC 2026
Cache sync 34 at Wed Mar 25 18:19:10 UTC 2026
Cache sync 35 at Wed Mar 25 18:19:10 UTC 2026
Cache sync 36 at Wed Mar 25 18:19:10 UTC 2026
Cache sync 1 at Wed Mar 25 21:11:07 UTC 2026
Cache sync 2 at Wed Mar 25 21:11:07 UTC 2026
Cache sync 3 at Wed Mar 25 21:11:07 UTC 2026
Cache sync 4 at Wed Mar 25 21:11:07 UTC 2026
Cache sync 5 at Wed Mar 25 21:11:07 UTC 2026
Cache sync 6 at Wed Mar 25 21:11:07 UTC 2026
Cache sync 7 at Wed Mar 25 21:11:07 UTC 2026
Cache sync 8 at Wed Mar 25 21:11:07 UTC 2026
Cache sync 9 at Wed Mar 25 21:11:07 UTC 2026
Cache sync 10 at Wed Mar 25 21:11:07 UTC 2026
Cache sync 11 at Wed Mar 25 21:11:07 UTC 2026
Cache sync 12 at Wed Mar 25 21:11:07 UTC 2026
Cache sync 13 at Wed Mar 25 21:11:07 UTC 2026
Cache sync 14 at Wed Mar 25 21:11:07 UTC 2026
Cache sync 15 at Wed Mar 25 21:11:07 UTC 2026
Cache sync 16 at Wed Mar 25 21:11:07 UTC 2026
Cache sync 17 at Wed Mar 25 21:11:07 UTC 2026
Cache sync 18 at Wed Mar 25 21:11:07 UTC 2026
Cache sync 19 at Wed Mar 25 21:11:07 UTC 2026
Cache sync 20 at Wed Mar 25 21:11:07 UTC 2026
Cache sync 21 at Wed Mar 25 21:11:07 UTC 2026
Cache sync 1 at Thu Mar 26 00:21:13 UTC 2026
Cache sync 2 at Thu Mar 26 00:21:13 UTC 2026
Cache sync 3 at Thu Mar 26 00:21:13 UTC 2026
Cache sync 4 at Thu Mar 26 00:21:13 UTC 2026
Cache sync 5 at Thu Mar 26 00:21:13 UTC 2026
Cache sync 6 at Thu Mar 26 00:21:13 UTC 2026
Cache sync 7 at Thu Mar 26 00:21:13 UTC 2026
Cache sync 8 at Thu Mar 26 00:21:13 UTC 2026
Cache sync 9 at Thu Mar 26 00:21:13 UTC 2026
Cache sync 10 at Thu Mar 26 00:21:13 UTC 2026
Cache sync 11 at Thu Mar 26 00:21:13 UTC 2026
Cache sync 12 at Thu Mar 26 00:21:13 UTC 2026
Cache sync 13 at Thu Mar 26 00:21:13 UTC 2026
Cache sync 14 at Thu Mar 26 00:21:13 UTC 2026
Cache sync 15 at Thu Mar 26 00:21:13 UTC 2026
Cache sync 16 at Thu Mar 26 00:21:13 UTC 2026
Cache sync 17 at Thu Mar 26 00:21:13 UTC 2026
Cache sync 18 at Thu Mar 26 00:21:13 UTC 2026
Cache sync 19 at Thu Mar 26 00:21:14 UTC 2026
Cache sync 20 at Thu Mar 26 00:21:14 UTC 2026
Cache sync 21 at Thu Mar 26 00:21:14 UTC 2026
Cache sync 22 at Thu Mar 26 00:21:14 UTC 2026
Cache sync 23 at Thu Mar 26 00:21:14 UTC 2026
Cache sync 24 at Thu Mar 26 00:21:14 UTC 2026
Cache sync 25 at Thu Mar 26 00:21:14 UTC 2026
Cache sync 26 at Thu Mar 26 00:21:14 UTC 2026
Cache sync 27 at Thu Mar 26 00:21:14 UTC 2026
Cache sync 28 at Thu Mar 26 00:21:14 UTC 2026
Cache sync 29 at Thu Mar 26 00:21:14 UTC 2026
Cache sync 30 at Thu Mar 26 00:21:14 UTC 2026
Cache sync 31 at Thu Mar 26 00:21:14 UTC 2026
Cache sync 32 at Thu Mar 26 00:21:14 UTC 2026
Cache sync 33 at Thu Mar 26 00:21:14 UTC 2026
Cache sync 34 at Thu Mar 26 00:21:14 UTC 2026
Cache sync 35 at Thu Mar 26 00:21:14 UTC 2026
Cache sync 36 at Thu Mar 26 00:21:14 UTC 2026
Cache sync 37 at Thu Mar 26 00:21:14 UTC 2026
Cache sync 38 at Thu Mar 26 00:21:14 UTC 2026
Cache sync 39 at Thu Mar 26 00:21:14 UTC 2026
Cache sync 40 at Thu Mar 26 00:21:14 UTC 2026
Cache sync 41 at Thu Mar 26 00:21:14 UTC 2026
Cache sync 42 at Thu Mar 26 00:21:14 UTC 2026
Cache sync 43 at Thu Mar 26 00:21:14 UTC 2026
Cache sync 44 at Thu Mar 26 00:21:14 UTC 2026
Cache sync 45 at Thu Mar 26 00:21:14 UTC 2026
Cache sync 46 at Thu Mar 26 00:21:14 UTC 2026
Cache sync 47 at Thu Mar 26 00:21:14 UTC 2026
Cache sync 48 at Thu Mar 26 00:21:14 UTC 2026
Cache sync 49 at Thu Mar 26 00:21:14 UTC 2026
Cache sync 50 at Thu Mar 26 00:21:14 UTC 2026
Cache sync 51 at Thu Mar 26 00:21:14 UTC 2026
Cache sync 52 at Thu Mar 26 00:21:14 UTC 2026
Cache sync 53 at Thu Mar 26 00:21:14 UTC 2026
Cache sync 54 at Thu Mar 26 00:21:14 UTC 2026
Cache sync 55 at Thu Mar 26 00:21:14 UTC 2026
Cache sync 56 at Thu Mar 26 00:21:14 UTC 2026
Cache sync 57 at Thu Mar 26 00:21:14 UTC 2026
Cache sync 58 at Thu Mar 26 00:21:14 UTC 2026
Cache sync 59 at Thu Mar 26 00:21:14 UTC 2026
Cache sync 60 at Thu Mar 26 00:21:14 UTC 2026
Cache sync 61 at Thu Mar 26 00:21:14 UTC 2026
Cache sync 62 at Thu Mar 26 00:21:14 UTC 2026
Cache sync 63 at Thu Mar 26 00:21:14 UTC 2026
Cache sync 64 at Thu Mar 26 00:21:14 UTC 2026
Cache sync 65 at Thu Mar 26 00:21:14 UTC 2026
Cache sync 66 at Thu Mar 26 00:21:14 UTC 2026
Cache sync 67 at Thu Mar 26 00:21:14 UTC 2026
Cache sync 68 at Thu Mar 26 00:21:14 UTC 2026
Cache sync 69 at Thu Mar 26 00:21:14 UTC 2026
Cache sync 70 at Thu Mar 26 00:21:14 UTC 2026
Cache sync 71 at Thu Mar 26 00:21:14 UTC 2026
Cache sync 72 at Thu Mar 26 00:21:14 UTC 2026
Cache sync 73 at Thu Mar 26 00:21:14 UTC 2026
Cache sync 74 at Thu Mar 26 00:21:14 UTC 2026
Cache sync 75 at Thu Mar 26 00:21:14 UTC 2026
Cache sync 76 at Thu Mar 26 00:21:14 UTC 2026
Cache sync 77 at Thu Mar 26 00:21:14 UTC 2026
Cache sync 78 at Thu Mar 26 00:21:14 UTC 2026
Cache sync 79 at Thu Mar 26 00:21:14 UTC 2026
Cache sync 80 at Thu Mar 26 00:21:14 UTC 2026
Cache sync 81 at Thu Mar 26 00:21:14 UTC 2026
Cache sync 82 at Thu Mar 26 00:21:14 UTC 2026
Cache sync 83 at Thu Mar 26 00:21:14 UTC 2026
Cache sync 1 at Thu Mar 26 03:57:15 UTC 2026
Cache sync 2 at Thu Mar 26 03:57:15 UTC 2026
Cache sync 3 at Thu Mar 26 03:57:15 UTC 2026
Cache sync 4 at Thu Mar 26 03:57:15 UTC 2026
Cache sync 5 at Thu Mar 26 03:57:15 UTC 2026
Cache sync 6 at Thu Mar 26 03:57:15 UTC 2026
Cache sync 7 at Thu Mar 26 03:57:15 UTC 2026
Cache sync 8 at Thu Mar 26 03:57:15 UTC 2026
Cache sync 9 at Thu Mar 26 03:57:15 UTC 2026
Cache sync 10 at Thu Mar 26 03:57:15 UTC 2026
Cache sync 11 at Thu Mar 26 03:57:15 UTC 2026
Cache sync 12 at Thu Mar 26 03:57:15 UTC 2026
Cache sync 13 at Thu Mar 26 03:57:15 UTC 2026
Cache sync 14 at Thu Mar 26 03:57:15 UTC 2026
Cache sync 15 at Thu Mar 26 03:57:15 UTC 2026
Cache sync 16 at Thu Mar 26 03:57:15 UTC 2026
Cache sync 17 at Thu Mar 26 03:57:15 UTC 2026
Cache sync 18 at Thu Mar 26 03:57:15 UTC 2026
Cache sync 19 at Thu Mar 26 03:57:15 UTC 2026
Cache sync 20 at Thu Mar 26 03:57:15 UTC 2026
Cache sync 21 at Thu Mar 26 03:57:15 UTC 2026
Cache sync 22 at Thu Mar 26 03:57:15 UTC 2026
Cache sync 23 at Thu Mar 26 03:57:15 UTC 2026
Cache sync 24 at Thu Mar 26 03:57:15 UTC 2026
Cache sync 25 at Thu Mar 26 03:57:15 UTC 2026
Cache sync 26 at Thu Mar 26 03:57:15 UTC 2026
Cache sync 27 at Thu Mar 26 03:57:15 UTC 2026
Cache sync 28 at Thu Mar 26 03:57:15 UTC 2026
Cache sync 29 at Thu Mar 26 03:57:15 UTC 2026
Cache sync 30 at Thu Mar 26 03:57:15 UTC 2026
Cache sync 31 at Thu Mar 26 03:57:15 UTC 2026
Cache sync 32 at Thu Mar 26 03:57:15 UTC 2026
Cache sync 33 at Thu Mar 26 03:57:15 UTC 2026
Cache sync 34 at Thu Mar 26 03:57:15 UTC 2026
Cache sync 35 at Thu Mar 26 03:57:15 UTC 2026
Cache sync 36 at Thu Mar 26 03:57:15 UTC 2026
Cache sync 37 at Thu Mar 26 03:57:15 UTC 2026
Cache sync 38 at Thu Mar 26 03:57:15 UTC 2026
Cache sync 39 at Thu Mar 26 03:57:15 UTC 2026
Cache sync 40 at Thu Mar 26 03:57:15 UTC 2026
Cache sync 41 at Thu Mar 26 03:57:15 UTC 2026
Cache sync 42 at Thu Mar 26 03:57:15 UTC 2026
Cache sync 43 at Thu Mar 26 03:57:15 UTC 2026
Cache sync 44 at Thu Mar 26 03:57:15 UTC 2026
Cache sync 45 at Thu Mar 26 03:57:15 UTC 2026
Cache sync 46 at Thu Mar 26 03:57:15 UTC 2026
Cache sync 47 at Thu Mar 26 03:57:15 UTC 2026
Cache sync 48 at Thu Mar 26 03:57:15 UTC 2026
Cache sync 49 at Thu Mar 26 03:57:15 UTC 2026
Cache sync 50 at Thu Mar 26 03:57:15 UTC 2026
Cache sync 51 at Thu Mar 26 03:57:15 UTC 2026
Cache sync 52 at Thu Mar 26 03:57:15 UTC 2026
Cache sync 1 at Thu Mar 26 06:25:06 UTC 2026
Cache sync 2 at Thu Mar 26 06:25:06 UTC 2026
Cache sync 3 at Thu Mar 26 06:25:06 UTC 2026
Cache sync 4 at Thu Mar 26 06:25:06 UTC 2026
Cache sync 5 at Thu Mar 26 06:25:06 UTC 2026
Cache sync 6 at Thu Mar 26 06:25:06 UTC 2026
Cache sync 7 at Thu Mar 26 06:25:06 UTC 2026
Cache sync 8 at Thu Mar 26 06:25:06 UTC 2026
Cache sync 9 at Thu Mar 26 06:25:06 UTC 2026
Cache sync 10 at Thu Mar 26 06:25:06 UTC 2026
Cache sync 11 at Thu Mar 26 06:25:06 UTC 2026
Cache sync 12 at Thu Mar 26 06:25:06 UTC 2026
Cache sync 13 at Thu Mar 26 06:25:06 UTC 2026
Cache sync 14 at Thu Mar 26 06:25:06 UTC 2026
Cache sync 15 at Thu Mar 26 06:25:06 UTC 2026
Cache sync 16 at Thu Mar 26 06:25:06 UTC 2026
Cache sync 17 at Thu Mar 26 06:25:06 UTC 2026
Cache sync 18 at Thu Mar 26 06:25:06 UTC 2026
Cache sync 19 at Thu Mar 26 06:25:06 UTC 2026
Cache sync 20 at Thu Mar 26 06:25:06 UTC 2026
Cache sync 21 at Thu Mar 26 06:25:06 UTC 2026
Cache sync 22 at Thu Mar 26 06:25:06 UTC 2026
Cache sync 23 at Thu Mar 26 06:25:06 UTC 2026
Cache sync 24 at Thu Mar 26 06:25:06 UTC 2026
Cache sync 25 at Thu Mar 26 06:25:06 UTC 2026
Cache sync 26 at Thu Mar 26 06:25:06 UTC 2026
Cache sync 27 at Thu Mar 26 06:25:06 UTC 2026
Cache sync 28 at Thu Mar 26 06:25:06 UTC 2026
Cache sync 29 at Thu Mar 26 06:25:06 UTC 2026
Cache sync 30 at Thu Mar 26 06:25:06 UTC 2026
Cache sync 31 at Thu Mar 26 06:25:06 UTC 2026
Cache sync 32 at Thu Mar 26 06:25:06 UTC 2026
Cache sync 33 at Thu Mar 26 06:25:06 UTC 2026
Cache sync 34 at Thu Mar 26 06:25:06 UTC 2026
Cache sync 35 at Thu Mar 26 06:25:06 UTC 2026
Cache sync 36 at Thu Mar 26 06:25:06 UTC 2026
Cache sync 37 at Thu Mar 26 06:25:06 UTC 2026
Cache sync 38 at Thu Mar 26 06:25:06 UTC 2026
Cache sync 39 at Thu Mar 26 06:25:06 UTC 2026
Cache sync 40 at Thu Mar 26 06:25:06 UTC 2026
Cache sync 41 at Thu Mar 26 06:25:06 UTC 2026
Cache sync 42 at Thu Mar 26 06:25:06 UTC 2026
Cache sync 43 at Thu Mar 26 06:25:06 UTC 2026
Cache sync 44 at Thu Mar 26 06:25:06 UTC 2026
Cache sync 45 at Thu Mar 26 06:25:06 UTC 2026
Cache sync 46 at Thu Mar 26 06:25:06 UTC 2026
Cache sync 47 at Thu Mar 26 06:25:06 UTC 2026
Cache sync 48 at Thu Mar 26 06:25:06 UTC 2026
Cache sync 49 at Thu Mar 26 06:25:06 UTC 2026
Cache sync 50 at Thu Mar 26 06:25:06 UTC 2026
Cache sync 51 at Thu Mar 26 06:25:06 UTC 2026
Cache sync 52 at Thu Mar 26 06:25:06 UTC 2026
Cache sync 53 at Thu Mar 26 06:25:06 UTC 2026
Cache sync 54 at Thu Mar 26 06:25:06 UTC 2026
Cache sync 55 at Thu Mar 26 06:25:06 UTC 2026
Cache sync 56 at Thu Mar 26 06:25:06 UTC 2026
Cache sync 57 at Thu Mar 26 06:25:06 UTC 2026
Cache sync 58 at Thu Mar 26 06:25:06 UTC 2026
Cache sync 59 at Thu Mar 26 06:25:06 UTC 2026
Cache sync 60 at Thu Mar 26 06:25:06 UTC 2026
Cache sync 61 at Thu Mar 26 06:25:06 UTC 2026
Cache sync 1 at Thu Mar 26 09:21:08 UTC 2026
Cache sync 2 at Thu Mar 26 09:21:08 UTC 2026
Cache sync 3 at Thu Mar 26 09:21:08 UTC 2026
Cache sync 4 at Thu Mar 26 09:21:08 UTC 2026
Cache sync 5 at Thu Mar 26 09:21:08 UTC 2026
Cache sync 6 at Thu Mar 26 09:21:08 UTC 2026
Cache sync 7 at Thu Mar 26 09:21:08 UTC 2026
Cache sync 8 at Thu Mar 26 09:21:08 UTC 2026
Cache sync 9 at Thu Mar 26 09:21:08 UTC 2026
Cache sync 10 at Thu Mar 26 09:21:08 UTC 2026
Cache sync 11 at Thu Mar 26 09:21:08 UTC 2026
Cache sync 12 at Thu Mar 26 09:21:08 UTC 2026
Cache sync 13 at Thu Mar 26 09:21:08 UTC 2026
Cache sync 14 at Thu Mar 26 09:21:08 UTC 2026
Cache sync 15 at Thu Mar 26 09:21:08 UTC 2026
Cache sync 16 at Thu Mar 26 09:21:08 UTC 2026
Cache sync 17 at Thu Mar 26 09:21:08 UTC 2026
Cache sync 18 at Thu Mar 26 09:21:08 UTC 2026
Cache sync 19 at Thu Mar 26 09:21:08 UTC 2026
Cache sync 20 at Thu Mar 26 09:21:08 UTC 2026
Cache sync 21 at Thu Mar 26 09:21:08 UTC 2026
Cache sync 22 at Thu Mar 26 09:21:08 UTC 2026
Cache sync 23 at Thu Mar 26 09:21:08 UTC 2026
Cache sync 24 at Thu Mar 26 09:21:08 UTC 2026
Cache sync 25 at Thu Mar 26 09:21:08 UTC 2026
Cache sync 26 at Thu Mar 26 09:21:08 UTC 2026
Cache sync 27 at Thu Mar 26 09:21:08 UTC 2026
Cache sync 28 at Thu Mar 26 09:21:08 UTC 2026
Cache sync 29 at Thu Mar 26 09:21:08 UTC 2026
Cache sync 30 at Thu Mar 26 09:21:08 UTC 2026
Cache sync 31 at Thu Mar 26 09:21:08 UTC 2026
Cache sync 32 at Thu Mar 26 09:21:08 UTC 2026
Cache sync 33 at Thu Mar 26 09:21:08 UTC 2026
Cache sync 34 at Thu Mar 26 09:21:08 UTC 2026
Cache sync 35 at Thu Mar 26 09:21:08 UTC 2026
Cache sync 36 at Thu Mar 26 09:21:08 UTC 2026
Cache sync 37 at Thu Mar 26 09:21:08 UTC 2026
Cache sync 38 at Thu Mar 26 09:21:09 UTC 2026
Cache sync 39 at Thu Mar 26 09:21:09 UTC 2026
Cache sync 40 at Thu Mar 26 09:21:09 UTC 2026
Cache sync 41 at Thu Mar 26 09:21:09 UTC 2026
Cache sync 42 at Thu Mar 26 09:21:09 UTC 2026
Cache sync 43 at Thu Mar 26 09:21:09 UTC 2026
Cache sync 1 at Thu Mar 26 12:18:00 UTC 2026
Cache sync 2 at Thu Mar 26 12:18:00 UTC 2026
Cache sync 3 at Thu Mar 26 12:18:00 UTC 2026
Cache sync 4 at Thu Mar 26 12:18:00 UTC 2026
Cache sync 5 at Thu Mar 26 12:18:00 UTC 2026
Cache sync 6 at Thu Mar 26 12:18:00 UTC 2026
Cache sync 7 at Thu Mar 26 12:18:00 UTC 2026
Cache sync 8 at Thu Mar 26 12:18:00 UTC 2026
Cache sync 9 at Thu Mar 26 12:18:00 UTC 2026
Cache sync 10 at Thu Mar 26 12:18:00 UTC 2026
Cache sync 11 at Thu Mar 26 12:18:00 UTC 2026
Cache sync 12 at Thu Mar 26 12:18:00 UTC 2026
Cache sync 13 at Thu Mar 26 12:18:00 UTC 2026
Cache sync 14 at Thu Mar 26 12:18:00 UTC 2026
Cache sync 15 at Thu Mar 26 12:18:00 UTC 2026
Cache sync 16 at Thu Mar 26 12:18:00 UTC 2026
Cache sync 17 at Thu Mar 26 12:18:00 UTC 2026
Cache sync 18 at Thu Mar 26 12:18:00 UTC 2026
Cache sync 19 at Thu Mar 26 12:18:00 UTC 2026
Cache sync 20 at Thu Mar 26 12:18:00 UTC 2026
Cache sync 21 at Thu Mar 26 12:18:00 UTC 2026
Cache sync 22 at Thu Mar 26 12:18:00 UTC 2026
Cache sync 23 at Thu Mar 26 12:18:00 UTC 2026
Cache sync 24 at Thu Mar 26 12:18:00 UTC 2026
Cache sync 25 at Thu Mar 26 12:18:00 UTC 2026
Cache sync 26 at Thu Mar 26 12:18:00 UTC 2026
Cache sync 27 at Thu Mar 26 12:18:00 UTC 2026
Cache sync 1 at Thu Mar 26 15:28:22 UTC 2026
Cache sync 2 at Thu Mar 26 15:28:22 UTC 2026
Cache sync 3 at Thu Mar 26 15:28:22 UTC 2026
Cache sync 4 at Thu Mar 26 15:28:22 UTC 2026
Cache sync 5 at Thu Mar 26 15:28:22 UTC 2026
Cache sync 6 at Thu Mar 26 15:28:22 UTC 2026
Cache sync 7 at Thu Mar 26 15:28:22 UTC 2026
Cache sync 8 at Thu Mar 26 15:28:22 UTC 2026
Cache sync 9 at Thu Mar 26 15:28:22 UTC 2026
Cache sync 10 at Thu Mar 26 15:28:22 UTC 2026
Cache sync 11 at Thu Mar 26 15:28:22 UTC 2026
Cache sync 12 at Thu Mar 26 15:28:22 UTC 2026
Cache sync 13 at Thu Mar 26 15:28:22 UTC 2026
Cache sync 14 at Thu Mar 26 15:28:22 UTC 2026
Cache sync 15 at Thu Mar 26 15:28:22 UTC 2026
Cache sync 16 at Thu Mar 26 15:28:22 UTC 2026
Cache sync 17 at Thu Mar 26 15:28:22 UTC 2026
Cache sync 18 at Thu Mar 26 15:28:22 UTC 2026
Cache sync 19 at Thu Mar 26 15:28:22 UTC 2026
Cache sync 20 at Thu Mar 26 15:28:22 UTC 2026
Cache sync 21 at Thu Mar 26 15:28:22 UTC 2026
Cache sync 22 at Thu Mar 26 15:28:22 UTC 2026
Cache sync 23 at Thu Mar 26 15:28:22 UTC 2026
Cache sync 24 at Thu Mar 26 15:28:22 UTC 2026
Cache sync 25 at Thu Mar 26 15:28:22 UTC 2026
Cache sync 26 at Thu Mar 26 15:28:22 UTC 2026
Cache sync 27 at Thu Mar 26 15:28:22 UTC 2026
Cache sync 28 at Thu Mar 26 15:28:22 UTC 2026
Cache sync 29 at Thu Mar 26 15:28:22 UTC 2026
Cache sync 30 at Thu Mar 26 15:28:22 UTC 2026
Cache sync 31 at Thu Mar 26 15:28:22 UTC 2026
Cache sync 32 at Thu Mar 26 15:28:22 UTC 2026
Cache sync 33 at Thu Mar 26 15:28:22 UTC 2026
Cache sync 34 at Thu Mar 26 15:28:22 UTC 2026
Cache sync 35 at Thu Mar 26 15:28:22 UTC 2026
Cache sync 36 at Thu Mar 26 15:28:22 UTC 2026
Cache sync 37 at Thu Mar 26 15:28:22 UTC 2026
Cache sync 38 at Thu Mar 26 15:28:22 UTC 2026
Cache sync 39 at Thu Mar 26 15:28:22 UTC 2026
Cache sync 40 at Thu Mar 26 15:28:22 UTC 2026
Cache sync 41 at Thu Mar 26 15:28:22 UTC 2026
Cache sync 42 at Thu Mar 26 15:28:23 UTC 2026
Cache sync 43 at Thu Mar 26 15:28:23 UTC 2026
Cache sync 44 at Thu Mar 26 15:28:23 UTC 2026
Cache sync 45 at Thu Mar 26 15:28:23 UTC 2026
Cache sync 46 at Thu Mar 26 15:28:23 UTC 2026
Cache sync 47 at Thu Mar 26 15:28:23 UTC 2026
Cache sync 48 at Thu Mar 26 15:28:23 UTC 2026
Cache sync 49 at Thu Mar 26 15:28:23 UTC 2026
Cache sync 50 at Thu Mar 26 15:28:23 UTC 2026
Cache sync 51 at Thu Mar 26 15:28:23 UTC 2026
Cache sync 52 at Thu Mar 26 15:28:23 UTC 2026
Cache sync 53 at Thu Mar 26 15:28:23 UTC 2026
Cache sync 54 at Thu Mar 26 15:28:23 UTC 2026
Cache sync 55 at Thu Mar 26 15:28:23 UTC 2026
Cache sync 56 at Thu Mar 26 15:28:23 UTC 2026
Cache sync 57 at Thu Mar 26 15:28:23 UTC 2026
Cache sync 58 at Thu Mar 26 15:28:23 UTC 2026
Cache sync 59 at Thu Mar 26 15:28:23 UTC 2026
Cache sync 60 at Thu Mar 26 15:28:23 UTC 2026
Cache sync 61 at Thu Mar 26 15:28:23 UTC 2026
Cache sync 62 at Thu Mar 26 15:28:23 UTC 2026
Cache sync 63 at Thu Mar 26 15:28:23 UTC 2026
Cache sync 64 at Thu Mar 26 15:28:23 UTC 2026
Cache sync 65 at Thu Mar 26 15:28:23 UTC 2026
Cache sync 66 at Thu Mar 26 15:28:23 UTC 2026
Cache sync 67 at Thu Mar 26 15:28:23 UTC 2026
Cache sync 68 at Thu Mar 26 15:28:23 UTC 2026
Cache sync 69 at Thu Mar 26 15:28:23 UTC 2026
Cache sync 70 at Thu Mar 26 15:28:23 UTC 2026
Cache sync 71 at Thu Mar 26 15:28:23 UTC 2026
Cache sync 72 at Thu Mar 26 15:28:23 UTC 2026
Cache sync 73 at Thu Mar 26 15:28:23 UTC 2026
Cache sync 1 at Thu Mar 26 18:20:40 UTC 2026
Cache sync 2 at Thu Mar 26 18:20:40 UTC 2026
Cache sync 3 at Thu Mar 26 18:20:40 UTC 2026
Cache sync 4 at Thu Mar 26 18:20:40 UTC 2026
Cache sync 5 at Thu Mar 26 18:20:40 UTC 2026
Cache sync 6 at Thu Mar 26 18:20:40 UTC 2026
Cache sync 7 at Thu Mar 26 18:20:40 UTC 2026
Cache sync 8 at Thu Mar 26 18:20:40 UTC 2026
Cache sync 9 at Thu Mar 26 18:20:40 UTC 2026
Cache sync 10 at Thu Mar 26 18:20:40 UTC 2026
Cache sync 11 at Thu Mar 26 18:20:40 UTC 2026
Cache sync 12 at Thu Mar 26 18:20:40 UTC 2026
Cache sync 13 at Thu Mar 26 18:20:40 UTC 2026
Cache sync 14 at Thu Mar 26 18:20:40 UTC 2026
Cache sync 15 at Thu Mar 26 18:20:40 UTC 2026
Cache sync 16 at Thu Mar 26 18:20:40 UTC 2026
Cache sync 1 at Thu Mar 26 21:09:04 UTC 2026
Cache sync 2 at Thu Mar 26 21:09:04 UTC 2026
Cache sync 3 at Thu Mar 26 21:09:04 UTC 2026
Cache sync 4 at Thu Mar 26 21:09:04 UTC 2026
Cache sync 5 at Thu Mar 26 21:09:04 UTC 2026
Cache sync 6 at Thu Mar 26 21:09:04 UTC 2026
Cache sync 7 at Thu Mar 26 21:09:04 UTC 2026
Cache sync 8 at Thu Mar 26 21:09:04 UTC 2026
Cache sync 9 at Thu Mar 26 21:09:04 UTC 2026
Cache sync 10 at Thu Mar 26 21:09:04 UTC 2026
Cache sync 11 at Thu Mar 26 21:09:04 UTC 2026
Cache sync 12 at Thu Mar 26 21:09:04 UTC 2026
Cache sync 13 at Thu Mar 26 21:09:04 UTC 2026
Cache sync 14 at Thu Mar 26 21:09:04 UTC 2026
Cache sync 15 at Thu Mar 26 21:09:04 UTC 2026
Cache sync 16 at Thu Mar 26 21:09:04 UTC 2026
Cache sync 17 at Thu Mar 26 21:09:04 UTC 2026
Cache sync 18 at Thu Mar 26 21:09:04 UTC 2026
Cache sync 19 at Thu Mar 26 21:09:04 UTC 2026
Cache sync 20 at Thu Mar 26 21:09:04 UTC 2026
Cache sync 21 at Thu Mar 26 21:09:04 UTC 2026
Cache sync 22 at Thu Mar 26 21:09:04 UTC 2026
Cache sync 23 at Thu Mar 26 21:09:04 UTC 2026
Cache sync 24 at Thu Mar 26 21:09:04 UTC 2026
Cache sync 25 at Thu Mar 26 21:09:04 UTC 2026
Cache sync 26 at Thu Mar 26 21:09:04 UTC 2026
Cache sync 27 at Thu Mar 26 21:09:04 UTC 2026
Cache sync 28 at Thu Mar 26 21:09:04 UTC 2026
Cache sync 29 at Thu Mar 26 21:09:04 UTC 2026
Cache sync 30 at Thu Mar 26 21:09:04 UTC 2026
Cache sync 31 at Thu Mar 26 21:09:04 UTC 2026
Cache sync 32 at Thu Mar 26 21:09:04 UTC 2026
Cache sync 33 at Thu Mar 26 21:09:04 UTC 2026
Cache sync 34 at Thu Mar 26 21:09:04 UTC 2026
Cache sync 35 at Thu Mar 26 21:09:04 UTC 2026
Cache sync 36 at Thu Mar 26 21:09:04 UTC 2026
Cache sync 37 at Thu Mar 26 21:09:04 UTC 2026
Cache sync 38 at Thu Mar 26 21:09:04 UTC 2026
Cache sync 39 at Thu Mar 26 21:09:04 UTC 2026
Cache sync 40 at Thu Mar 26 21:09:04 UTC 2026
Cache sync 41 at Thu Mar 26 21:09:05 UTC 2026
Cache sync 42 at Thu Mar 26 21:09:05 UTC 2026
Cache sync 43 at Thu Mar 26 21:09:05 UTC 2026
Cache sync 44 at Thu Mar 26 21:09:05 UTC 2026
Cache sync 45 at Thu Mar 26 21:09:05 UTC 2026
Cache sync 46 at Thu Mar 26 21:09:05 UTC 2026
Cache sync 47 at Thu Mar 26 21:09:05 UTC 2026
Cache sync 48 at Thu Mar 26 21:09:05 UTC 2026
Cache sync 49 at Thu Mar 26 21:09:05 UTC 2026
Cache sync 50 at Thu Mar 26 21:09:05 UTC 2026
Cache sync 51 at Thu Mar 26 21:09:05 UTC 2026
Cache sync 52 at Thu Mar 26 21:09:05 UTC 2026
Cache sync 53 at Thu Mar 26 21:09:05 UTC 2026
Cache sync 54 at Thu Mar 26 21:09:05 UTC 2026
Cache sync 55 at Thu Mar 26 21:09:05 UTC 2026
Cache sync 56 at Thu Mar 26 21:09:05 UTC 2026
Cache sync 57 at Thu Mar 26 21:09:05 UTC 2026
Cache sync 58 at Thu Mar 26 21:09:05 UTC 2026
Cache sync 59 at Thu Mar 26 21:09:05 UTC 2026
Cache sync 60 at Thu Mar 26 21:09:05 UTC 2026
Cache sync 61 at Thu Mar 26 21:09:05 UTC 2026
Cache sync 62 at Thu Mar 26 21:09:05 UTC 2026
Cache sync 63 at Thu Mar 26 21:09:05 UTC 2026
Cache sync 64 at Thu Mar 26 21:09:05 UTC 2026
Cache sync 65 at Thu Mar 26 21:09:05 UTC 2026
Cache sync 66 at Thu Mar 26 21:09:05 UTC 2026
Cache sync 67 at Thu Mar 26 21:09:05 UTC 2026
Cache sync 68 at Thu Mar 26 21:09:05 UTC 2026
Cache sync 69 at Thu Mar 26 21:09:05 UTC 2026
Cache sync 70 at Thu Mar 26 21:09:05 UTC 2026
Cache sync 1 at Fri Mar 27 00:20:46 UTC 2026
Cache sync 2 at Fri Mar 27 00:20:46 UTC 2026
Cache sync 3 at Fri Mar 27 00:20:46 UTC 2026
Cache sync 4 at Fri Mar 27 00:20:46 UTC 2026
Cache sync 5 at Fri Mar 27 00:20:46 UTC 2026
Cache sync 6 at Fri Mar 27 00:20:46 UTC 2026
Cache sync 7 at Fri Mar 27 00:20:46 UTC 2026
Cache sync 1 at Fri Mar 27 06:25:45 UTC 2026
Cache sync 2 at Fri Mar 27 06:25:45 UTC 2026
Cache sync 3 at Fri Mar 27 06:25:45 UTC 2026
Cache sync 4 at Fri Mar 27 06:25:45 UTC 2026
Cache sync 5 at Fri Mar 27 06:25:45 UTC 2026
Cache sync 6 at Fri Mar 27 06:25:45 UTC 2026
Cache sync 7 at Fri Mar 27 06:25:45 UTC 2026
Cache sync 8 at Fri Mar 27 06:25:45 UTC 2026
Cache sync 9 at Fri Mar 27 06:25:45 UTC 2026
Cache sync 10 at Fri Mar 27 06:25:45 UTC 2026
Cache sync 11 at Fri Mar 27 06:25:45 UTC 2026
Cache sync 12 at Fri Mar 27 06:25:45 UTC 2026
Cache sync 13 at Fri Mar 27 06:25:45 UTC 2026
Cache sync 14 at Fri Mar 27 06:25:45 UTC 2026
Cache sync 15 at Fri Mar 27 06:25:45 UTC 2026
Cache sync 16 at Fri Mar 27 06:25:45 UTC 2026
Cache sync 17 at Fri Mar 27 06:25:45 UTC 2026
Cache sync 18 at Fri Mar 27 06:25:45 UTC 2026
Cache sync 19 at Fri Mar 27 06:25:45 UTC 2026
Cache sync 20 at Fri Mar 27 06:25:45 UTC 2026
Cache sync 21 at Fri Mar 27 06:25:45 UTC 2026
Cache sync 22 at Fri Mar 27 06:25:45 UTC 2026
Cache sync 23 at Fri Mar 27 06:25:45 UTC 2026
Cache sync 1 at Fri Mar 27 09:17:59 UTC 2026
Cache sync 2 at Fri Mar 27 09:17:59 UTC 2026
Cache sync 3 at Fri Mar 27 09:17:59 UTC 2026
Cache sync 4 at Fri Mar 27 09:17:59 UTC 2026
Cache sync 5 at Fri Mar 27 09:17:59 UTC 2026
Cache sync 6 at Fri Mar 27 09:17:59 UTC 2026
Cache sync 7 at Fri Mar 27 09:18:00 UTC 2026
Cache sync 8 at Fri Mar 27 09:18:00 UTC 2026
Cache sync 9 at Fri Mar 27 09:18:00 UTC 2026
Cache sync 10 at Fri Mar 27 09:18:00 UTC 2026
Cache sync 11 at Fri Mar 27 09:18:00 UTC 2026
Cache sync 12 at Fri Mar 27 09:18:00 UTC 2026
Cache sync 13 at Fri Mar 27 09:18:00 UTC 2026
Cache sync 14 at Fri Mar 27 09:18:00 UTC 2026
Cache sync 15 at Fri Mar 27 09:18:00 UTC 2026
Cache sync 16 at Fri Mar 27 09:18:00 UTC 2026
Cache sync 17 at Fri Mar 27 09:18:00 UTC 2026
Cache sync 18 at Fri Mar 27 09:18:00 UTC 2026
Cache sync 19 at Fri Mar 27 09:18:00 UTC 2026
Cache sync 20 at Fri Mar 27 09:18:00 UTC 2026
Cache sync 21 at Fri Mar 27 09:18:00 UTC 2026
Cache sync 22 at Fri Mar 27 09:18:00 UTC 2026
Cache sync 23 at Fri Mar 27 09:18:00 UTC 2026
Cache sync 24 at Fri Mar 27 09:18:00 UTC 2026
Cache sync 25 at Fri Mar 27 09:18:00 UTC 2026
Cache sync 26 at Fri Mar 27 09:18:00 UTC 2026
Cache sync 27 at Fri Mar 27 09:18:00 UTC 2026
Cache sync 28 at Fri Mar 27 09:18:00 UTC 2026
Cache sync 29 at Fri Mar 27 09:18:00 UTC 2026
Cache sync 1 at Fri Mar 27 12:14:05 UTC 2026
Cache sync 2 at Fri Mar 27 12:14:05 UTC 2026
Cache sync 3 at Fri Mar 27 12:14:05 UTC 2026
Cache sync 4 at Fri Mar 27 12:14:05 UTC 2026
Cache sync 5 at Fri Mar 27 12:14:05 UTC 2026
Cache sync 6 at Fri Mar 27 12:14:05 UTC 2026
Cache sync 7 at Fri Mar 27 12:14:05 UTC 2026
Cache sync 8 at Fri Mar 27 12:14:05 UTC 2026
Cache sync 9 at Fri Mar 27 12:14:05 UTC 2026
Cache sync 10 at Fri Mar 27 12:14:05 UTC 2026
Cache sync 11 at Fri Mar 27 12:14:05 UTC 2026
Cache sync 12 at Fri Mar 27 12:14:05 UTC 2026
Cache sync 13 at Fri Mar 27 12:14:05 UTC 2026
Cache sync 14 at Fri Mar 27 12:14:05 UTC 2026
Cache sync 15 at Fri Mar 27 12:14:05 UTC 2026
Cache sync 16 at Fri Mar 27 12:14:05 UTC 2026
Cache sync 17 at Fri Mar 27 12:14:05 UTC 2026
Cache sync 18 at Fri Mar 27 12:14:05 UTC 2026
Cache sync 19 at Fri Mar 27 12:14:05 UTC 2026
Cache sync 20 at Fri Mar 27 12:14:05 UTC 2026
Cache sync 21 at Fri Mar 27 12:14:05 UTC 2026
Cache sync 22 at Fri Mar 27 12:14:05 UTC 2026
Cache sync 23 at Fri Mar 27 12:14:05 UTC 2026
Cache sync 24 at Fri Mar 27 12:14:05 UTC 2026
Cache sync 25 at Fri Mar 27 12:14:05 UTC 2026
Cache sync 26 at Fri Mar 27 12:14:05 UTC 2026
Cache sync 27 at Fri Mar 27 12:14:05 UTC 2026
Cache sync 28 at Fri Mar 27 12:14:05 UTC 2026
Cache sync 29 at Fri Mar 27 12:14:05 UTC 2026
Cache sync 30 at Fri Mar 27 12:14:05 UTC 2026
Cache sync 31 at Fri Mar 27 12:14:05 UTC 2026
Cache sync 32 at Fri Mar 27 12:14:05 UTC 2026
Cache sync 33 at Fri Mar 27 12:14:05 UTC 2026
Cache sync 34 at Fri Mar 27 12:14:05 UTC 2026
Cache sync 35 at Fri Mar 27 12:14:05 UTC 2026
Cache sync 36 at Fri Mar 27 12:14:06 UTC 2026
Cache sync 37 at Fri Mar 27 12:14:06 UTC 2026
Cache sync 38 at Fri Mar 27 12:14:06 UTC 2026
Cache sync 39 at Fri Mar 27 12:14:06 UTC 2026
Cache sync 40 at Fri Mar 27 12:14:06 UTC 2026
Cache sync 41 at Fri Mar 27 12:14:06 UTC 2026
Cache sync 42 at Fri Mar 27 12:14:06 UTC 2026
Cache sync 43 at Fri Mar 27 12:14:06 UTC 2026
Cache sync 44 at Fri Mar 27 12:14:06 UTC 2026
Cache sync 45 at Fri Mar 27 12:14:06 UTC 2026
Cache sync 46 at Fri Mar 27 12:14:06 UTC 2026
Cache sync 47 at Fri Mar 27 12:14:06 UTC 2026
Cache sync 48 at Fri Mar 27 12:14:06 UTC 2026
Cache sync 1 at Fri Mar 27 15:17:39 UTC 2026
Cache sync 2 at Fri Mar 27 15:17:39 UTC 2026
Cache sync 3 at Fri Mar 27 15:17:39 UTC 2026
Cache sync 4 at Fri Mar 27 15:17:39 UTC 2026
Cache sync 5 at Fri Mar 27 15:17:39 UTC 2026
Cache sync 6 at Fri Mar 27 15:17:39 UTC 2026
Cache sync 7 at Fri Mar 27 15:17:39 UTC 2026
Cache sync 8 at Fri Mar 27 15:17:39 UTC 2026
Cache sync 9 at Fri Mar 27 15:17:39 UTC 2026
Cache sync 10 at Fri Mar 27 15:17:39 UTC 2026
Cache sync 11 at Fri Mar 27 15:17:39 UTC 2026
Cache sync 12 at Fri Mar 27 15:17:39 UTC 2026
Cache sync 13 at Fri Mar 27 15:17:39 UTC 2026
Cache sync 14 at Fri Mar 27 15:17:39 UTC 2026
Cache sync 15 at Fri Mar 27 15:17:39 UTC 2026
Cache sync 16 at Fri Mar 27 15:17:39 UTC 2026
Cache sync 17 at Fri Mar 27 15:17:39 UTC 2026
Cache sync 18 at Fri Mar 27 15:17:39 UTC 2026
Cache sync 19 at Fri Mar 27 15:17:39 UTC 2026
Cache sync 20 at Fri Mar 27 15:17:39 UTC 2026
Cache sync 21 at Fri Mar 27 15:17:39 UTC 2026
Cache sync 22 at Fri Mar 27 15:17:39 UTC 2026
Cache sync 23 at Fri Mar 27 15:17:39 UTC 2026
Cache sync 24 at Fri Mar 27 15:17:39 UTC 2026
Cache sync 25 at Fri Mar 27 15:17:39 UTC 2026
Cache sync 26 at Fri Mar 27 15:17:39 UTC 2026
Cache sync 27 at Fri Mar 27 15:17:39 UTC 2026
Cache sync 28 at Fri Mar 27 15:17:39 UTC 2026
Cache sync 29 at Fri Mar 27 15:17:39 UTC 2026
Cache sync 30 at Fri Mar 27 15:17:39 UTC 2026
Cache sync 31 at Fri Mar 27 15:17:39 UTC 2026
Cache sync 32 at Fri Mar 27 15:17:39 UTC 2026
Cache sync 33 at Fri Mar 27 15:17:39 UTC 2026
Cache sync 34 at Fri Mar 27 15:17:40 UTC 2026
Cache sync 35 at Fri Mar 27 15:17:40 UTC 2026
Cache sync 36 at Fri Mar 27 15:17:40 UTC 2026
Cache sync 37 at Fri Mar 27 15:17:40 UTC 2026
Cache sync 38 at Fri Mar 27 15:17:40 UTC 2026
Cache sync 39 at Fri Mar 27 15:17:40 UTC 2026
Cache sync 40 at Fri Mar 27 15:17:40 UTC 2026
Cache sync 41 at Fri Mar 27 15:17:40 UTC 2026
Cache sync 42 at Fri Mar 27 15:17:40 UTC 2026
Cache sync 43 at Fri Mar 27 15:17:40 UTC 2026
Cache sync 44 at Fri Mar 27 15:17:40 UTC 2026
Cache sync 45 at Fri Mar 27 15:17:40 UTC 2026
Cache sync 46 at Fri Mar 27 15:17:40 UTC 2026
Cache sync 47 at Fri Mar 27 15:17:40 UTC 2026
Cache sync 48 at Fri Mar 27 15:17:40 UTC 2026
Cache sync 49 at Fri Mar 27 15:17:40 UTC 2026
Cache sync 50 at Fri Mar 27 15:17:40 UTC 2026
Cache sync 51 at Fri Mar 27 15:17:40 UTC 2026
Cache sync 52 at Fri Mar 27 15:17:40 UTC 2026
Cache sync 53 at Fri Mar 27 15:17:40 UTC 2026
Cache sync 54 at Fri Mar 27 15:17:40 UTC 2026
Cache sync 55 at Fri Mar 27 15:17:40 UTC 2026
Cache sync 56 at Fri Mar 27 15:17:40 UTC 2026
Cache sync 57 at Fri Mar 27 15:17:40 UTC 2026
Cache sync 58 at Fri Mar 27 15:17:40 UTC 2026
Cache sync 1 at Fri Mar 27 21:10:35 UTC 2026
Cache sync 2 at Fri Mar 27 21:10:35 UTC 2026
Cache sync 3 at Fri Mar 27 21:10:35 UTC 2026
Cache sync 4 at Fri Mar 27 21:10:35 UTC 2026
Cache sync 5 at Fri Mar 27 21:10:35 UTC 2026
Cache sync 6 at Fri Mar 27 21:10:35 UTC 2026
Cache sync 7 at Fri Mar 27 21:10:35 UTC 2026
Cache sync 8 at Fri Mar 27 21:10:35 UTC 2026
Cache sync 9 at Fri Mar 27 21:10:35 UTC 2026
Cache sync 10 at Fri Mar 27 21:10:35 UTC 2026
Cache sync 11 at Fri Mar 27 21:10:35 UTC 2026
Cache sync 12 at Fri Mar 27 21:10:35 UTC 2026
Cache sync 13 at Fri Mar 27 21:10:35 UTC 2026
Cache sync 14 at Fri Mar 27 21:10:35 UTC 2026
Cache sync 15 at Fri Mar 27 21:10:35 UTC 2026
Cache sync 16 at Fri Mar 27 21:10:35 UTC 2026
Cache sync 17 at Fri Mar 27 21:10:35 UTC 2026
Cache sync 18 at Fri Mar 27 21:10:35 UTC 2026
Cache sync 19 at Fri Mar 27 21:10:35 UTC 2026
Cache sync 20 at Fri Mar 27 21:10:35 UTC 2026
Cache sync 21 at Fri Mar 27 21:10:35 UTC 2026
Cache sync 22 at Fri Mar 27 21:10:35 UTC 2026
Cache sync 23 at Fri Mar 27 21:10:35 UTC 2026
Cache sync 24 at Fri Mar 27 21:10:35 UTC 2026
Cache sync 25 at Fri Mar 27 21:10:35 UTC 2026
Cache sync 26 at Fri Mar 27 21:10:35 UTC 2026
Cache sync 27 at Fri Mar 27 21:10:35 UTC 2026
Cache sync 28 at Fri Mar 27 21:10:35 UTC 2026
Cache sync 29 at Fri Mar 27 21:10:35 UTC 2026
Cache sync 30 at Fri Mar 27 21:10:35 UTC 2026
Cache sync 31 at Fri Mar 27 21:10:35 UTC 2026
Cache sync 32 at Fri Mar 27 21:10:35 UTC 2026
Cache sync 33 at Fri Mar 27 21:10:35 UTC 2026
Cache sync 34 at Fri Mar 27 21:10:35 UTC 2026
Cache sync 35 at Fri Mar 27 21:10:35 UTC 2026
Cache sync 36 at Fri Mar 27 21:10:35 UTC 2026
Cache sync 37 at Fri Mar 27 21:10:35 UTC 2026
Cache sync 38 at Fri Mar 27 21:10:35 UTC 2026
Cache sync 39 at Fri Mar 27 21:10:35 UTC 2026
Cache sync 40 at Fri Mar 27 21:10:35 UTC 2026
Cache sync 41 at Fri Mar 27 21:10:35 UTC 2026
Cache sync 1 at Sat Mar 28 03:48:27 UTC 2026
Cache sync 2 at Sat Mar 28 03:48:27 UTC 2026
Cache sync 3 at Sat Mar 28 03:48:27 UTC 2026
Cache sync 4 at Sat Mar 28 03:48:27 UTC 2026
Cache sync 5 at Sat Mar 28 03:48:27 UTC 2026
Cache sync 6 at Sat Mar 28 03:48:27 UTC 2026
Cache sync 7 at Sat Mar 28 03:48:27 UTC 2026
Cache sync 8 at Sat Mar 28 03:48:27 UTC 2026
Cache sync 9 at Sat Mar 28 03:48:27 UTC 2026
Cache sync 10 at Sat Mar 28 03:48:27 UTC 2026
Cache sync 11 at Sat Mar 28 03:48:28 UTC 2026
Cache sync 12 at Sat Mar 28 03:48:28 UTC 2026
Cache sync 13 at Sat Mar 28 03:48:28 UTC 2026
Cache sync 14 at Sat Mar 28 03:48:28 UTC 2026
Cache sync 15 at Sat Mar 28 03:48:28 UTC 2026
Cache sync 16 at Sat Mar 28 03:48:28 UTC 2026
Cache sync 17 at Sat Mar 28 03:48:28 UTC 2026
Cache sync 18 at Sat Mar 28 03:48:28 UTC 2026
Cache sync 19 at Sat Mar 28 03:48:28 UTC 2026
Cache sync 20 at Sat Mar 28 03:48:28 UTC 2026
Cache sync 21 at Sat Mar 28 03:48:28 UTC 2026
Cache sync 22 at Sat Mar 28 03:48:28 UTC 2026
Cache sync 23 at Sat Mar 28 03:48:28 UTC 2026
Cache sync 24 at Sat Mar 28 03:48:28 UTC 2026
Cache sync 25 at Sat Mar 28 03:48:28 UTC 2026
Cache sync 26 at Sat Mar 28 03:48:28 UTC 2026
Cache sync 27 at Sat Mar 28 03:48:28 UTC 2026
Cache sync 28 at Sat Mar 28 03:48:28 UTC 2026
Cache sync 29 at Sat Mar 28 03:48:28 UTC 2026
Cache sync 30 at Sat Mar 28 03:48:28 UTC 2026
Cache sync 31 at Sat Mar 28 03:48:28 UTC 2026
Cache sync 32 at Sat Mar 28 03:48:28 UTC 2026
Cache sync 33 at Sat Mar 28 03:48:28 UTC 2026
Cache sync 34 at Sat Mar 28 03:48:28 UTC 2026
Cache sync 35 at Sat Mar 28 03:48:28 UTC 2026
Cache sync 36 at Sat Mar 28 03:48:28 UTC 2026
Cache sync 1 at Sat Mar 28 09:11:55 UTC 2026
Cache sync 2 at Sat Mar 28 09:11:55 UTC 2026
Cache sync 3 at Sat Mar 28 09:11:55 UTC 2026
Cache sync 4 at Sat Mar 28 09:11:55 UTC 2026
Cache sync 5 at Sat Mar 28 09:11:55 UTC 2026
Cache sync 6 at Sat Mar 28 09:11:55 UTC 2026
Cache sync 7 at Sat Mar 28 09:11:55 UTC 2026
Cache sync 8 at Sat Mar 28 09:11:55 UTC 2026
Cache sync 9 at Sat Mar 28 09:11:55 UTC 2026
Cache sync 10 at Sat Mar 28 09:11:55 UTC 2026
Cache sync 11 at Sat Mar 28 09:11:55 UTC 2026
Cache sync 12 at Sat Mar 28 09:11:55 UTC 2026
Cache sync 13 at Sat Mar 28 09:11:55 UTC 2026
Cache sync 14 at Sat Mar 28 09:11:55 UTC 2026
Cache sync 15 at Sat Mar 28 09:11:55 UTC 2026
Cache sync 16 at Sat Mar 28 09:11:55 UTC 2026
Cache sync 17 at Sat Mar 28 09:11:55 UTC 2026
Cache sync 18 at Sat Mar 28 09:11:55 UTC 2026
Cache sync 19 at Sat Mar 28 09:11:55 UTC 2026
Cache sync 20 at Sat Mar 28 09:11:55 UTC 2026
Cache sync 21 at Sat Mar 28 09:11:55 UTC 2026
Cache sync 22 at Sat Mar 28 09:11:56 UTC 2026
Cache sync 23 at Sat Mar 28 09:11:56 UTC 2026
Cache sync 24 at Sat Mar 28 09:11:56 UTC 2026
Cache sync 25 at Sat Mar 28 09:11:56 UTC 2026
Cache sync 26 at Sat Mar 28 09:11:56 UTC 2026
Cache sync 27 at Sat Mar 28 09:11:56 UTC 2026
Cache sync 28 at Sat Mar 28 09:11:56 UTC 2026
Cache sync 29 at Sat Mar 28 09:11:56 UTC 2026
Cache sync 30 at Sat Mar 28 09:11:56 UTC 2026
Cache sync 31 at Sat Mar 28 09:11:56 UTC 2026
Cache sync 32 at Sat Mar 28 09:11:56 UTC 2026
Cache sync 33 at Sat Mar 28 09:11:56 UTC 2026
Cache sync 34 at Sat Mar 28 09:11:56 UTC 2026
Cache sync 35 at Sat Mar 28 09:11:56 UTC 2026
Cache sync 36 at Sat Mar 28 09:11:56 UTC 2026
Cache sync 37 at Sat Mar 28 09:11:56 UTC 2026
Cache sync 38 at Sat Mar 28 09:11:56 UTC 2026
Cache sync 39 at Sat Mar 28 09:11:56 UTC 2026
Cache sync 40 at Sat Mar 28 09:11:56 UTC 2026
Cache sync 41 at Sat Mar 28 09:11:56 UTC 2026
Cache sync 42 at Sat Mar 28 09:11:56 UTC 2026
Cache sync 43 at Sat Mar 28 09:11:56 UTC 2026
Cache sync 44 at Sat Mar 28 09:11:56 UTC 2026
Cache sync 45 at Sat Mar 28 09:11:56 UTC 2026
Cache sync 46 at Sat Mar 28 09:11:56 UTC 2026
Cache sync 47 at Sat Mar 28 09:11:56 UTC 2026
Cache sync 48 at Sat Mar 28 09:11:56 UTC 2026
Cache sync 49 at Sat Mar 28 09:11:56 UTC 2026
Cache sync 50 at Sat Mar 28 09:11:56 UTC 2026
Cache sync 51 at Sat Mar 28 09:11:56 UTC 2026
Cache sync 52 at Sat Mar 28 09:11:56 UTC 2026
Cache sync 53 at Sat Mar 28 09:11:56 UTC 2026
Cache sync 54 at Sat Mar 28 09:11:56 UTC 2026
Cache sync 55 at Sat Mar 28 09:11:56 UTC 2026
Cache sync 56 at Sat Mar 28 09:11:56 UTC 2026
Cache sync 57 at Sat Mar 28 09:11:56 UTC 2026
Cache sync 58 at Sat Mar 28 09:11:56 UTC 2026
Cache sync 59 at Sat Mar 28 09:11:56 UTC 2026
Cache sync 60 at Sat Mar 28 09:11:56 UTC 2026
Cache sync 61 at Sat Mar 28 09:11:56 UTC 2026
Cache sync 62 at Sat Mar 28 09:11:56 UTC 2026
Cache sync 63 at Sat Mar 28 09:11:56 UTC 2026
Cache sync 64 at Sat Mar 28 09:11:56 UTC 2026
Cache sync 65 at Sat Mar 28 09:11:56 UTC 2026
Cache sync 66 at Sat Mar 28 09:11:56 UTC 2026
Cache sync 67 at Sat Mar 28 09:11:56 UTC 2026
Cache sync 68 at Sat Mar 28 09:11:56 UTC 2026
Cache sync 69 at Sat Mar 28 09:11:56 UTC 2026
Cache sync 70 at Sat Mar 28 09:11:56 UTC 2026
Cache sync 71 at Sat Mar 28 09:11:56 UTC 2026
Cache sync 72 at Sat Mar 28 09:11:56 UTC 2026
Cache sync 73 at Sat Mar 28 09:11:56 UTC 2026
Cache sync 1 at Sat Mar 28 12:08:51 UTC 2026
Cache sync 2 at Sat Mar 28 12:08:51 UTC 2026
Cache sync 3 at Sat Mar 28 12:08:51 UTC 2026
Cache sync 4 at Sat Mar 28 12:08:51 UTC 2026
Cache sync 5 at Sat Mar 28 12:08:51 UTC 2026
Cache sync 6 at Sat Mar 28 12:08:51 UTC 2026
Cache sync 7 at Sat Mar 28 12:08:51 UTC 2026
Cache sync 8 at Sat Mar 28 12:08:51 UTC 2026
Cache sync 9 at Sat Mar 28 12:08:51 UTC 2026
Cache sync 10 at Sat Mar 28 12:08:51 UTC 2026
Cache sync 11 at Sat Mar 28 12:08:51 UTC 2026
Cache sync 12 at Sat Mar 28 12:08:51 UTC 2026
Cache sync 13 at Sat Mar 28 12:08:51 UTC 2026
Cache sync 14 at Sat Mar 28 12:08:51 UTC 2026
Cache sync 15 at Sat Mar 28 12:08:51 UTC 2026
Cache sync 16 at Sat Mar 28 12:08:51 UTC 2026
Cache sync 17 at Sat Mar 28 12:08:51 UTC 2026
Cache sync 18 at Sat Mar 28 12:08:51 UTC 2026
Cache sync 19 at Sat Mar 28 12:08:51 UTC 2026
Cache sync 1 at Sat Mar 28 15:08:12 UTC 2026
Cache sync 2 at Sat Mar 28 15:08:12 UTC 2026
Cache sync 3 at Sat Mar 28 15:08:12 UTC 2026
Cache sync 4 at Sat Mar 28 15:08:12 UTC 2026
Cache sync 5 at Sat Mar 28 15:08:12 UTC 2026
Cache sync 6 at Sat Mar 28 15:08:12 UTC 2026
Cache sync 7 at Sat Mar 28 15:08:12 UTC 2026
Cache sync 8 at Sat Mar 28 15:08:12 UTC 2026
Cache sync 9 at Sat Mar 28 15:08:12 UTC 2026
Cache sync 10 at Sat Mar 28 15:08:12 UTC 2026
Cache sync 11 at Sat Mar 28 15:08:12 UTC 2026
Cache sync 12 at Sat Mar 28 15:08:12 UTC 2026
Cache sync 13 at Sat Mar 28 15:08:12 UTC 2026
Cache sync 14 at Sat Mar 28 15:08:12 UTC 2026
Cache sync 15 at Sat Mar 28 15:08:12 UTC 2026
Cache sync 16 at Sat Mar 28 15:08:12 UTC 2026
Cache sync 17 at Sat Mar 28 15:08:12 UTC 2026
Cache sync 18 at Sat Mar 28 15:08:12 UTC 2026
Cache sync 19 at Sat Mar 28 15:08:12 UTC 2026
Cache sync 20 at Sat Mar 28 15:08:12 UTC 2026
Cache sync 21 at Sat Mar 28 15:08:12 UTC 2026
Cache sync 22 at Sat Mar 28 15:08:12 UTC 2026
Cache sync 23 at Sat Mar 28 15:08:12 UTC 2026
Cache sync 24 at Sat Mar 28 15:08:12 UTC 2026
Cache sync 25 at Sat Mar 28 15:08:12 UTC 2026
Cache sync 26 at Sat Mar 28 15:08:12 UTC 2026
Cache sync 27 at Sat Mar 28 15:08:12 UTC 2026
Cache sync 28 at Sat Mar 28 15:08:12 UTC 2026
Cache sync 29 at Sat Mar 28 15:08:12 UTC 2026
Cache sync 30 at Sat Mar 28 15:08:12 UTC 2026
Cache sync 31 at Sat Mar 28 15:08:12 UTC 2026
Cache sync 1 at Sat Mar 28 18:07:44 UTC 2026
Cache sync 2 at Sat Mar 28 18:07:44 UTC 2026
Cache sync 3 at Sat Mar 28 18:07:44 UTC 2026
Cache sync 4 at Sat Mar 28 18:07:44 UTC 2026
Cache sync 5 at Sat Mar 28 18:07:44 UTC 2026
Cache sync 6 at Sat Mar 28 18:07:44 UTC 2026
Cache sync 7 at Sat Mar 28 18:07:44 UTC 2026
Cache sync 8 at Sat Mar 28 18:07:44 UTC 2026
Cache sync 9 at Sat Mar 28 18:07:44 UTC 2026
Cache sync 10 at Sat Mar 28 18:07:44 UTC 2026
Cache sync 11 at Sat Mar 28 18:07:44 UTC 2026
Cache sync 12 at Sat Mar 28 18:07:44 UTC 2026
Cache sync 13 at Sat Mar 28 18:07:44 UTC 2026
Cache sync 14 at Sat Mar 28 18:07:44 UTC 2026
Cache sync 15 at Sat Mar 28 18:07:44 UTC 2026
Cache sync 16 at Sat Mar 28 18:07:44 UTC 2026
Cache sync 17 at Sat Mar 28 18:07:44 UTC 2026
Cache sync 18 at Sat Mar 28 18:07:44 UTC 2026
Cache sync 19 at Sat Mar 28 18:07:44 UTC 2026
Cache sync 20 at Sat Mar 28 18:07:44 UTC 2026
Cache sync 21 at Sat Mar 28 18:07:44 UTC 2026
Cache sync 22 at Sat Mar 28 18:07:44 UTC 2026
Cache sync 23 at Sat Mar 28 18:07:44 UTC 2026
Cache sync 24 at Sat Mar 28 18:07:44 UTC 2026
Cache sync 25 at Sat Mar 28 18:07:44 UTC 2026
Cache sync 26 at Sat Mar 28 18:07:44 UTC 2026
Cache sync 27 at Sat Mar 28 18:07:44 UTC 2026
Cache sync 28 at Sat Mar 28 18:07:44 UTC 2026
Cache sync 29 at Sat Mar 28 18:07:44 UTC 2026
Cache sync 30 at Sat Mar 28 18:07:44 UTC 2026
Cache sync 31 at Sat Mar 28 18:07:44 UTC 2026
Cache sync 32 at Sat Mar 28 18:07:44 UTC 2026
Cache sync 33 at Sat Mar 28 18:07:44 UTC 2026
Cache sync 34 at Sat Mar 28 18:07:44 UTC 2026
Cache sync 35 at Sat Mar 28 18:07:44 UTC 2026
Cache sync 36 at Sat Mar 28 18:07:44 UTC 2026
Cache sync 37 at Sat Mar 28 18:07:44 UTC 2026
Cache sync 38 at Sat Mar 28 18:07:44 UTC 2026
Cache sync 39 at Sat Mar 28 18:07:44 UTC 2026
Cache sync 40 at Sat Mar 28 18:07:44 UTC 2026
Cache sync 41 at Sat Mar 28 18:07:44 UTC 2026
Cache sync 42 at Sat Mar 28 18:07:44 UTC 2026
Cache sync 1 at Sat Mar 28 21:07:26 UTC 2026
Cache sync 2 at Sat Mar 28 21:07:26 UTC 2026
Cache sync 3 at Sat Mar 28 21:07:26 UTC 2026
Cache sync 4 at Sat Mar 28 21:07:26 UTC 2026
Cache sync 5 at Sat Mar 28 21:07:26 UTC 2026
Cache sync 6 at Sat Mar 28 21:07:26 UTC 2026
Cache sync 7 at Sat Mar 28 21:07:26 UTC 2026
Cache sync 8 at Sat Mar 28 21:07:26 UTC 2026
Cache sync 9 at Sat Mar 28 21:07:26 UTC 2026
Cache sync 10 at Sat Mar 28 21:07:26 UTC 2026
Cache sync 11 at Sat Mar 28 21:07:26 UTC 2026
Cache sync 12 at Sat Mar 28 21:07:26 UTC 2026
Cache sync 13 at Sat Mar 28 21:07:26 UTC 2026
Cache sync 14 at Sat Mar 28 21:07:26 UTC 2026
Cache sync 15 at Sat Mar 28 21:07:26 UTC 2026
Cache sync 16 at Sat Mar 28 21:07:26 UTC 2026
Cache sync 17 at Sat Mar 28 21:07:26 UTC 2026
Cache sync 18 at Sat Mar 28 21:07:26 UTC 2026
Cache sync 19 at Sat Mar 28 21:07:26 UTC 2026
Cache sync 20 at Sat Mar 28 21:07:26 UTC 2026
Cache sync 21 at Sat Mar 28 21:07:26 UTC 2026
Cache sync 22 at Sat Mar 28 21:07:26 UTC 2026
Cache sync 23 at Sat Mar 28 21:07:26 UTC 2026
Cache sync 24 at Sat Mar 28 21:07:26 UTC 2026
Cache sync 25 at Sat Mar 28 21:07:26 UTC 2026
Cache sync 26 at Sat Mar 28 21:07:26 UTC 2026
Cache sync 27 at Sat Mar 28 21:07:26 UTC 2026
Cache sync 28 at Sat Mar 28 21:07:26 UTC 2026
Cache sync 29 at Sat Mar 28 21:07:26 UTC 2026
Cache sync 30 at Sat Mar 28 21:07:26 UTC 2026
Cache sync 31 at Sat Mar 28 21:07:26 UTC 2026
Cache sync 32 at Sat Mar 28 21:07:26 UTC 2026
Cache sync 33 at Sat Mar 28 21:07:26 UTC 2026
Cache sync 34 at Sat Mar 28 21:07:26 UTC 2026
Cache sync 35 at Sat Mar 28 21:07:26 UTC 2026
Cache sync 36 at Sat Mar 28 21:07:26 UTC 2026
Cache sync 37 at Sat Mar 28 21:07:26 UTC 2026
Cache sync 38 at Sat Mar 28 21:07:26 UTC 2026
Cache sync 39 at Sat Mar 28 21:07:26 UTC 2026
Cache sync 40 at Sat Mar 28 21:07:26 UTC 2026
Cache sync 41 at Sat Mar 28 21:07:26 UTC 2026
Cache sync 42 at Sat Mar 28 21:07:26 UTC 2026
Cache sync 43 at Sat Mar 28 21:07:26 UTC 2026
Cache sync 1 at Sun Mar 29 00:21:33 UTC 2026
Cache sync 2 at Sun Mar 29 00:21:33 UTC 2026
Cache sync 3 at Sun Mar 29 00:21:34 UTC 2026
Cache sync 4 at Sun Mar 29 00:21:34 UTC 2026
Cache sync 5 at Sun Mar 29 00:21:34 UTC 2026
Cache sync 6 at Sun Mar 29 00:21:34 UTC 2026
Cache sync 7 at Sun Mar 29 00:21:34 UTC 2026
Cache sync 8 at Sun Mar 29 00:21:34 UTC 2026
Cache sync 9 at Sun Mar 29 00:21:34 UTC 2026
Cache sync 10 at Sun Mar 29 00:21:34 UTC 2026
Cache sync 11 at Sun Mar 29 00:21:34 UTC 2026
Cache sync 12 at Sun Mar 29 00:21:34 UTC 2026
Cache sync 13 at Sun Mar 29 00:21:34 UTC 2026
Cache sync 14 at Sun Mar 29 00:21:34 UTC 2026
Cache sync 15 at Sun Mar 29 00:21:34 UTC 2026
Cache sync 16 at Sun Mar 29 00:21:34 UTC 2026
Cache sync 17 at Sun Mar 29 00:21:34 UTC 2026
Cache sync 18 at Sun Mar 29 00:21:34 UTC 2026
Cache sync 19 at Sun Mar 29 00:21:34 UTC 2026
Cache sync 20 at Sun Mar 29 00:21:34 UTC 2026
Cache sync 21 at Sun Mar 29 00:21:34 UTC 2026
Cache sync 22 at Sun Mar 29 00:21:34 UTC 2026
Cache sync 23 at Sun Mar 29 00:21:34 UTC 2026
Cache sync 24 at Sun Mar 29 00:21:34 UTC 2026
Cache sync 25 at Sun Mar 29 00:21:34 UTC 2026
Cache sync 26 at Sun Mar 29 00:21:34 UTC 2026
Cache sync 27 at Sun Mar 29 00:21:34 UTC 2026
Cache sync 28 at Sun Mar 29 00:21:34 UTC 2026
Cache sync 29 at Sun Mar 29 00:21:34 UTC 2026
Cache sync 30 at Sun Mar 29 00:21:34 UTC 2026
Cache sync 31 at Sun Mar 29 00:21:34 UTC 2026
Cache sync 32 at Sun Mar 29 00:21:34 UTC 2026
Cache sync 33 at Sun Mar 29 00:21:34 UTC 2026
Cache sync 34 at Sun Mar 29 00:21:34 UTC 2026
Cache sync 35 at Sun Mar 29 00:21:34 UTC 2026
Cache sync 36 at Sun Mar 29 00:21:34 UTC 2026
Cache sync 37 at Sun Mar 29 00:21:34 UTC 2026
Cache sync 38 at Sun Mar 29 00:21:34 UTC 2026
Cache sync 39 at Sun Mar 29 00:21:34 UTC 2026
Cache sync 40 at Sun Mar 29 00:21:34 UTC 2026
Cache sync 41 at Sun Mar 29 00:21:34 UTC 2026
Cache sync 1 at Sun Mar 29 03:59:41 UTC 2026
Cache sync 2 at Sun Mar 29 03:59:41 UTC 2026
Cache sync 3 at Sun Mar 29 03:59:41 UTC 2026
Cache sync 4 at Sun Mar 29 03:59:41 UTC 2026
Cache sync 5 at Sun Mar 29 03:59:41 UTC 2026
Cache sync 6 at Sun Mar 29 03:59:41 UTC 2026
Cache sync 7 at Sun Mar 29 03:59:41 UTC 2026
Cache sync 8 at Sun Mar 29 03:59:41 UTC 2026
Cache sync 9 at Sun Mar 29 03:59:41 UTC 2026
Cache sync 10 at Sun Mar 29 03:59:41 UTC 2026
Cache sync 11 at Sun Mar 29 03:59:41 UTC 2026
Cache sync 12 at Sun Mar 29 03:59:41 UTC 2026
Cache sync 13 at Sun Mar 29 03:59:41 UTC 2026
Cache sync 14 at Sun Mar 29 03:59:41 UTC 2026
Cache sync 15 at Sun Mar 29 03:59:41 UTC 2026
Cache sync 16 at Sun Mar 29 03:59:41 UTC 2026
Cache sync 17 at Sun Mar 29 03:59:41 UTC 2026
Cache sync 18 at Sun Mar 29 03:59:41 UTC 2026
Cache sync 19 at Sun Mar 29 03:59:41 UTC 2026
Cache sync 20 at Sun Mar 29 03:59:41 UTC 2026
Cache sync 21 at Sun Mar 29 03:59:41 UTC 2026
Cache sync 22 at Sun Mar 29 03:59:41 UTC 2026
Cache sync 23 at Sun Mar 29 03:59:41 UTC 2026
Cache sync 24 at Sun Mar 29 03:59:41 UTC 2026
Cache sync 25 at Sun Mar 29 03:59:41 UTC 2026
Cache sync 26 at Sun Mar 29 03:59:41 UTC 2026
Cache sync 27 at Sun Mar 29 03:59:41 UTC 2026
Cache sync 28 at Sun Mar 29 03:59:41 UTC 2026
Cache sync 29 at Sun Mar 29 03:59:41 UTC 2026
Cache sync 30 at Sun Mar 29 03:59:41 UTC 2026
Cache sync 31 at Sun Mar 29 03:59:41 UTC 2026
Cache sync 32 at Sun Mar 29 03:59:41 UTC 2026
Cache sync 33 at Sun Mar 29 03:59:41 UTC 2026
Cache sync 34 at Sun Mar 29 03:59:41 UTC 2026
Cache sync 35 at Sun Mar 29 03:59:41 UTC 2026
Cache sync 36 at Sun Mar 29 03:59:41 UTC 2026
Cache sync 37 at Sun Mar 29 03:59:41 UTC 2026
Cache sync 38 at Sun Mar 29 03:59:41 UTC 2026
Cache sync 39 at Sun Mar 29 03:59:41 UTC 2026
Cache sync 40 at Sun Mar 29 03:59:41 UTC 2026
Cache sync 41 at Sun Mar 29 03:59:41 UTC 2026
Cache sync 42 at Sun Mar 29 03:59:41 UTC 2026
Cache sync 43 at Sun Mar 29 03:59:41 UTC 2026
Cache sync 44 at Sun Mar 29 03:59:41 UTC 2026
Cache sync 45 at Sun Mar 29 03:59:41 UTC 2026
Cache sync 46 at Sun Mar 29 03:59:41 UTC 2026
Cache sync 47 at Sun Mar 29 03:59:41 UTC 2026
Cache sync 48 at Sun Mar 29 03:59:41 UTC 2026
Cache sync 49 at Sun Mar 29 03:59:41 UTC 2026
Cache sync 50 at Sun Mar 29 03:59:41 UTC 2026
Cache sync 51 at Sun Mar 29 03:59:41 UTC 2026
Cache sync 52 at Sun Mar 29 03:59:41 UTC 2026
Cache sync 53 at Sun Mar 29 03:59:41 UTC 2026
Cache sync 54 at Sun Mar 29 03:59:41 UTC 2026
Cache sync 55 at Sun Mar 29 03:59:41 UTC 2026
Cache sync 56 at Sun Mar 29 03:59:41 UTC 2026
Cache sync 57 at Sun Mar 29 03:59:41 UTC 2026
Cache sync 58 at Sun Mar 29 03:59:42 UTC 2026
Cache sync 59 at Sun Mar 29 03:59:42 UTC 2026
Cache sync 60 at Sun Mar 29 03:59:42 UTC 2026
Cache sync 61 at Sun Mar 29 03:59:42 UTC 2026
Cache sync 62 at Sun Mar 29 03:59:42 UTC 2026
Cache sync 63 at Sun Mar 29 03:59:42 UTC 2026
Cache sync 64 at Sun Mar 29 03:59:42 UTC 2026
Cache sync 65 at Sun Mar 29 03:59:42 UTC 2026
Cache sync 66 at Sun Mar 29 03:59:42 UTC 2026
Cache sync 67 at Sun Mar 29 03:59:42 UTC 2026
Cache sync 68 at Sun Mar 29 03:59:42 UTC 2026
Cache sync 69 at Sun Mar 29 03:59:42 UTC 2026
Cache sync 70 at Sun Mar 29 03:59:42 UTC 2026
Cache sync 71 at Sun Mar 29 03:59:42 UTC 2026
Cache sync 72 at Sun Mar 29 03:59:42 UTC 2026
Cache sync 73 at Sun Mar 29 03:59:42 UTC 2026
Cache sync 74 at Sun Mar 29 03:59:42 UTC 2026
Cache sync 75 at Sun Mar 29 03:59:42 UTC 2026
Cache sync 76 at Sun Mar 29 03:59:42 UTC 2026
Cache sync 77 at Sun Mar 29 03:59:42 UTC 2026
Cache sync 78 at Sun Mar 29 03:59:42 UTC 2026
Cache sync 79 at Sun Mar 29 03:59:42 UTC 2026
Cache sync 80 at Sun Mar 29 03:59:42 UTC 2026
Cache sync 81 at Sun Mar 29 03:59:42 UTC 2026
Cache sync 1 at Sun Mar 29 06:24:10 UTC 2026
Cache sync 2 at Sun Mar 29 06:24:10 UTC 2026
Cache sync 3 at Sun Mar 29 06:24:10 UTC 2026
Cache sync 4 at Sun Mar 29 06:24:10 UTC 2026
Cache sync 5 at Sun Mar 29 06:24:10 UTC 2026
Cache sync 6 at Sun Mar 29 06:24:10 UTC 2026
Cache sync 7 at Sun Mar 29 06:24:10 UTC 2026
Cache sync 8 at Sun Mar 29 06:24:10 UTC 2026
Cache sync 9 at Sun Mar 29 06:24:10 UTC 2026
Cache sync 10 at Sun Mar 29 06:24:10 UTC 2026
Cache sync 11 at Sun Mar 29 06:24:10 UTC 2026
Cache sync 12 at Sun Mar 29 06:24:10 UTC 2026
Cache sync 13 at Sun Mar 29 06:24:10 UTC 2026
Cache sync 14 at Sun Mar 29 06:24:10 UTC 2026
Cache sync 15 at Sun Mar 29 06:24:10 UTC 2026
Cache sync 16 at Sun Mar 29 06:24:10 UTC 2026
Cache sync 17 at Sun Mar 29 06:24:10 UTC 2026
Cache sync 18 at Sun Mar 29 06:24:10 UTC 2026
Cache sync 19 at Sun Mar 29 06:24:10 UTC 2026
Cache sync 20 at Sun Mar 29 06:24:10 UTC 2026
Cache sync 21 at Sun Mar 29 06:24:10 UTC 2026
Cache sync 22 at Sun Mar 29 06:24:10 UTC 2026
Cache sync 23 at Sun Mar 29 06:24:10 UTC 2026
Cache sync 24 at Sun Mar 29 06:24:10 UTC 2026
Cache sync 25 at Sun Mar 29 06:24:10 UTC 2026
Cache sync 26 at Sun Mar 29 06:24:10 UTC 2026
Cache sync 27 at Sun Mar 29 06:24:10 UTC 2026
Cache sync 28 at Sun Mar 29 06:24:10 UTC 2026
Cache sync 29 at Sun Mar 29 06:24:10 UTC 2026
Cache sync 30 at Sun Mar 29 06:24:10 UTC 2026
Cache sync 31 at Sun Mar 29 06:24:10 UTC 2026
Cache sync 32 at Sun Mar 29 06:24:10 UTC 2026
Cache sync 33 at Sun Mar 29 06:24:10 UTC 2026
Cache sync 34 at Sun Mar 29 06:24:10 UTC 2026
Cache sync 35 at Sun Mar 29 06:24:10 UTC 2026
Cache sync 36 at Sun Mar 29 06:24:10 UTC 2026
Cache sync 37 at Sun Mar 29 06:24:10 UTC 2026
Cache sync 38 at Sun Mar 29 06:24:10 UTC 2026
Cache sync 39 at Sun Mar 29 06:24:10 UTC 2026
Cache sync 40 at Sun Mar 29 06:24:10 UTC 2026
Cache sync 41 at Sun Mar 29 06:24:10 UTC 2026
Cache sync 42 at Sun Mar 29 06:24:10 UTC 2026
Cache sync 43 at Sun Mar 29 06:24:10 UTC 2026
Cache sync 44 at Sun Mar 29 06:24:10 UTC 2026
Cache sync 45 at Sun Mar 29 06:24:10 UTC 2026
Cache sync 46 at Sun Mar 29 06:24:10 UTC 2026
Cache sync 47 at Sun Mar 29 06:24:10 UTC 2026
Cache sync 48 at Sun Mar 29 06:24:10 UTC 2026
Cache sync 49 at Sun Mar 29 06:24:10 UTC 2026
Cache sync 50 at Sun Mar 29 06:24:10 UTC 2026
Cache sync 51 at Sun Mar 29 06:24:10 UTC 2026
Cache sync 52 at Sun Mar 29 06:24:10 UTC 2026
Cache sync 53 at Sun Mar 29 06:24:10 UTC 2026
Cache sync 54 at Sun Mar 29 06:24:10 UTC 2026
Cache sync 55 at Sun Mar 29 06:24:10 UTC 2026
Cache sync 56 at Sun Mar 29 06:24:10 UTC 2026
Cache sync 57 at Sun Mar 29 06:24:10 UTC 2026
Cache sync 58 at Sun Mar 29 06:24:10 UTC 2026
Cache sync 59 at Sun Mar 29 06:24:10 UTC 2026
Cache sync 60 at Sun Mar 29 06:24:10 UTC 2026
Cache sync 61 at Sun Mar 29 06:24:10 UTC 2026
Cache sync 62 at Sun Mar 29 06:24:10 UTC 2026
Cache sync 63 at Sun Mar 29 06:24:10 UTC 2026
Cache sync 64 at Sun Mar 29 06:24:10 UTC 2026
Cache sync 65 at Sun Mar 29 06:24:10 UTC 2026
Cache sync 66 at Sun Mar 29 06:24:11 UTC 2026
Cache sync 67 at Sun Mar 29 06:24:11 UTC 2026
Cache sync 68 at Sun Mar 29 06:24:11 UTC 2026
Cache sync 69 at Sun Mar 29 06:24:11 UTC 2026
Cache sync 70 at Sun Mar 29 06:24:11 UTC 2026
Cache sync 71 at Sun Mar 29 06:24:11 UTC 2026
Cache sync 72 at Sun Mar 29 06:24:11 UTC 2026
Cache sync 73 at Sun Mar 29 06:24:11 UTC 2026
Cache sync 74 at Sun Mar 29 06:24:11 UTC 2026
Cache sync 75 at Sun Mar 29 06:24:11 UTC 2026
Cache sync 76 at Sun Mar 29 06:24:11 UTC 2026
Cache sync 77 at Sun Mar 29 06:24:11 UTC 2026
Cache sync 78 at Sun Mar 29 06:24:11 UTC 2026
Cache sync 79 at Sun Mar 29 06:24:11 UTC 2026
Cache sync 80 at Sun Mar 29 06:24:11 UTC 2026
Cache sync 81 at Sun Mar 29 06:24:11 UTC 2026
Cache sync 82 at Sun Mar 29 06:24:11 UTC 2026
Cache sync 1 at Sun Mar 29 09:12:17 UTC 2026
Cache sync 2 at Sun Mar 29 09:12:17 UTC 2026
Cache sync 3 at Sun Mar 29 09:12:17 UTC 2026
Cache sync 4 at Sun Mar 29 09:12:17 UTC 2026
Cache sync 5 at Sun Mar 29 09:12:17 UTC 2026
Cache sync 6 at Sun Mar 29 09:12:17 UTC 2026
Cache sync 7 at Sun Mar 29 09:12:17 UTC 2026
Cache sync 8 at Sun Mar 29 09:12:17 UTC 2026
Cache sync 9 at Sun Mar 29 09:12:17 UTC 2026
Cache sync 10 at Sun Mar 29 09:12:17 UTC 2026
Cache sync 11 at Sun Mar 29 09:12:17 UTC 2026
Cache sync 12 at Sun Mar 29 09:12:17 UTC 2026
Cache sync 13 at Sun Mar 29 09:12:17 UTC 2026
Cache sync 14 at Sun Mar 29 09:12:17 UTC 2026
Cache sync 15 at Sun Mar 29 09:12:17 UTC 2026
Cache sync 16 at Sun Mar 29 09:12:17 UTC 2026
Cache sync 17 at Sun Mar 29 09:12:17 UTC 2026
Cache sync 18 at Sun Mar 29 09:12:17 UTC 2026
Cache sync 19 at Sun Mar 29 09:12:17 UTC 2026
Cache sync 20 at Sun Mar 29 09:12:17 UTC 2026
Cache sync 21 at Sun Mar 29 09:12:17 UTC 2026
Cache sync 22 at Sun Mar 29 09:12:17 UTC 2026
Cache sync 23 at Sun Mar 29 09:12:17 UTC 2026
Cache sync 24 at Sun Mar 29 09:12:17 UTC 2026
Cache sync 25 at Sun Mar 29 09:12:17 UTC 2026
Cache sync 26 at Sun Mar 29 09:12:17 UTC 2026
Cache sync 27 at Sun Mar 29 09:12:17 UTC 2026
Cache sync 28 at Sun Mar 29 09:12:17 UTC 2026
Cache sync 1 at Sun Mar 29 12:09:04 UTC 2026
Cache sync 2 at Sun Mar 29 12:09:04 UTC 2026
Cache sync 3 at Sun Mar 29 12:09:04 UTC 2026
Cache sync 4 at Sun Mar 29 12:09:04 UTC 2026
Cache sync 5 at Sun Mar 29 12:09:04 UTC 2026
Cache sync 6 at Sun Mar 29 12:09:04 UTC 2026
Cache sync 7 at Sun Mar 29 12:09:04 UTC 2026
Cache sync 8 at Sun Mar 29 12:09:04 UTC 2026
Cache sync 9 at Sun Mar 29 12:09:04 UTC 2026
Cache sync 10 at Sun Mar 29 12:09:04 UTC 2026
Cache sync 11 at Sun Mar 29 12:09:04 UTC 2026
Cache sync 12 at Sun Mar 29 12:09:04 UTC 2026
Cache sync 13 at Sun Mar 29 12:09:04 UTC 2026
Cache sync 14 at Sun Mar 29 12:09:04 UTC 2026
Cache sync 15 at Sun Mar 29 12:09:04 UTC 2026
Cache sync 16 at Sun Mar 29 12:09:04 UTC 2026
Cache sync 17 at Sun Mar 29 12:09:04 UTC 2026
Cache sync 18 at Sun Mar 29 12:09:04 UTC 2026
Cache sync 19 at Sun Mar 29 12:09:04 UTC 2026
Cache sync 20 at Sun Mar 29 12:09:04 UTC 2026
Cache sync 21 at Sun Mar 29 12:09:04 UTC 2026
Cache sync 22 at Sun Mar 29 12:09:04 UTC 2026
Cache sync 23 at Sun Mar 29 12:09:04 UTC 2026
Cache sync 24 at Sun Mar 29 12:09:04 UTC 2026
Cache sync 25 at Sun Mar 29 12:09:04 UTC 2026
Cache sync 26 at Sun Mar 29 12:09:04 UTC 2026
Cache sync 27 at Sun Mar 29 12:09:04 UTC 2026
Cache sync 28 at Sun Mar 29 12:09:04 UTC 2026
Cache sync 29 at Sun Mar 29 12:09:04 UTC 2026
Cache sync 30 at Sun Mar 29 12:09:04 UTC 2026
Cache sync 31 at Sun Mar 29 12:09:04 UTC 2026
Cache sync 32 at Sun Mar 29 12:09:04 UTC 2026
Cache sync 33 at Sun Mar 29 12:09:04 UTC 2026
Cache sync 34 at Sun Mar 29 12:09:04 UTC 2026
Cache sync 35 at Sun Mar 29 12:09:04 UTC 2026
Cache sync 36 at Sun Mar 29 12:09:04 UTC 2026
Cache sync 37 at Sun Mar 29 12:09:04 UTC 2026
Cache sync 38 at Sun Mar 29 12:09:04 UTC 2026
Cache sync 39 at Sun Mar 29 12:09:04 UTC 2026
Cache sync 40 at Sun Mar 29 12:09:04 UTC 2026
Cache sync 41 at Sun Mar 29 12:09:04 UTC 2026
Cache sync 42 at Sun Mar 29 12:09:04 UTC 2026
Cache sync 43 at Sun Mar 29 12:09:04 UTC 2026
Cache sync 44 at Sun Mar 29 12:09:04 UTC 2026
Cache sync 45 at Sun Mar 29 12:09:04 UTC 2026
Cache sync 46 at Sun Mar 29 12:09:04 UTC 2026
Cache sync 47 at Sun Mar 29 12:09:04 UTC 2026
Cache sync 48 at Sun Mar 29 12:09:04 UTC 2026
Cache sync 49 at Sun Mar 29 12:09:04 UTC 2026
Cache sync 50 at Sun Mar 29 12:09:05 UTC 2026
Cache sync 51 at Sun Mar 29 12:09:05 UTC 2026
Cache sync 52 at Sun Mar 29 12:09:05 UTC 2026
Cache sync 53 at Sun Mar 29 12:09:05 UTC 2026
Cache sync 54 at Sun Mar 29 12:09:05 UTC 2026
Cache sync 1 at Sun Mar 29 15:08:23 UTC 2026
Cache sync 2 at Sun Mar 29 15:08:23 UTC 2026
Cache sync 3 at Sun Mar 29 15:08:23 UTC 2026
Cache sync 4 at Sun Mar 29 15:08:23 UTC 2026
Cache sync 5 at Sun Mar 29 15:08:24 UTC 2026
Cache sync 6 at Sun Mar 29 15:08:24 UTC 2026
Cache sync 7 at Sun Mar 29 15:08:24 UTC 2026
Cache sync 8 at Sun Mar 29 15:08:24 UTC 2026
Cache sync 9 at Sun Mar 29 15:08:24 UTC 2026
Cache sync 10 at Sun Mar 29 15:08:24 UTC 2026
Cache sync 11 at Sun Mar 29 15:08:24 UTC 2026
Cache sync 12 at Sun Mar 29 15:08:24 UTC 2026
Cache sync 13 at Sun Mar 29 15:08:24 UTC 2026
Cache sync 14 at Sun Mar 29 15:08:24 UTC 2026
Cache sync 15 at Sun Mar 29 15:08:24 UTC 2026
Cache sync 16 at Sun Mar 29 15:08:24 UTC 2026
Cache sync 17 at Sun Mar 29 15:08:24 UTC 2026
Cache sync 18 at Sun Mar 29 15:08:24 UTC 2026
Cache sync 19 at Sun Mar 29 15:08:24 UTC 2026
Cache sync 20 at Sun Mar 29 15:08:24 UTC 2026
Cache sync 21 at Sun Mar 29 15:08:24 UTC 2026
Cache sync 22 at Sun Mar 29 15:08:24 UTC 2026
Cache sync 23 at Sun Mar 29 15:08:24 UTC 2026
Cache sync 24 at Sun Mar 29 15:08:24 UTC 2026
Cache sync 25 at Sun Mar 29 15:08:24 UTC 2026
Cache sync 26 at Sun Mar 29 15:08:24 UTC 2026
Cache sync 27 at Sun Mar 29 15:08:24 UTC 2026
Cache sync 28 at Sun Mar 29 15:08:24 UTC 2026
Cache sync 29 at Sun Mar 29 15:08:24 UTC 2026
Cache sync 30 at Sun Mar 29 15:08:24 UTC 2026
Cache sync 31 at Sun Mar 29 15:08:24 UTC 2026
Cache sync 32 at Sun Mar 29 15:08:24 UTC 2026
Cache sync 33 at Sun Mar 29 15:08:24 UTC 2026
Cache sync 34 at Sun Mar 29 15:08:24 UTC 2026
Cache sync 35 at Sun Mar 29 15:08:24 UTC 2026
Cache sync 36 at Sun Mar 29 15:08:24 UTC 2026
Cache sync 37 at Sun Mar 29 15:08:24 UTC 2026
Cache sync 38 at Sun Mar 29 15:08:24 UTC 2026
Cache sync 39 at Sun Mar 29 15:08:24 UTC 2026
Cache sync 40 at Sun Mar 29 15:08:24 UTC 2026
Cache sync 1 at Sun Mar 29 18:08:29 UTC 2026
Cache sync 2 at Sun Mar 29 18:08:29 UTC 2026
Cache sync 3 at Sun Mar 29 18:08:29 UTC 2026
Cache sync 4 at Sun Mar 29 18:08:29 UTC 2026
Cache sync 5 at Sun Mar 29 18:08:29 UTC 2026
Cache sync 6 at Sun Mar 29 18:08:29 UTC 2026
Cache sync 7 at Sun Mar 29 18:08:29 UTC 2026
Cache sync 8 at Sun Mar 29 18:08:29 UTC 2026
Cache sync 9 at Sun Mar 29 18:08:29 UTC 2026
Cache sync 10 at Sun Mar 29 18:08:29 UTC 2026
Cache sync 11 at Sun Mar 29 18:08:29 UTC 2026
Cache sync 12 at Sun Mar 29 18:08:29 UTC 2026
Cache sync 13 at Sun Mar 29 18:08:29 UTC 2026
Cache sync 14 at Sun Mar 29 18:08:29 UTC 2026
Cache sync 15 at Sun Mar 29 18:08:29 UTC 2026
Cache sync 16 at Sun Mar 29 18:08:29 UTC 2026
Cache sync 17 at Sun Mar 29 18:08:30 UTC 2026
Cache sync 18 at Sun Mar 29 18:08:30 UTC 2026
Cache sync 19 at Sun Mar 29 18:08:30 UTC 2026
Cache sync 20 at Sun Mar 29 18:08:30 UTC 2026
Cache sync 21 at Sun Mar 29 18:08:30 UTC 2026
Cache sync 22 at Sun Mar 29 18:08:30 UTC 2026
Cache sync 23 at Sun Mar 29 18:08:30 UTC 2026
Cache sync 24 at Sun Mar 29 18:08:30 UTC 2026
Cache sync 25 at Sun Mar 29 18:08:30 UTC 2026
Cache sync 26 at Sun Mar 29 18:08:30 UTC 2026
Cache sync 27 at Sun Mar 29 18:08:30 UTC 2026
Cache sync 28 at Sun Mar 29 18:08:30 UTC 2026
Cache sync 29 at Sun Mar 29 18:08:30 UTC 2026
Cache sync 30 at Sun Mar 29 18:08:30 UTC 2026
Cache sync 31 at Sun Mar 29 18:08:30 UTC 2026
Cache sync 32 at Sun Mar 29 18:08:30 UTC 2026
Cache sync 33 at Sun Mar 29 18:08:30 UTC 2026
Cache sync 34 at Sun Mar 29 18:08:30 UTC 2026
Cache sync 35 at Sun Mar 29 18:08:30 UTC 2026
Cache sync 36 at Sun Mar 29 18:08:30 UTC 2026
Cache sync 37 at Sun Mar 29 18:08:30 UTC 2026
Cache sync 38 at Sun Mar 29 18:08:30 UTC 2026
Cache sync 39 at Sun Mar 29 18:08:30 UTC 2026
Cache sync 40 at Sun Mar 29 18:08:30 UTC 2026
Cache sync 41 at Sun Mar 29 18:08:30 UTC 2026
Cache sync 42 at Sun Mar 29 18:08:30 UTC 2026
Cache sync 43 at Sun Mar 29 18:08:30 UTC 2026
Cache sync 44 at Sun Mar 29 18:08:30 UTC 2026
Cache sync 45 at Sun Mar 29 18:08:30 UTC 2026
Cache sync 46 at Sun Mar 29 18:08:30 UTC 2026
Cache sync 47 at Sun Mar 29 18:08:30 UTC 2026
Cache sync 48 at Sun Mar 29 18:08:30 UTC 2026
Cache sync 49 at Sun Mar 29 18:08:30 UTC 2026
Cache sync 50 at Sun Mar 29 18:08:30 UTC 2026
Cache sync 51 at Sun Mar 29 18:08:30 UTC 2026
Cache sync 52 at Sun Mar 29 18:08:30 UTC 2026
Cache sync 53 at Sun Mar 29 18:08:30 UTC 2026
Cache sync 54 at Sun Mar 29 18:08:30 UTC 2026
Cache sync 55 at Sun Mar 29 18:08:30 UTC 2026
Cache sync 56 at Sun Mar 29 18:08:30 UTC 2026
Cache sync 57 at Sun Mar 29 18:08:30 UTC 2026
Cache sync 58 at Sun Mar 29 18:08:30 UTC 2026
Cache sync 59 at Sun Mar 29 18:08:30 UTC 2026
Cache sync 60 at Sun Mar 29 18:08:30 UTC 2026
Cache sync 61 at Sun Mar 29 18:08:30 UTC 2026
Cache sync 62 at Sun Mar 29 18:08:30 UTC 2026
Cache sync 63 at Sun Mar 29 18:08:30 UTC 2026
Cache sync 64 at Sun Mar 29 18:08:30 UTC 2026
Cache sync 65 at Sun Mar 29 18:08:30 UTC 2026
Cache sync 66 at Sun Mar 29 18:08:30 UTC 2026
Cache sync 67 at Sun Mar 29 18:08:30 UTC 2026
Cache sync 68 at Sun Mar 29 18:08:30 UTC 2026
Cache sync 69 at Sun Mar 29 18:08:30 UTC 2026
Cache sync 70 at Sun Mar 29 18:08:30 UTC 2026
Cache sync 71 at Sun Mar 29 18:08:30 UTC 2026
Cache sync 72 at Sun Mar 29 18:08:30 UTC 2026
Cache sync 73 at Sun Mar 29 18:08:30 UTC 2026
Cache sync 74 at Sun Mar 29 18:08:30 UTC 2026
Cache sync 75 at Sun Mar 29 18:08:30 UTC 2026
Cache sync 76 at Sun Mar 29 18:08:30 UTC 2026
Cache sync 77 at Sun Mar 29 18:08:30 UTC 2026
Cache sync 78 at Sun Mar 29 18:08:30 UTC 2026
Cache sync 79 at Sun Mar 29 18:08:30 UTC 2026
Cache sync 80 at Sun Mar 29 18:08:30 UTC 2026
Cache sync 81 at Sun Mar 29 18:08:30 UTC 2026
Cache sync 1 at Sun Mar 29 21:08:05 UTC 2026
Cache sync 2 at Sun Mar 29 21:08:05 UTC 2026
Cache sync 3 at Sun Mar 29 21:08:05 UTC 2026
Cache sync 4 at Sun Mar 29 21:08:05 UTC 2026
Cache sync 5 at Sun Mar 29 21:08:05 UTC 2026
Cache sync 6 at Sun Mar 29 21:08:05 UTC 2026
Cache sync 7 at Sun Mar 29 21:08:05 UTC 2026
Cache sync 8 at Sun Mar 29 21:08:05 UTC 2026
Cache sync 1 at Mon Mar 30 00:21:37 UTC 2026
Cache sync 2 at Mon Mar 30 00:21:37 UTC 2026
Cache sync 3 at Mon Mar 30 00:21:37 UTC 2026
Cache sync 4 at Mon Mar 30 00:21:37 UTC 2026
Cache sync 5 at Mon Mar 30 00:21:37 UTC 2026
Cache sync 6 at Mon Mar 30 00:21:37 UTC 2026
Cache sync 7 at Mon Mar 30 00:21:37 UTC 2026
Cache sync 8 at Mon Mar 30 00:21:37 UTC 2026
Cache sync 9 at Mon Mar 30 00:21:37 UTC 2026
Cache sync 10 at Mon Mar 30 00:21:37 UTC 2026
Cache sync 11 at Mon Mar 30 00:21:37 UTC 2026
Cache sync 12 at Mon Mar 30 00:21:37 UTC 2026
Cache sync 13 at Mon Mar 30 00:21:37 UTC 2026
Cache sync 14 at Mon Mar 30 00:21:37 UTC 2026
Cache sync 15 at Mon Mar 30 00:21:37 UTC 2026
Cache sync 16 at Mon Mar 30 00:21:37 UTC 2026
Cache sync 17 at Mon Mar 30 00:21:37 UTC 2026
Cache sync 18 at Mon Mar 30 00:21:37 UTC 2026
Cache sync 19 at Mon Mar 30 00:21:37 UTC 2026
Cache sync 20 at Mon Mar 30 00:21:37 UTC 2026
Cache sync 21 at Mon Mar 30 00:21:37 UTC 2026
Cache sync 22 at Mon Mar 30 00:21:37 UTC 2026
Cache sync 23 at Mon Mar 30 00:21:37 UTC 2026
Cache sync 24 at Mon Mar 30 00:21:37 UTC 2026
Cache sync 25 at Mon Mar 30 00:21:37 UTC 2026
Cache sync 26 at Mon Mar 30 00:21:37 UTC 2026
Cache sync 27 at Mon Mar 30 00:21:37 UTC 2026
Cache sync 28 at Mon Mar 30 00:21:37 UTC 2026
Cache sync 29 at Mon Mar 30 00:21:37 UTC 2026
Cache sync 30 at Mon Mar 30 00:21:37 UTC 2026
Cache sync 31 at Mon Mar 30 00:21:37 UTC 2026
Cache sync 32 at Mon Mar 30 00:21:37 UTC 2026
Cache sync 33 at Mon Mar 30 00:21:38 UTC 2026
Cache sync 34 at Mon Mar 30 00:21:38 UTC 2026
Cache sync 35 at Mon Mar 30 00:21:38 UTC 2026
Cache sync 36 at Mon Mar 30 00:21:38 UTC 2026
Cache sync 37 at Mon Mar 30 00:21:38 UTC 2026
Cache sync 38 at Mon Mar 30 00:21:38 UTC 2026
Cache sync 39 at Mon Mar 30 00:21:38 UTC 2026
Cache sync 40 at Mon Mar 30 00:21:38 UTC 2026
Cache sync 41 at Mon Mar 30 00:21:38 UTC 2026
Cache sync 42 at Mon Mar 30 00:21:38 UTC 2026
Cache sync 43 at Mon Mar 30 00:21:38 UTC 2026
Cache sync 44 at Mon Mar 30 00:21:38 UTC 2026
Cache sync 45 at Mon Mar 30 00:21:38 UTC 2026
Cache sync 46 at Mon Mar 30 00:21:38 UTC 2026
Cache sync 47 at Mon Mar 30 00:21:38 UTC 2026
Cache sync 48 at Mon Mar 30 00:21:38 UTC 2026
Cache sync 49 at Mon Mar 30 00:21:38 UTC 2026
Cache sync 50 at Mon Mar 30 00:21:38 UTC 2026
Cache sync 51 at Mon Mar 30 00:21:38 UTC 2026
Cache sync 52 at Mon Mar 30 00:21:38 UTC 2026
Cache sync 53 at Mon Mar 30 00:21:38 UTC 2026
Cache sync 54 at Mon Mar 30 00:21:38 UTC 2026
Cache sync 55 at Mon Mar 30 00:21:38 UTC 2026
Cache sync 56 at Mon Mar 30 00:21:38 UTC 2026
Cache sync 57 at Mon Mar 30 00:21:38 UTC 2026
Cache sync 58 at Mon Mar 30 00:21:38 UTC 2026
Cache sync 59 at Mon Mar 30 00:21:38 UTC 2026
Cache sync 60 at Mon Mar 30 00:21:38 UTC 2026
Cache sync 61 at Mon Mar 30 00:21:38 UTC 2026
Cache sync 62 at Mon Mar 30 00:21:38 UTC 2026
Cache sync 63 at Mon Mar 30 00:21:38 UTC 2026
Cache sync 64 at Mon Mar 30 00:21:38 UTC 2026
Cache sync 65 at Mon Mar 30 00:21:38 UTC 2026
Cache sync 66 at Mon Mar 30 00:21:38 UTC 2026
Cache sync 67 at Mon Mar 30 00:21:38 UTC 2026
Cache sync 68 at Mon Mar 30 00:21:38 UTC 2026
Cache sync 69 at Mon Mar 30 00:21:38 UTC 2026
Cache sync 70 at Mon Mar 30 00:21:38 UTC 2026
Cache sync 71 at Mon Mar 30 00:21:38 UTC 2026
Cache sync 72 at Mon Mar 30 00:21:38 UTC 2026
Cache sync 73 at Mon Mar 30 00:21:38 UTC 2026
Cache sync 74 at Mon Mar 30 00:21:38 UTC 2026
Cache sync 1 at Mon Mar 30 06:36:17 UTC 2026
Cache sync 1 at Mon Mar 30 09:30:57 UTC 2026
Cache sync 2 at Mon Mar 30 09:30:57 UTC 2026
Cache sync 3 at Mon Mar 30 09:30:57 UTC 2026
Cache sync 4 at Mon Mar 30 09:30:57 UTC 2026
Cache sync 5 at Mon Mar 30 09:30:58 UTC 2026
Cache sync 6 at Mon Mar 30 09:30:58 UTC 2026
Cache sync 7 at Mon Mar 30 09:30:58 UTC 2026
Cache sync 8 at Mon Mar 30 09:30:58 UTC 2026
Cache sync 9 at Mon Mar 30 09:30:58 UTC 2026
Cache sync 10 at Mon Mar 30 09:30:58 UTC 2026
Cache sync 11 at Mon Mar 30 09:30:58 UTC 2026
Cache sync 12 at Mon Mar 30 09:30:58 UTC 2026
Cache sync 13 at Mon Mar 30 09:30:58 UTC 2026
Cache sync 14 at Mon Mar 30 09:30:58 UTC 2026
Cache sync 15 at Mon Mar 30 09:30:58 UTC 2026
Cache sync 16 at Mon Mar 30 09:30:58 UTC 2026
Cache sync 17 at Mon Mar 30 09:30:58 UTC 2026
Cache sync 18 at Mon Mar 30 09:30:58 UTC 2026
Cache sync 19 at Mon Mar 30 09:30:58 UTC 2026
Cache sync 20 at Mon Mar 30 09:30:58 UTC 2026
Cache sync 21 at Mon Mar 30 09:30:58 UTC 2026
Cache sync 22 at Mon Mar 30 09:30:58 UTC 2026
Cache sync 23 at Mon Mar 30 09:30:58 UTC 2026
Cache sync 24 at Mon Mar 30 09:30:58 UTC 2026
Cache sync 25 at Mon Mar 30 09:30:58 UTC 2026
Cache sync 26 at Mon Mar 30 09:30:58 UTC 2026
Cache sync 27 at Mon Mar 30 09:30:58 UTC 2026
Cache sync 28 at Mon Mar 30 09:30:58 UTC 2026
Cache sync 29 at Mon Mar 30 09:30:58 UTC 2026
Cache sync 30 at Mon Mar 30 09:30:58 UTC 2026
Cache sync 31 at Mon Mar 30 09:30:58 UTC 2026
Cache sync 32 at Mon Mar 30 09:30:58 UTC 2026
Cache sync 33 at Mon Mar 30 09:30:58 UTC 2026
Cache sync 34 at Mon Mar 30 09:30:58 UTC 2026
Cache sync 35 at Mon Mar 30 09:30:58 UTC 2026
Cache sync 36 at Mon Mar 30 09:30:58 UTC 2026
Cache sync 37 at Mon Mar 30 09:30:58 UTC 2026
Cache sync 38 at Mon Mar 30 09:30:58 UTC 2026
Cache sync 39 at Mon Mar 30 09:30:58 UTC 2026
Cache sync 40 at Mon Mar 30 09:30:58 UTC 2026
Cache sync 41 at Mon Mar 30 09:30:58 UTC 2026
Cache sync 42 at Mon Mar 30 09:30:58 UTC 2026
Cache sync 43 at Mon Mar 30 09:30:58 UTC 2026
Cache sync 44 at Mon Mar 30 09:30:58 UTC 2026
Cache sync 45 at Mon Mar 30 09:30:58 UTC 2026
Cache sync 46 at Mon Mar 30 09:30:58 UTC 2026
Cache sync 47 at Mon Mar 30 09:30:58 UTC 2026
Cache sync 48 at Mon Mar 30 09:30:58 UTC 2026
Cache sync 49 at Mon Mar 30 09:30:58 UTC 2026
Cache sync 50 at Mon Mar 30 09:30:58 UTC 2026
Cache sync 51 at Mon Mar 30 09:30:58 UTC 2026
Cache sync 52 at Mon Mar 30 09:30:58 UTC 2026
Cache sync 53 at Mon Mar 30 09:30:58 UTC 2026
Cache sync 54 at Mon Mar 30 09:30:58 UTC 2026
Cache sync 55 at Mon Mar 30 09:30:58 UTC 2026
Cache sync 56 at Mon Mar 30 09:30:58 UTC 2026
Cache sync 57 at Mon Mar 30 09:30:58 UTC 2026
Cache sync 58 at Mon Mar 30 09:30:58 UTC 2026
Cache sync 59 at Mon Mar 30 09:30:58 UTC 2026
Cache sync 60 at Mon Mar 30 09:30:58 UTC 2026
Cache sync 61 at Mon Mar 30 09:30:58 UTC 2026
Cache sync 62 at Mon Mar 30 09:30:58 UTC 2026
Cache sync 63 at Mon Mar 30 09:30:58 UTC 2026
Cache sync 1 at Mon Mar 30 12:17:48 UTC 2026
Cache sync 2 at Mon Mar 30 12:17:48 UTC 2026
Cache sync 3 at Mon Mar 30 12:17:48 UTC 2026
Cache sync 4 at Mon Mar 30 12:17:48 UTC 2026
Cache sync 5 at Mon Mar 30 12:17:48 UTC 2026
Cache sync 6 at Mon Mar 30 12:17:48 UTC 2026
Cache sync 7 at Mon Mar 30 12:17:48 UTC 2026
Cache sync 8 at Mon Mar 30 12:17:48 UTC 2026
Cache sync 9 at Mon Mar 30 12:17:48 UTC 2026
Cache sync 10 at Mon Mar 30 12:17:48 UTC 2026
Cache sync 11 at Mon Mar 30 12:17:48 UTC 2026
Cache sync 12 at Mon Mar 30 12:17:48 UTC 2026
Cache sync 13 at Mon Mar 30 12:17:48 UTC 2026
Cache sync 14 at Mon Mar 30 12:17:48 UTC 2026
Cache sync 15 at Mon Mar 30 12:17:48 UTC 2026
Cache sync 16 at Mon Mar 30 12:17:48 UTC 2026
Cache sync 17 at Mon Mar 30 12:17:48 UTC 2026
Cache sync 18 at Mon Mar 30 12:17:48 UTC 2026
Cache sync 19 at Mon Mar 30 12:17:48 UTC 2026
Cache sync 20 at Mon Mar 30 12:17:48 UTC 2026
Cache sync 21 at Mon Mar 30 12:17:48 UTC 2026
Cache sync 22 at Mon Mar 30 12:17:48 UTC 2026
Cache sync 23 at Mon Mar 30 12:17:48 UTC 2026
Cache sync 24 at Mon Mar 30 12:17:48 UTC 2026
Cache sync 25 at Mon Mar 30 12:17:48 UTC 2026
Cache sync 26 at Mon Mar 30 12:17:48 UTC 2026
Cache sync 27 at Mon Mar 30 12:17:48 UTC 2026
Cache sync 28 at Mon Mar 30 12:17:48 UTC 2026
Cache sync 29 at Mon Mar 30 12:17:48 UTC 2026
Cache sync 30 at Mon Mar 30 12:17:48 UTC 2026
Cache sync 31 at Mon Mar 30 12:17:48 UTC 2026
Cache sync 32 at Mon Mar 30 12:17:48 UTC 2026
Cache sync 33 at Mon Mar 30 12:17:48 UTC 2026
Cache sync 34 at Mon Mar 30 12:17:48 UTC 2026
Cache sync 35 at Mon Mar 30 12:17:48 UTC 2026
Cache sync 36 at Mon Mar 30 12:17:48 UTC 2026
Cache sync 37 at Mon Mar 30 12:17:48 UTC 2026
Cache sync 38 at Mon Mar 30 12:17:48 UTC 2026
Cache sync 39 at Mon Mar 30 12:17:48 UTC 2026
Cache sync 40 at Mon Mar 30 12:17:48 UTC 2026
Cache sync 41 at Mon Mar 30 12:17:48 UTC 2026
Cache sync 42 at Mon Mar 30 12:17:48 UTC 2026
Cache sync 43 at Mon Mar 30 12:17:48 UTC 2026
Cache sync 44 at Mon Mar 30 12:17:49 UTC 2026
Cache sync 45 at Mon Mar 30 12:17:49 UTC 2026
Cache sync 46 at Mon Mar 30 12:17:49 UTC 2026
Cache sync 47 at Mon Mar 30 12:17:49 UTC 2026
Cache sync 48 at Mon Mar 30 12:17:49 UTC 2026
Cache sync 49 at Mon Mar 30 12:17:49 UTC 2026
Cache sync 50 at Mon Mar 30 12:17:49 UTC 2026
Cache sync 51 at Mon Mar 30 12:17:49 UTC 2026
Cache sync 52 at Mon Mar 30 12:17:49 UTC 2026
Cache sync 53 at Mon Mar 30 12:17:49 UTC 2026
Cache sync 54 at Mon Mar 30 12:17:49 UTC 2026
Cache sync 55 at Mon Mar 30 12:17:49 UTC 2026
Cache sync 56 at Mon Mar 30 12:17:49 UTC 2026
Cache sync 57 at Mon Mar 30 12:17:49 UTC 2026
Cache sync 58 at Mon Mar 30 12:17:49 UTC 2026
Cache sync 59 at Mon Mar 30 12:17:49 UTC 2026
Cache sync 60 at Mon Mar 30 12:17:49 UTC 2026
Cache sync 1 at Mon Mar 30 15:28:05 UTC 2026
Cache sync 2 at Mon Mar 30 15:28:05 UTC 2026
Cache sync 3 at Mon Mar 30 15:28:05 UTC 2026
Cache sync 4 at Mon Mar 30 15:28:05 UTC 2026
Cache sync 5 at Mon Mar 30 15:28:05 UTC 2026
Cache sync 6 at Mon Mar 30 15:28:05 UTC 2026
Cache sync 7 at Mon Mar 30 15:28:05 UTC 2026
Cache sync 8 at Mon Mar 30 15:28:05 UTC 2026
Cache sync 9 at Mon Mar 30 15:28:05 UTC 2026
Cache sync 10 at Mon Mar 30 15:28:05 UTC 2026
Cache sync 11 at Mon Mar 30 15:28:05 UTC 2026
Cache sync 12 at Mon Mar 30 15:28:05 UTC 2026
Cache sync 13 at Mon Mar 30 15:28:05 UTC 2026
Cache sync 14 at Mon Mar 30 15:28:05 UTC 2026
Cache sync 15 at Mon Mar 30 15:28:05 UTC 2026
Cache sync 16 at Mon Mar 30 15:28:05 UTC 2026
Cache sync 17 at Mon Mar 30 15:28:05 UTC 2026
Cache sync 18 at Mon Mar 30 15:28:05 UTC 2026
Cache sync 19 at Mon Mar 30 15:28:05 UTC 2026
Cache sync 20 at Mon Mar 30 15:28:05 UTC 2026
Cache sync 21 at Mon Mar 30 15:28:05 UTC 2026
Cache sync 22 at Mon Mar 30 15:28:05 UTC 2026
Cache sync 23 at Mon Mar 30 15:28:05 UTC 2026
Cache sync 24 at Mon Mar 30 15:28:05 UTC 2026
Cache sync 25 at Mon Mar 30 15:28:05 UTC 2026
Cache sync 26 at Mon Mar 30 15:28:05 UTC 2026
Cache sync 27 at Mon Mar 30 15:28:05 UTC 2026
Cache sync 28 at Mon Mar 30 15:28:05 UTC 2026
Cache sync 29 at Mon Mar 30 15:28:05 UTC 2026
Cache sync 30 at Mon Mar 30 15:28:05 UTC 2026
Cache sync 31 at Mon Mar 30 15:28:05 UTC 2026
Cache sync 32 at Mon Mar 30 15:28:05 UTC 2026
Cache sync 33 at Mon Mar 30 15:28:05 UTC 2026
Cache sync 34 at Mon Mar 30 15:28:05 UTC 2026
Cache sync 35 at Mon Mar 30 15:28:05 UTC 2026
Cache sync 36 at Mon Mar 30 15:28:05 UTC 2026
Cache sync 37 at Mon Mar 30 15:28:06 UTC 2026
Cache sync 38 at Mon Mar 30 15:28:06 UTC 2026
Cache sync 39 at Mon Mar 30 15:28:06 UTC 2026
Cache sync 40 at Mon Mar 30 15:28:06 UTC 2026
Cache sync 41 at Mon Mar 30 15:28:06 UTC 2026
Cache sync 42 at Mon Mar 30 15:28:06 UTC 2026
Cache sync 43 at Mon Mar 30 15:28:06 UTC 2026
Cache sync 44 at Mon Mar 30 15:28:06 UTC 2026
Cache sync 45 at Mon Mar 30 15:28:06 UTC 2026
Cache sync 46 at Mon Mar 30 15:28:06 UTC 2026
Cache sync 47 at Mon Mar 30 15:28:06 UTC 2026
Cache sync 48 at Mon Mar 30 15:28:06 UTC 2026
Cache sync 49 at Mon Mar 30 15:28:06 UTC 2026
Cache sync 50 at Mon Mar 30 15:28:06 UTC 2026
Cache sync 51 at Mon Mar 30 15:28:06 UTC 2026
Cache sync 52 at Mon Mar 30 15:28:06 UTC 2026
Cache sync 53 at Mon Mar 30 15:28:06 UTC 2026
Cache sync 54 at Mon Mar 30 15:28:06 UTC 2026
Cache sync 55 at Mon Mar 30 15:28:06 UTC 2026
Cache sync 56 at Mon Mar 30 15:28:06 UTC 2026
Cache sync 57 at Mon Mar 30 15:28:06 UTC 2026
Cache sync 58 at Mon Mar 30 15:28:06 UTC 2026
Cache sync 59 at Mon Mar 30 15:28:06 UTC 2026
Cache sync 60 at Mon Mar 30 15:28:06 UTC 2026
Cache sync 61 at Mon Mar 30 15:28:06 UTC 2026
Cache sync 62 at Mon Mar 30 15:28:06 UTC 2026
Cache sync 63 at Mon Mar 30 15:28:06 UTC 2026
Cache sync 64 at Mon Mar 30 15:28:06 UTC 2026
Cache sync 65 at Mon Mar 30 15:28:06 UTC 2026
Cache sync 66 at Mon Mar 30 15:28:06 UTC 2026
Cache sync 67 at Mon Mar 30 15:28:06 UTC 2026
Cache sync 68 at Mon Mar 30 15:28:06 UTC 2026
Cache sync 69 at Mon Mar 30 15:28:06 UTC 2026
Cache sync 70 at Mon Mar 30 15:28:06 UTC 2026
Cache sync 71 at Mon Mar 30 15:28:06 UTC 2026
Cache sync 72 at Mon Mar 30 15:28:06 UTC 2026
Cache sync 73 at Mon Mar 30 15:28:06 UTC 2026
Cache sync 74 at Mon Mar 30 15:28:06 UTC 2026
Cache sync 75 at Mon Mar 30 15:28:06 UTC 2026
Cache sync 76 at Mon Mar 30 15:28:06 UTC 2026
Cache sync 77 at Mon Mar 30 15:28:06 UTC 2026
Cache sync 78 at Mon Mar 30 15:28:06 UTC 2026
Cache sync 79 at Mon Mar 30 15:28:06 UTC 2026
Cache sync 80 at Mon Mar 30 15:28:06 UTC 2026
Cache sync 1 at Mon Mar 30 18:18:45 UTC 2026
Cache sync 2 at Mon Mar 30 18:18:45 UTC 2026
Cache sync 3 at Mon Mar 30 18:18:45 UTC 2026
Cache sync 4 at Mon Mar 30 18:18:45 UTC 2026
Cache sync 5 at Mon Mar 30 18:18:45 UTC 2026
Cache sync 6 at Mon Mar 30 18:18:45 UTC 2026
Cache sync 7 at Mon Mar 30 18:18:45 UTC 2026
Cache sync 8 at Mon Mar 30 18:18:45 UTC 2026
Cache sync 9 at Mon Mar 30 18:18:45 UTC 2026
Cache sync 10 at Mon Mar 30 18:18:45 UTC 2026
Cache sync 11 at Mon Mar 30 18:18:45 UTC 2026
Cache sync 12 at Mon Mar 30 18:18:45 UTC 2026
Cache sync 13 at Mon Mar 30 18:18:45 UTC 2026
Cache sync 14 at Mon Mar 30 18:18:45 UTC 2026
Cache sync 1 at Mon Mar 30 21:14:44 UTC 2026
Cache sync 2 at Mon Mar 30 21:14:44 UTC 2026
Cache sync 3 at Mon Mar 30 21:14:44 UTC 2026
Cache sync 4 at Mon Mar 30 21:14:44 UTC 2026
Cache sync 5 at Mon Mar 30 21:14:44 UTC 2026
Cache sync 6 at Mon Mar 30 21:14:44 UTC 2026
Cache sync 7 at Mon Mar 30 21:14:44 UTC 2026
Cache sync 8 at Mon Mar 30 21:14:44 UTC 2026
Cache sync 9 at Mon Mar 30 21:14:44 UTC 2026
Cache sync 10 at Mon Mar 30 21:14:44 UTC 2026
Cache sync 11 at Mon Mar 30 21:14:44 UTC 2026
Cache sync 12 at Mon Mar 30 21:14:44 UTC 2026
Cache sync 13 at Mon Mar 30 21:14:44 UTC 2026
Cache sync 14 at Mon Mar 30 21:14:44 UTC 2026
Cache sync 15 at Mon Mar 30 21:14:44 UTC 2026
Cache sync 16 at Mon Mar 30 21:14:44 UTC 2026
Cache sync 17 at Mon Mar 30 21:14:44 UTC 2026
Cache sync 18 at Mon Mar 30 21:14:44 UTC 2026
Cache sync 19 at Mon Mar 30 21:14:44 UTC 2026
Cache sync 20 at Mon Mar 30 21:14:44 UTC 2026
Cache sync 21 at Mon Mar 30 21:14:44 UTC 2026
Cache sync 22 at Mon Mar 30 21:14:44 UTC 2026
Cache sync 23 at Mon Mar 30 21:14:44 UTC 2026
Cache sync 24 at Mon Mar 30 21:14:44 UTC 2026
Cache sync 25 at Mon Mar 30 21:14:44 UTC 2026
Cache sync 26 at Mon Mar 30 21:14:44 UTC 2026
Cache sync 27 at Mon Mar 30 21:14:44 UTC 2026
Cache sync 28 at Mon Mar 30 21:14:44 UTC 2026
Cache sync 29 at Mon Mar 30 21:14:44 UTC 2026
Cache sync 30 at Mon Mar 30 21:14:44 UTC 2026
Cache sync 31 at Mon Mar 30 21:14:44 UTC 2026
Cache sync 32 at Mon Mar 30 21:14:44 UTC 2026
Cache sync 33 at Mon Mar 30 21:14:44 UTC 2026
Cache sync 34 at Mon Mar 30 21:14:44 UTC 2026
Cache sync 35 at Mon Mar 30 21:14:44 UTC 2026
Cache sync 36 at Mon Mar 30 21:14:44 UTC 2026
Cache sync 37 at Mon Mar 30 21:14:44 UTC 2026
Cache sync 1 at Tue Mar 31 00:21:31 UTC 2026
Cache sync 2 at Tue Mar 31 00:21:31 UTC 2026
Cache sync 3 at Tue Mar 31 00:21:31 UTC 2026
Cache sync 4 at Tue Mar 31 00:21:31 UTC 2026
Cache sync 5 at Tue Mar 31 00:21:31 UTC 2026
Cache sync 6 at Tue Mar 31 00:21:31 UTC 2026
Cache sync 7 at Tue Mar 31 00:21:31 UTC 2026
Cache sync 8 at Tue Mar 31 00:21:31 UTC 2026
Cache sync 9 at Tue Mar 31 00:21:31 UTC 2026
Cache sync 10 at Tue Mar 31 00:21:31 UTC 2026
Cache sync 11 at Tue Mar 31 00:21:31 UTC 2026
Cache sync 12 at Tue Mar 31 00:21:31 UTC 2026
Cache sync 13 at Tue Mar 31 00:21:31 UTC 2026
Cache sync 14 at Tue Mar 31 00:21:31 UTC 2026
Cache sync 15 at Tue Mar 31 00:21:31 UTC 2026
Cache sync 16 at Tue Mar 31 00:21:31 UTC 2026
Cache sync 17 at Tue Mar 31 00:21:31 UTC 2026
Cache sync 18 at Tue Mar 31 00:21:31 UTC 2026
Cache sync 19 at Tue Mar 31 00:21:31 UTC 2026
Cache sync 20 at Tue Mar 31 00:21:31 UTC 2026
Cache sync 21 at Tue Mar 31 00:21:31 UTC 2026
Cache sync 22 at Tue Mar 31 00:21:31 UTC 2026
Cache sync 23 at Tue Mar 31 00:21:31 UTC 2026
Cache sync 24 at Tue Mar 31 00:21:31 UTC 2026
Cache sync 25 at Tue Mar 31 00:21:31 UTC 2026
Cache sync 26 at Tue Mar 31 00:21:31 UTC 2026
Cache sync 27 at Tue Mar 31 00:21:31 UTC 2026
Cache sync 28 at Tue Mar 31 00:21:31 UTC 2026
Cache sync 29 at Tue Mar 31 00:21:31 UTC 2026
Cache sync 30 at Tue Mar 31 00:21:31 UTC 2026
Cache sync 31 at Tue Mar 31 00:21:31 UTC 2026
Cache sync 32 at Tue Mar 31 00:21:31 UTC 2026
Cache sync 33 at Tue Mar 31 00:21:31 UTC 2026
Cache sync 34 at Tue Mar 31 00:21:31 UTC 2026
Cache sync 35 at Tue Mar 31 00:21:31 UTC 2026
Cache sync 36 at Tue Mar 31 00:21:31 UTC 2026
Cache sync 37 at Tue Mar 31 00:21:31 UTC 2026
Cache sync 38 at Tue Mar 31 00:21:31 UTC 2026
Cache sync 39 at Tue Mar 31 00:21:31 UTC 2026
Cache sync 40 at Tue Mar 31 00:21:31 UTC 2026
Cache sync 41 at Tue Mar 31 00:21:31 UTC 2026
Cache sync 42 at Tue Mar 31 00:21:31 UTC 2026
Cache sync 43 at Tue Mar 31 00:21:31 UTC 2026
Cache sync 44 at Tue Mar 31 00:21:31 UTC 2026
Cache sync 45 at Tue Mar 31 00:21:31 UTC 2026
Cache sync 46 at Tue Mar 31 00:21:31 UTC 2026
Cache sync 47 at Tue Mar 31 00:21:31 UTC 2026
Cache sync 48 at Tue Mar 31 00:21:31 UTC 2026
Cache sync 49 at Tue Mar 31 00:21:31 UTC 2026
Cache sync 50 at Tue Mar 31 00:21:31 UTC 2026
Cache sync 51 at Tue Mar 31 00:21:31 UTC 2026
Cache sync 52 at Tue Mar 31 00:21:31 UTC 2026
Cache sync 53 at Tue Mar 31 00:21:31 UTC 2026
Cache sync 54 at Tue Mar 31 00:21:31 UTC 2026
Cache sync 55 at Tue Mar 31 00:21:31 UTC 2026
Cache sync 56 at Tue Mar 31 00:21:31 UTC 2026
Cache sync 57 at Tue Mar 31 00:21:31 UTC 2026
Cache sync 58 at Tue Mar 31 00:21:31 UTC 2026
Cache sync 59 at Tue Mar 31 00:21:31 UTC 2026
Cache sync 60 at Tue Mar 31 00:21:31 UTC 2026
Cache sync 1 at Tue Mar 31 03:57:50 UTC 2026
Cache sync 2 at Tue Mar 31 03:57:50 UTC 2026
Cache sync 3 at Tue Mar 31 03:57:50 UTC 2026
Cache sync 4 at Tue Mar 31 03:57:50 UTC 2026
Cache sync 5 at Tue Mar 31 03:57:50 UTC 2026
Cache sync 6 at Tue Mar 31 03:57:50 UTC 2026
Cache sync 7 at Tue Mar 31 03:57:50 UTC 2026
Cache sync 8 at Tue Mar 31 03:57:50 UTC 2026
Cache sync 9 at Tue Mar 31 03:57:50 UTC 2026
Cache sync 10 at Tue Mar 31 03:57:50 UTC 2026
Cache sync 11 at Tue Mar 31 03:57:50 UTC 2026
Cache sync 12 at Tue Mar 31 03:57:50 UTC 2026
Cache sync 13 at Tue Mar 31 03:57:50 UTC 2026
Cache sync 14 at Tue Mar 31 03:57:50 UTC 2026
Cache sync 15 at Tue Mar 31 03:57:50 UTC 2026
Cache sync 16 at Tue Mar 31 03:57:50 UTC 2026
Cache sync 17 at Tue Mar 31 03:57:50 UTC 2026
Cache sync 18 at Tue Mar 31 03:57:50 UTC 2026
Cache sync 19 at Tue Mar 31 03:57:50 UTC 2026
Cache sync 20 at Tue Mar 31 03:57:50 UTC 2026
Cache sync 21 at Tue Mar 31 03:57:50 UTC 2026
Cache sync 22 at Tue Mar 31 03:57:50 UTC 2026
Cache sync 23 at Tue Mar 31 03:57:50 UTC 2026
Cache sync 24 at Tue Mar 31 03:57:50 UTC 2026
Cache sync 25 at Tue Mar 31 03:57:50 UTC 2026
Cache sync 26 at Tue Mar 31 03:57:50 UTC 2026
Cache sync 27 at Tue Mar 31 03:57:50 UTC 2026
Cache sync 28 at Tue Mar 31 03:57:50 UTC 2026
Cache sync 29 at Tue Mar 31 03:57:50 UTC 2026
Cache sync 30 at Tue Mar 31 03:57:50 UTC 2026
Cache sync 31 at Tue Mar 31 03:57:50 UTC 2026
Cache sync 32 at Tue Mar 31 03:57:50 UTC 2026
Cache sync 33 at Tue Mar 31 03:57:50 UTC 2026
Cache sync 34 at Tue Mar 31 03:57:50 UTC 2026
Cache sync 35 at Tue Mar 31 03:57:50 UTC 2026
Cache sync 36 at Tue Mar 31 03:57:50 UTC 2026
Cache sync 37 at Tue Mar 31 03:57:50 UTC 2026
Cache sync 38 at Tue Mar 31 03:57:50 UTC 2026
Cache sync 39 at Tue Mar 31 03:57:50 UTC 2026
Cache sync 40 at Tue Mar 31 03:57:50 UTC 2026
Cache sync 41 at Tue Mar 31 03:57:50 UTC 2026
Cache sync 42 at Tue Mar 31 03:57:50 UTC 2026
Cache sync 43 at Tue Mar 31 03:57:50 UTC 2026
Cache sync 44 at Tue Mar 31 03:57:50 UTC 2026
Cache sync 45 at Tue Mar 31 03:57:50 UTC 2026
Cache sync 46 at Tue Mar 31 03:57:50 UTC 2026
Cache sync 47 at Tue Mar 31 03:57:50 UTC 2026
Cache sync 48 at Tue Mar 31 03:57:50 UTC 2026
Cache sync 49 at Tue Mar 31 03:57:50 UTC 2026
Cache sync 50 at Tue Mar 31 03:57:50 UTC 2026
Cache sync 51 at Tue Mar 31 03:57:50 UTC 2026
Cache sync 52 at Tue Mar 31 03:57:50 UTC 2026
Cache sync 53 at Tue Mar 31 03:57:50 UTC 2026
Cache sync 54 at Tue Mar 31 03:57:50 UTC 2026
Cache sync 55 at Tue Mar 31 03:57:50 UTC 2026
Cache sync 56 at Tue Mar 31 03:57:50 UTC 2026
Cache sync 57 at Tue Mar 31 03:57:50 UTC 2026
Cache sync 58 at Tue Mar 31 03:57:50 UTC 2026
Cache sync 59 at Tue Mar 31 03:57:50 UTC 2026
Cache sync 60 at Tue Mar 31 03:57:50 UTC 2026
Cache sync 61 at Tue Mar 31 03:57:50 UTC 2026
Cache sync 62 at Tue Mar 31 03:57:50 UTC 2026
Cache sync 63 at Tue Mar 31 03:57:50 UTC 2026
Cache sync 64 at Tue Mar 31 03:57:51 UTC 2026
Cache sync 65 at Tue Mar 31 03:57:51 UTC 2026
Cache sync 66 at Tue Mar 31 03:57:51 UTC 2026
Cache sync 67 at Tue Mar 31 03:57:51 UTC 2026
Cache sync 1 at Tue Mar 31 06:28:28 UTC 2026
Cache sync 2 at Tue Mar 31 06:28:28 UTC 2026
Cache sync 3 at Tue Mar 31 06:28:28 UTC 2026
Cache sync 4 at Tue Mar 31 06:28:28 UTC 2026
Cache sync 5 at Tue Mar 31 06:28:28 UTC 2026
Cache sync 6 at Tue Mar 31 06:28:28 UTC 2026
Cache sync 7 at Tue Mar 31 06:28:28 UTC 2026
Cache sync 8 at Tue Mar 31 06:28:28 UTC 2026
Cache sync 9 at Tue Mar 31 06:28:28 UTC 2026
Cache sync 1 at Tue Mar 31 09:24:01 UTC 2026
Cache sync 2 at Tue Mar 31 09:24:01 UTC 2026
Cache sync 3 at Tue Mar 31 09:24:01 UTC 2026
Cache sync 4 at Tue Mar 31 09:24:01 UTC 2026
Cache sync 5 at Tue Mar 31 09:24:01 UTC 2026
Cache sync 6 at Tue Mar 31 09:24:01 UTC 2026
Cache sync 7 at Tue Mar 31 09:24:01 UTC 2026
Cache sync 8 at Tue Mar 31 09:24:01 UTC 2026
Cache sync 9 at Tue Mar 31 09:24:01 UTC 2026
Cache sync 10 at Tue Mar 31 09:24:01 UTC 2026
Cache sync 11 at Tue Mar 31 09:24:01 UTC 2026
Cache sync 12 at Tue Mar 31 09:24:01 UTC 2026
Cache sync 13 at Tue Mar 31 09:24:01 UTC 2026
Cache sync 14 at Tue Mar 31 09:24:01 UTC 2026
Cache sync 15 at Tue Mar 31 09:24:01 UTC 2026
Cache sync 16 at Tue Mar 31 09:24:01 UTC 2026
Cache sync 17 at Tue Mar 31 09:24:01 UTC 2026
Cache sync 18 at Tue Mar 31 09:24:01 UTC 2026
Cache sync 19 at Tue Mar 31 09:24:01 UTC 2026
Cache sync 20 at Tue Mar 31 09:24:01 UTC 2026
Cache sync 21 at Tue Mar 31 09:24:01 UTC 2026
Cache sync 22 at Tue Mar 31 09:24:01 UTC 2026
Cache sync 23 at Tue Mar 31 09:24:01 UTC 2026
Cache sync 24 at Tue Mar 31 09:24:01 UTC 2026
Cache sync 25 at Tue Mar 31 09:24:01 UTC 2026
Cache sync 26 at Tue Mar 31 09:24:01 UTC 2026
Cache sync 27 at Tue Mar 31 09:24:01 UTC 2026
Cache sync 28 at Tue Mar 31 09:24:01 UTC 2026
Cache sync 29 at Tue Mar 31 09:24:01 UTC 2026
Cache sync 30 at Tue Mar 31 09:24:01 UTC 2026
Cache sync 31 at Tue Mar 31 09:24:01 UTC 2026
Cache sync 32 at Tue Mar 31 09:24:01 UTC 2026
Cache sync 33 at Tue Mar 31 09:24:01 UTC 2026
Cache sync 34 at Tue Mar 31 09:24:01 UTC 2026
Cache sync 35 at Tue Mar 31 09:24:01 UTC 2026
Cache sync 36 at Tue Mar 31 09:24:01 UTC 2026
Cache sync 37 at Tue Mar 31 09:24:01 UTC 2026
Cache sync 38 at Tue Mar 31 09:24:01 UTC 2026
Cache sync 1 at Tue Mar 31 12:18:08 UTC 2026
Cache sync 2 at Tue Mar 31 12:18:08 UTC 2026
Cache sync 3 at Tue Mar 31 12:18:08 UTC 2026
Cache sync 4 at Tue Mar 31 12:18:08 UTC 2026
Cache sync 5 at Tue Mar 31 12:18:08 UTC 2026
Cache sync 6 at Tue Mar 31 12:18:08 UTC 2026
Cache sync 7 at Tue Mar 31 12:18:08 UTC 2026
Cache sync 8 at Tue Mar 31 12:18:08 UTC 2026
Cache sync 9 at Tue Mar 31 12:18:08 UTC 2026
Cache sync 10 at Tue Mar 31 12:18:08 UTC 2026
Cache sync 11 at Tue Mar 31 12:18:08 UTC 2026
Cache sync 12 at Tue Mar 31 12:18:08 UTC 2026
Cache sync 13 at Tue Mar 31 12:18:08 UTC 2026
Cache sync 14 at Tue Mar 31 12:18:08 UTC 2026
Cache sync 15 at Tue Mar 31 12:18:08 UTC 2026
Cache sync 16 at Tue Mar 31 12:18:08 UTC 2026
Cache sync 1 at Tue Mar 31 15:26:39 UTC 2026
Cache sync 2 at Tue Mar 31 15:26:39 UTC 2026
Cache sync 3 at Tue Mar 31 15:26:39 UTC 2026
Cache sync 4 at Tue Mar 31 15:26:39 UTC 2026
Cache sync 5 at Tue Mar 31 15:26:39 UTC 2026
Cache sync 6 at Tue Mar 31 15:26:39 UTC 2026
Cache sync 7 at Tue Mar 31 15:26:39 UTC 2026
Cache sync 8 at Tue Mar 31 15:26:39 UTC 2026
Cache sync 9 at Tue Mar 31 15:26:39 UTC 2026
Cache sync 10 at Tue Mar 31 15:26:39 UTC 2026
Cache sync 11 at Tue Mar 31 15:26:39 UTC 2026
Cache sync 12 at Tue Mar 31 15:26:39 UTC 2026
Cache sync 13 at Tue Mar 31 15:26:40 UTC 2026
Cache sync 14 at Tue Mar 31 15:26:40 UTC 2026
Cache sync 15 at Tue Mar 31 15:26:40 UTC 2026
Cache sync 16 at Tue Mar 31 15:26:40 UTC 2026
Cache sync 17 at Tue Mar 31 15:26:40 UTC 2026
Cache sync 18 at Tue Mar 31 15:26:40 UTC 2026
Cache sync 19 at Tue Mar 31 15:26:40 UTC 2026
Cache sync 20 at Tue Mar 31 15:26:40 UTC 2026
Cache sync 21 at Tue Mar 31 15:26:40 UTC 2026
Cache sync 22 at Tue Mar 31 15:26:40 UTC 2026
Cache sync 23 at Tue Mar 31 15:26:40 UTC 2026
Cache sync 24 at Tue Mar 31 15:26:40 UTC 2026
Cache sync 25 at Tue Mar 31 15:26:40 UTC 2026
Cache sync 26 at Tue Mar 31 15:26:40 UTC 2026
Cache sync 27 at Tue Mar 31 15:26:40 UTC 2026
Cache sync 28 at Tue Mar 31 15:26:40 UTC 2026
Cache sync 29 at Tue Mar 31 15:26:40 UTC 2026
Cache sync 30 at Tue Mar 31 15:26:40 UTC 2026
Cache sync 31 at Tue Mar 31 15:26:40 UTC 2026
Cache sync 32 at Tue Mar 31 15:26:40 UTC 2026
Cache sync 33 at Tue Mar 31 15:26:40 UTC 2026
Cache sync 34 at Tue Mar 31 15:26:40 UTC 2026
Cache sync 35 at Tue Mar 31 15:26:40 UTC 2026
Cache sync 36 at Tue Mar 31 15:26:40 UTC 2026
Cache sync 37 at Tue Mar 31 15:26:40 UTC 2026
Cache sync 38 at Tue Mar 31 15:26:40 UTC 2026
Cache sync 39 at Tue Mar 31 15:26:40 UTC 2026
Cache sync 40 at Tue Mar 31 15:26:40 UTC 2026
Cache sync 41 at Tue Mar 31 15:26:40 UTC 2026
Cache sync 42 at Tue Mar 31 15:26:40 UTC 2026
Cache sync 43 at Tue Mar 31 15:26:40 UTC 2026
Cache sync 44 at Tue Mar 31 15:26:40 UTC 2026
Cache sync 45 at Tue Mar 31 15:26:40 UTC 2026
Cache sync 46 at Tue Mar 31 15:26:40 UTC 2026
Cache sync 47 at Tue Mar 31 15:26:40 UTC 2026
Cache sync 48 at Tue Mar 31 15:26:40 UTC 2026
Cache sync 49 at Tue Mar 31 15:26:40 UTC 2026
Cache sync 50 at Tue Mar 31 15:26:40 UTC 2026
Cache sync 51 at Tue Mar 31 15:26:40 UTC 2026
Cache sync 52 at Tue Mar 31 15:26:40 UTC 2026
Cache sync 53 at Tue Mar 31 15:26:40 UTC 2026
Cache sync 54 at Tue Mar 31 15:26:40 UTC 2026
Cache sync 55 at Tue Mar 31 15:26:40 UTC 2026
Cache sync 56 at Tue Mar 31 15:26:40 UTC 2026
Cache sync 57 at Tue Mar 31 15:26:40 UTC 2026
Cache sync 58 at Tue Mar 31 15:26:40 UTC 2026
Cache sync 59 at Tue Mar 31 15:26:40 UTC 2026
Cache sync 60 at Tue Mar 31 15:26:40 UTC 2026
Cache sync 1 at Tue Mar 31 18:18:58 UTC 2026
Cache sync 2 at Tue Mar 31 18:18:58 UTC 2026
Cache sync 1 at Tue Mar 31 21:12:13 UTC 2026
Cache sync 2 at Tue Mar 31 21:12:13 UTC 2026
Cache sync 3 at Tue Mar 31 21:12:13 UTC 2026
Cache sync 4 at Tue Mar 31 21:12:13 UTC 2026
Cache sync 5 at Tue Mar 31 21:12:13 UTC 2026
Cache sync 6 at Tue Mar 31 21:12:13 UTC 2026
Cache sync 7 at Tue Mar 31 21:12:13 UTC 2026
Cache sync 8 at Tue Mar 31 21:12:13 UTC 2026
Cache sync 9 at Tue Mar 31 21:12:13 UTC 2026
Cache sync 10 at Tue Mar 31 21:12:13 UTC 2026
Cache sync 11 at Tue Mar 31 21:12:13 UTC 2026
Cache sync 12 at Tue Mar 31 21:12:13 UTC 2026
Cache sync 1 at Wed Apr  1 00:23:37 UTC 2026
Cache sync 2 at Wed Apr  1 00:23:37 UTC 2026
Cache sync 3 at Wed Apr  1 00:23:37 UTC 2026
Cache sync 4 at Wed Apr  1 00:23:37 UTC 2026
Cache sync 5 at Wed Apr  1 00:23:37 UTC 2026
Cache sync 6 at Wed Apr  1 00:23:37 UTC 2026
Cache sync 7 at Wed Apr  1 00:23:37 UTC 2026
Cache sync 8 at Wed Apr  1 00:23:37 UTC 2026
Cache sync 9 at Wed Apr  1 00:23:37 UTC 2026
Cache sync 10 at Wed Apr  1 00:23:37 UTC 2026
Cache sync 11 at Wed Apr  1 00:23:37 UTC 2026
Cache sync 12 at Wed Apr  1 00:23:37 UTC 2026
Cache sync 13 at Wed Apr  1 00:23:37 UTC 2026
Cache sync 14 at Wed Apr  1 00:23:37 UTC 2026
Cache sync 15 at Wed Apr  1 00:23:37 UTC 2026
Cache sync 16 at Wed Apr  1 00:23:37 UTC 2026
Cache sync 17 at Wed Apr  1 00:23:37 UTC 2026
Cache sync 18 at Wed Apr  1 00:23:37 UTC 2026
Cache sync 19 at Wed Apr  1 00:23:37 UTC 2026
Cache sync 20 at Wed Apr  1 00:23:37 UTC 2026
Cache sync 21 at Wed Apr  1 00:23:37 UTC 2026
Cache sync 22 at Wed Apr  1 00:23:37 UTC 2026
Cache sync 23 at Wed Apr  1 00:23:37 UTC 2026
Cache sync 24 at Wed Apr  1 00:23:38 UTC 2026
Cache sync 25 at Wed Apr  1 00:23:38 UTC 2026
Cache sync 26 at Wed Apr  1 00:23:38 UTC 2026
Cache sync 27 at Wed Apr  1 00:23:38 UTC 2026
Cache sync 28 at Wed Apr  1 00:23:38 UTC 2026
Cache sync 29 at Wed Apr  1 00:23:38 UTC 2026
Cache sync 30 at Wed Apr  1 00:23:38 UTC 2026
Cache sync 31 at Wed Apr  1 00:23:38 UTC 2026
Cache sync 32 at Wed Apr  1 00:23:38 UTC 2026
Cache sync 33 at Wed Apr  1 00:23:38 UTC 2026
Cache sync 34 at Wed Apr  1 00:23:38 UTC 2026
Cache sync 35 at Wed Apr  1 00:23:38 UTC 2026
Cache sync 36 at Wed Apr  1 00:23:38 UTC 2026
Cache sync 37 at Wed Apr  1 00:23:38 UTC 2026
Cache sync 38 at Wed Apr  1 00:23:38 UTC 2026
Cache sync 39 at Wed Apr  1 00:23:38 UTC 2026
Cache sync 40 at Wed Apr  1 00:23:38 UTC 2026
Cache sync 41 at Wed Apr  1 00:23:38 UTC 2026
Cache sync 42 at Wed Apr  1 00:23:38 UTC 2026
Cache sync 43 at Wed Apr  1 00:23:38 UTC 2026
Cache sync 44 at Wed Apr  1 00:23:38 UTC 2026
Cache sync 45 at Wed Apr  1 00:23:38 UTC 2026
Cache sync 46 at Wed Apr  1 00:23:38 UTC 2026
Cache sync 47 at Wed Apr  1 00:23:38 UTC 2026
Cache sync 48 at Wed Apr  1 00:23:38 UTC 2026
Cache sync 49 at Wed Apr  1 00:23:38 UTC 2026
Cache sync 50 at Wed Apr  1 00:23:38 UTC 2026
Cache sync 51 at Wed Apr  1 00:23:38 UTC 2026
Cache sync 52 at Wed Apr  1 00:23:38 UTC 2026
Cache sync 53 at Wed Apr  1 00:23:38 UTC 2026
Cache sync 54 at Wed Apr  1 00:23:38 UTC 2026
Cache sync 55 at Wed Apr  1 00:23:38 UTC 2026
Cache sync 56 at Wed Apr  1 00:23:38 UTC 2026
Cache sync 57 at Wed Apr  1 00:23:38 UTC 2026
Cache sync 58 at Wed Apr  1 00:23:38 UTC 2026
Cache sync 59 at Wed Apr  1 00:23:38 UTC 2026
Cache sync 60 at Wed Apr  1 00:23:38 UTC 2026
Cache sync 61 at Wed Apr  1 00:23:38 UTC 2026
Cache sync 62 at Wed Apr  1 00:23:38 UTC 2026
Cache sync 63 at Wed Apr  1 00:23:38 UTC 2026
Cache sync 64 at Wed Apr  1 00:23:38 UTC 2026
Cache sync 65 at Wed Apr  1 00:23:38 UTC 2026
Cache sync 66 at Wed Apr  1 00:23:38 UTC 2026
Cache sync 67 at Wed Apr  1 00:23:38 UTC 2026
Cache sync 68 at Wed Apr  1 00:23:38 UTC 2026
Cache sync 69 at Wed Apr  1 00:23:38 UTC 2026
Cache sync 70 at Wed Apr  1 00:23:38 UTC 2026
Cache sync 71 at Wed Apr  1 00:23:38 UTC 2026
Cache sync 72 at Wed Apr  1 00:23:38 UTC 2026
Cache sync 73 at Wed Apr  1 00:23:38 UTC 2026
Cache sync 74 at Wed Apr  1 00:23:38 UTC 2026
Cache sync 75 at Wed Apr  1 00:23:38 UTC 2026
Cache sync 76 at Wed Apr  1 00:23:38 UTC 2026
Cache sync 77 at Wed Apr  1 00:23:38 UTC 2026
Cache sync 78 at Wed Apr  1 00:23:38 UTC 2026
Cache sync 79 at Wed Apr  1 00:23:38 UTC 2026
Cache sync 1 at Wed Apr  1 06:34:12 UTC 2026
Cache sync 2 at Wed Apr  1 06:34:12 UTC 2026
Cache sync 3 at Wed Apr  1 06:34:12 UTC 2026
Cache sync 4 at Wed Apr  1 06:34:12 UTC 2026
Cache sync 5 at Wed Apr  1 06:34:12 UTC 2026
Cache sync 6 at Wed Apr  1 06:34:12 UTC 2026
Cache sync 7 at Wed Apr  1 06:34:12 UTC 2026
Cache sync 8 at Wed Apr  1 06:34:12 UTC 2026
Cache sync 9 at Wed Apr  1 06:34:12 UTC 2026
Cache sync 10 at Wed Apr  1 06:34:12 UTC 2026
Cache sync 11 at Wed Apr  1 06:34:12 UTC 2026
Cache sync 12 at Wed Apr  1 06:34:12 UTC 2026
Cache sync 13 at Wed Apr  1 06:34:12 UTC 2026
Cache sync 14 at Wed Apr  1 06:34:12 UTC 2026
Cache sync 15 at Wed Apr  1 06:34:13 UTC 2026
Cache sync 16 at Wed Apr  1 06:34:13 UTC 2026
Cache sync 17 at Wed Apr  1 06:34:13 UTC 2026
Cache sync 18 at Wed Apr  1 06:34:13 UTC 2026
Cache sync 19 at Wed Apr  1 06:34:13 UTC 2026
Cache sync 20 at Wed Apr  1 06:34:13 UTC 2026
Cache sync 21 at Wed Apr  1 06:34:13 UTC 2026
Cache sync 22 at Wed Apr  1 06:34:13 UTC 2026
Cache sync 23 at Wed Apr  1 06:34:13 UTC 2026
Cache sync 24 at Wed Apr  1 06:34:13 UTC 2026
Cache sync 25 at Wed Apr  1 06:34:13 UTC 2026
Cache sync 26 at Wed Apr  1 06:34:13 UTC 2026
Cache sync 27 at Wed Apr  1 06:34:13 UTC 2026
Cache sync 28 at Wed Apr  1 06:34:13 UTC 2026
Cache sync 29 at Wed Apr  1 06:34:13 UTC 2026
Cache sync 30 at Wed Apr  1 06:34:13 UTC 2026
Cache sync 31 at Wed Apr  1 06:34:13 UTC 2026
Cache sync 32 at Wed Apr  1 06:34:13 UTC 2026
Cache sync 33 at Wed Apr  1 06:34:13 UTC 2026
Cache sync 34 at Wed Apr  1 06:34:13 UTC 2026
Cache sync 1 at Wed Apr  1 09:26:01 UTC 2026
Cache sync 2 at Wed Apr  1 09:26:01 UTC 2026
Cache sync 3 at Wed Apr  1 09:26:01 UTC 2026
Cache sync 4 at Wed Apr  1 09:26:01 UTC 2026
Cache sync 5 at Wed Apr  1 09:26:01 UTC 2026
Cache sync 6 at Wed Apr  1 09:26:01 UTC 2026
Cache sync 7 at Wed Apr  1 09:26:01 UTC 2026
Cache sync 8 at Wed Apr  1 09:26:01 UTC 2026
Cache sync 9 at Wed Apr  1 09:26:01 UTC 2026
Cache sync 10 at Wed Apr  1 09:26:01 UTC 2026
Cache sync 11 at Wed Apr  1 09:26:01 UTC 2026
Cache sync 12 at Wed Apr  1 09:26:01 UTC 2026
Cache sync 13 at Wed Apr  1 09:26:01 UTC 2026
Cache sync 14 at Wed Apr  1 09:26:01 UTC 2026
Cache sync 15 at Wed Apr  1 09:26:01 UTC 2026
Cache sync 16 at Wed Apr  1 09:26:01 UTC 2026
Cache sync 17 at Wed Apr  1 09:26:01 UTC 2026
Cache sync 18 at Wed Apr  1 09:26:01 UTC 2026
Cache sync 19 at Wed Apr  1 09:26:01 UTC 2026
Cache sync 20 at Wed Apr  1 09:26:01 UTC 2026
Cache sync 21 at Wed Apr  1 09:26:01 UTC 2026
Cache sync 22 at Wed Apr  1 09:26:01 UTC 2026
Cache sync 23 at Wed Apr  1 09:26:01 UTC 2026
Cache sync 24 at Wed Apr  1 09:26:01 UTC 2026
Cache sync 25 at Wed Apr  1 09:26:01 UTC 2026
Cache sync 26 at Wed Apr  1 09:26:01 UTC 2026
Cache sync 27 at Wed Apr  1 09:26:01 UTC 2026
Cache sync 28 at Wed Apr  1 09:26:01 UTC 2026
Cache sync 29 at Wed Apr  1 09:26:01 UTC 2026
Cache sync 30 at Wed Apr  1 09:26:01 UTC 2026
Cache sync 31 at Wed Apr  1 09:26:01 UTC 2026
Cache sync 32 at Wed Apr  1 09:26:01 UTC 2026
Cache sync 33 at Wed Apr  1 09:26:01 UTC 2026
Cache sync 34 at Wed Apr  1 09:26:01 UTC 2026
Cache sync 35 at Wed Apr  1 09:26:01 UTC 2026
Cache sync 36 at Wed Apr  1 09:26:01 UTC 2026
Cache sync 37 at Wed Apr  1 09:26:01 UTC 2026
Cache sync 38 at Wed Apr  1 09:26:01 UTC 2026
Cache sync 39 at Wed Apr  1 09:26:01 UTC 2026
Cache sync 40 at Wed Apr  1 09:26:01 UTC 2026
Cache sync 41 at Wed Apr  1 09:26:01 UTC 2026
Cache sync 42 at Wed Apr  1 09:26:01 UTC 2026
Cache sync 43 at Wed Apr  1 09:26:01 UTC 2026
Cache sync 44 at Wed Apr  1 09:26:01 UTC 2026
Cache sync 45 at Wed Apr  1 09:26:01 UTC 2026
Cache sync 46 at Wed Apr  1 09:26:01 UTC 2026
Cache sync 47 at Wed Apr  1 09:26:01 UTC 2026
Cache sync 48 at Wed Apr  1 09:26:01 UTC 2026
Cache sync 49 at Wed Apr  1 09:26:01 UTC 2026
Cache sync 50 at Wed Apr  1 09:26:01 UTC 2026
Cache sync 51 at Wed Apr  1 09:26:01 UTC 2026
Cache sync 52 at Wed Apr  1 09:26:01 UTC 2026
Cache sync 53 at Wed Apr  1 09:26:01 UTC 2026
Cache sync 54 at Wed Apr  1 09:26:01 UTC 2026
Cache sync 55 at Wed Apr  1 09:26:01 UTC 2026
Cache sync 56 at Wed Apr  1 09:26:01 UTC 2026
Cache sync 57 at Wed Apr  1 09:26:01 UTC 2026
Cache sync 58 at Wed Apr  1 09:26:01 UTC 2026
Cache sync 59 at Wed Apr  1 09:26:01 UTC 2026
Cache sync 60 at Wed Apr  1 09:26:01 UTC 2026
Cache sync 61 at Wed Apr  1 09:26:01 UTC 2026
Cache sync 62 at Wed Apr  1 09:26:01 UTC 2026
Cache sync 63 at Wed Apr  1 09:26:01 UTC 2026
Cache sync 64 at Wed Apr  1 09:26:01 UTC 2026
Cache sync 65 at Wed Apr  1 09:26:02 UTC 2026
Cache sync 66 at Wed Apr  1 09:26:02 UTC 2026
Cache sync 67 at Wed Apr  1 09:26:02 UTC 2026
Cache sync 68 at Wed Apr  1 09:26:02 UTC 2026
Cache sync 69 at Wed Apr  1 09:26:02 UTC 2026
Cache sync 70 at Wed Apr  1 09:26:02 UTC 2026
Cache sync 71 at Wed Apr  1 09:26:02 UTC 2026
Cache sync 72 at Wed Apr  1 09:26:02 UTC 2026
Cache sync 73 at Wed Apr  1 09:26:02 UTC 2026
Cache sync 74 at Wed Apr  1 09:26:02 UTC 2026
Cache sync 1 at Wed Apr  1 12:18:11 UTC 2026
Cache sync 2 at Wed Apr  1 12:18:11 UTC 2026
Cache sync 3 at Wed Apr  1 12:18:11 UTC 2026
Cache sync 4 at Wed Apr  1 12:18:11 UTC 2026
Cache sync 5 at Wed Apr  1 12:18:11 UTC 2026
Cache sync 6 at Wed Apr  1 12:18:11 UTC 2026
Cache sync 7 at Wed Apr  1 12:18:11 UTC 2026
Cache sync 8 at Wed Apr  1 12:18:11 UTC 2026
Cache sync 9 at Wed Apr  1 12:18:11 UTC 2026
Cache sync 10 at Wed Apr  1 12:18:11 UTC 2026
Cache sync 1 at Wed Apr  1 15:29:01 UTC 2026
Cache sync 2 at Wed Apr  1 15:29:01 UTC 2026
Cache sync 3 at Wed Apr  1 15:29:01 UTC 2026
Cache sync 4 at Wed Apr  1 15:29:01 UTC 2026
Cache sync 5 at Wed Apr  1 15:29:01 UTC 2026
Cache sync 6 at Wed Apr  1 15:29:01 UTC 2026
Cache sync 7 at Wed Apr  1 15:29:01 UTC 2026
Cache sync 8 at Wed Apr  1 15:29:01 UTC 2026
Cache sync 9 at Wed Apr  1 15:29:01 UTC 2026
Cache sync 10 at Wed Apr  1 15:29:01 UTC 2026
Cache sync 11 at Wed Apr  1 15:29:01 UTC 2026
Cache sync 12 at Wed Apr  1 15:29:01 UTC 2026
Cache sync 13 at Wed Apr  1 15:29:01 UTC 2026
Cache sync 14 at Wed Apr  1 15:29:01 UTC 2026
Cache sync 15 at Wed Apr  1 15:29:01 UTC 2026
Cache sync 16 at Wed Apr  1 15:29:01 UTC 2026
Cache sync 17 at Wed Apr  1 15:29:01 UTC 2026
Cache sync 18 at Wed Apr  1 15:29:01 UTC 2026
Cache sync 19 at Wed Apr  1 15:29:01 UTC 2026
Cache sync 20 at Wed Apr  1 15:29:01 UTC 2026
Cache sync 21 at Wed Apr  1 15:29:01 UTC 2026
Cache sync 1 at Wed Apr  1 18:17:57 UTC 2026
Cache sync 2 at Wed Apr  1 18:17:57 UTC 2026
Cache sync 3 at Wed Apr  1 18:17:57 UTC 2026
Cache sync 4 at Wed Apr  1 18:17:57 UTC 2026
Cache sync 5 at Wed Apr  1 18:17:57 UTC 2026
Cache sync 6 at Wed Apr  1 18:17:57 UTC 2026
Cache sync 7 at Wed Apr  1 18:17:57 UTC 2026
Cache sync 8 at Wed Apr  1 18:17:57 UTC 2026
Cache sync 9 at Wed Apr  1 18:17:57 UTC 2026
Cache sync 10 at Wed Apr  1 18:17:57 UTC 2026
Cache sync 11 at Wed Apr  1 18:17:57 UTC 2026
Cache sync 12 at Wed Apr  1 18:17:57 UTC 2026
Cache sync 13 at Wed Apr  1 18:17:57 UTC 2026
Cache sync 14 at Wed Apr  1 18:17:57 UTC 2026
Cache sync 15 at Wed Apr  1 18:17:57 UTC 2026
Cache sync 16 at Wed Apr  1 18:17:57 UTC 2026
Cache sync 17 at Wed Apr  1 18:17:57 UTC 2026
Cache sync 18 at Wed Apr  1 18:17:57 UTC 2026
Cache sync 19 at Wed Apr  1 18:17:57 UTC 2026
Cache sync 20 at Wed Apr  1 18:17:57 UTC 2026
Cache sync 21 at Wed Apr  1 18:17:57 UTC 2026
Cache sync 22 at Wed Apr  1 18:17:57 UTC 2026
Cache sync 23 at Wed Apr  1 18:17:57 UTC 2026
Cache sync 24 at Wed Apr  1 18:17:57 UTC 2026
Cache sync 25 at Wed Apr  1 18:17:57 UTC 2026
Cache sync 26 at Wed Apr  1 18:17:57 UTC 2026
Cache sync 27 at Wed Apr  1 18:17:57 UTC 2026
Cache sync 28 at Wed Apr  1 18:17:57 UTC 2026
Cache sync 29 at Wed Apr  1 18:17:57 UTC 2026
Cache sync 30 at Wed Apr  1 18:17:57 UTC 2026
Cache sync 31 at Wed Apr  1 18:17:57 UTC 2026
Cache sync 32 at Wed Apr  1 18:17:57 UTC 2026
Cache sync 33 at Wed Apr  1 18:17:57 UTC 2026
Cache sync 34 at Wed Apr  1 18:17:57 UTC 2026
Cache sync 1 at Wed Apr  1 21:15:20 UTC 2026
Cache sync 2 at Wed Apr  1 21:15:20 UTC 2026
Cache sync 3 at Wed Apr  1 21:15:20 UTC 2026
Cache sync 4 at Wed Apr  1 21:15:20 UTC 2026
Cache sync 5 at Wed Apr  1 21:15:20 UTC 2026
Cache sync 1 at Thu Apr  2 00:19:50 UTC 2026
Cache sync 2 at Thu Apr  2 00:19:50 UTC 2026
Cache sync 3 at Thu Apr  2 00:19:50 UTC 2026
Cache sync 4 at Thu Apr  2 00:19:50 UTC 2026
Cache sync 5 at Thu Apr  2 00:19:50 UTC 2026
Cache sync 6 at Thu Apr  2 00:19:50 UTC 2026
Cache sync 7 at Thu Apr  2 00:19:50 UTC 2026
Cache sync 8 at Thu Apr  2 00:19:50 UTC 2026
Cache sync 9 at Thu Apr  2 00:19:50 UTC 2026
Cache sync 10 at Thu Apr  2 00:19:50 UTC 2026
Cache sync 11 at Thu Apr  2 00:19:50 UTC 2026
Cache sync 12 at Thu Apr  2 00:19:50 UTC 2026
Cache sync 13 at Thu Apr  2 00:19:50 UTC 2026
Cache sync 14 at Thu Apr  2 00:19:50 UTC 2026
Cache sync 15 at Thu Apr  2 00:19:50 UTC 2026
Cache sync 16 at Thu Apr  2 00:19:50 UTC 2026
Cache sync 17 at Thu Apr  2 00:19:50 UTC 2026
Cache sync 18 at Thu Apr  2 00:19:50 UTC 2026
Cache sync 19 at Thu Apr  2 00:19:50 UTC 2026
Cache sync 20 at Thu Apr  2 00:19:50 UTC 2026
Cache sync 21 at Thu Apr  2 00:19:50 UTC 2026
Cache sync 22 at Thu Apr  2 00:19:50 UTC 2026
Cache sync 23 at Thu Apr  2 00:19:50 UTC 2026
Cache sync 24 at Thu Apr  2 00:19:50 UTC 2026
Cache sync 25 at Thu Apr  2 00:19:50 UTC 2026
Cache sync 26 at Thu Apr  2 00:19:50 UTC 2026
Cache sync 27 at Thu Apr  2 00:19:50 UTC 2026
Cache sync 28 at Thu Apr  2 00:19:50 UTC 2026
Cache sync 29 at Thu Apr  2 00:19:50 UTC 2026
Cache sync 30 at Thu Apr  2 00:19:50 UTC 2026
Cache sync 31 at Thu Apr  2 00:19:50 UTC 2026
Cache sync 32 at Thu Apr  2 00:19:50 UTC 2026
Cache sync 33 at Thu Apr  2 00:19:50 UTC 2026
Cache sync 34 at Thu Apr  2 00:19:50 UTC 2026
Cache sync 35 at Thu Apr  2 00:19:50 UTC 2026
Cache sync 36 at Thu Apr  2 00:19:50 UTC 2026
Cache sync 37 at Thu Apr  2 00:19:50 UTC 2026
Cache sync 38 at Thu Apr  2 00:19:50 UTC 2026
Cache sync 39 at Thu Apr  2 00:19:50 UTC 2026
Cache sync 40 at Thu Apr  2 00:19:50 UTC 2026
Cache sync 41 at Thu Apr  2 00:19:50 UTC 2026
Cache sync 42 at Thu Apr  2 00:19:50 UTC 2026
Cache sync 43 at Thu Apr  2 00:19:50 UTC 2026
Cache sync 44 at Thu Apr  2 00:19:50 UTC 2026
Cache sync 45 at Thu Apr  2 00:19:50 UTC 2026
Cache sync 46 at Thu Apr  2 00:19:50 UTC 2026
Cache sync 47 at Thu Apr  2 00:19:50 UTC 2026
Cache sync 48 at Thu Apr  2 00:19:50 UTC 2026
Cache sync 49 at Thu Apr  2 00:19:50 UTC 2026
Cache sync 50 at Thu Apr  2 00:19:50 UTC 2026
Cache sync 1 at Thu Apr  2 03:55:35 UTC 2026
Cache sync 2 at Thu Apr  2 03:55:35 UTC 2026
Cache sync 3 at Thu Apr  2 03:55:35 UTC 2026
Cache sync 4 at Thu Apr  2 03:55:35 UTC 2026
Cache sync 5 at Thu Apr  2 03:55:35 UTC 2026
Cache sync 6 at Thu Apr  2 03:55:35 UTC 2026
Cache sync 7 at Thu Apr  2 03:55:35 UTC 2026
Cache sync 8 at Thu Apr  2 03:55:35 UTC 2026
Cache sync 9 at Thu Apr  2 03:55:35 UTC 2026
Cache sync 10 at Thu Apr  2 03:55:35 UTC 2026
Cache sync 11 at Thu Apr  2 03:55:35 UTC 2026
Cache sync 12 at Thu Apr  2 03:55:35 UTC 2026
Cache sync 13 at Thu Apr  2 03:55:35 UTC 2026
Cache sync 14 at Thu Apr  2 03:55:35 UTC 2026
Cache sync 15 at Thu Apr  2 03:55:35 UTC 2026
Cache sync 16 at Thu Apr  2 03:55:35 UTC 2026
Cache sync 17 at Thu Apr  2 03:55:35 UTC 2026
Cache sync 18 at Thu Apr  2 03:55:35 UTC 2026
Cache sync 19 at Thu Apr  2 03:55:35 UTC 2026
Cache sync 20 at Thu Apr  2 03:55:35 UTC 2026
Cache sync 21 at Thu Apr  2 03:55:35 UTC 2026
Cache sync 22 at Thu Apr  2 03:55:35 UTC 2026
Cache sync 23 at Thu Apr  2 03:55:35 UTC 2026
Cache sync 24 at Thu Apr  2 03:55:35 UTC 2026
Cache sync 25 at Thu Apr  2 03:55:35 UTC 2026
Cache sync 26 at Thu Apr  2 03:55:36 UTC 2026
Cache sync 27 at Thu Apr  2 03:55:36 UTC 2026
Cache sync 28 at Thu Apr  2 03:55:36 UTC 2026
Cache sync 29 at Thu Apr  2 03:55:36 UTC 2026
Cache sync 30 at Thu Apr  2 03:55:36 UTC 2026
Cache sync 31 at Thu Apr  2 03:55:36 UTC 2026
Cache sync 32 at Thu Apr  2 03:55:36 UTC 2026
Cache sync 33 at Thu Apr  2 03:55:36 UTC 2026
Cache sync 34 at Thu Apr  2 03:55:36 UTC 2026
Cache sync 35 at Thu Apr  2 03:55:36 UTC 2026
Cache sync 36 at Thu Apr  2 03:55:36 UTC 2026
Cache sync 37 at Thu Apr  2 03:55:36 UTC 2026
Cache sync 38 at Thu Apr  2 03:55:36 UTC 2026
Cache sync 39 at Thu Apr  2 03:55:36 UTC 2026
Cache sync 40 at Thu Apr  2 03:55:36 UTC 2026
Cache sync 41 at Thu Apr  2 03:55:36 UTC 2026
Cache sync 42 at Thu Apr  2 03:55:36 UTC 2026
Cache sync 43 at Thu Apr  2 03:55:36 UTC 2026
Cache sync 44 at Thu Apr  2 03:55:36 UTC 2026
Cache sync 45 at Thu Apr  2 03:55:36 UTC 2026
Cache sync 46 at Thu Apr  2 03:55:36 UTC 2026
Cache sync 47 at Thu Apr  2 03:55:36 UTC 2026
Cache sync 48 at Thu Apr  2 03:55:36 UTC 2026
Cache sync 49 at Thu Apr  2 03:55:36 UTC 2026
Cache sync 50 at Thu Apr  2 03:55:36 UTC 2026
Cache sync 51 at Thu Apr  2 03:55:36 UTC 2026
Cache sync 52 at Thu Apr  2 03:55:36 UTC 2026
Cache sync 53 at Thu Apr  2 03:55:36 UTC 2026
Cache sync 54 at Thu Apr  2 03:55:36 UTC 2026
Cache sync 55 at Thu Apr  2 03:55:36 UTC 2026
Cache sync 56 at Thu Apr  2 03:55:36 UTC 2026
Cache sync 57 at Thu Apr  2 03:55:36 UTC 2026
Cache sync 58 at Thu Apr  2 03:55:36 UTC 2026
Cache sync 59 at Thu Apr  2 03:55:36 UTC 2026
Cache sync 60 at Thu Apr  2 03:55:36 UTC 2026
Cache sync 61 at Thu Apr  2 03:55:36 UTC 2026
Cache sync 62 at Thu Apr  2 03:55:36 UTC 2026
Cache sync 63 at Thu Apr  2 03:55:36 UTC 2026
Cache sync 64 at Thu Apr  2 03:55:36 UTC 2026
Cache sync 65 at Thu Apr  2 03:55:36 UTC 2026
Cache sync 66 at Thu Apr  2 03:55:36 UTC 2026
Cache sync 67 at Thu Apr  2 03:55:36 UTC 2026
Cache sync 68 at Thu Apr  2 03:55:36 UTC 2026
Cache sync 69 at Thu Apr  2 03:55:36 UTC 2026
Cache sync 70 at Thu Apr  2 03:55:36 UTC 2026
Cache sync 1 at Thu Apr  2 06:25:35 UTC 2026
Cache sync 2 at Thu Apr  2 06:25:35 UTC 2026
Cache sync 3 at Thu Apr  2 06:25:35 UTC 2026
Cache sync 4 at Thu Apr  2 06:25:35 UTC 2026
Cache sync 5 at Thu Apr  2 06:25:35 UTC 2026
Cache sync 6 at Thu Apr  2 06:25:35 UTC 2026
Cache sync 7 at Thu Apr  2 06:25:35 UTC 2026
Cache sync 8 at Thu Apr  2 06:25:35 UTC 2026
Cache sync 9 at Thu Apr  2 06:25:35 UTC 2026
Cache sync 10 at Thu Apr  2 06:25:35 UTC 2026
Cache sync 11 at Thu Apr  2 06:25:35 UTC 2026
Cache sync 12 at Thu Apr  2 06:25:35 UTC 2026
Cache sync 13 at Thu Apr  2 06:25:35 UTC 2026
Cache sync 14 at Thu Apr  2 06:25:35 UTC 2026
Cache sync 15 at Thu Apr  2 06:25:35 UTC 2026
Cache sync 16 at Thu Apr  2 06:25:35 UTC 2026
Cache sync 17 at Thu Apr  2 06:25:35 UTC 2026
Cache sync 18 at Thu Apr  2 06:25:35 UTC 2026
Cache sync 19 at Thu Apr  2 06:25:35 UTC 2026
Cache sync 20 at Thu Apr  2 06:25:35 UTC 2026
Cache sync 21 at Thu Apr  2 06:25:35 UTC 2026
Cache sync 22 at Thu Apr  2 06:25:35 UTC 2026
Cache sync 23 at Thu Apr  2 06:25:35 UTC 2026
Cache sync 24 at Thu Apr  2 06:25:35 UTC 2026
Cache sync 25 at Thu Apr  2 06:25:35 UTC 2026
Cache sync 26 at Thu Apr  2 06:25:35 UTC 2026
Cache sync 27 at Thu Apr  2 06:25:35 UTC 2026
Cache sync 28 at Thu Apr  2 06:25:35 UTC 2026
Cache sync 29 at Thu Apr  2 06:25:35 UTC 2026
Cache sync 30 at Thu Apr  2 06:25:35 UTC 2026
Cache sync 31 at Thu Apr  2 06:25:35 UTC 2026
Cache sync 32 at Thu Apr  2 06:25:35 UTC 2026
Cache sync 33 at Thu Apr  2 06:25:35 UTC 2026
Cache sync 34 at Thu Apr  2 06:25:35 UTC 2026
Cache sync 35 at Thu Apr  2 06:25:35 UTC 2026
Cache sync 36 at Thu Apr  2 06:25:35 UTC 2026
Cache sync 37 at Thu Apr  2 06:25:35 UTC 2026
Cache sync 38 at Thu Apr  2 06:25:35 UTC 2026
Cache sync 39 at Thu Apr  2 06:25:35 UTC 2026
Cache sync 40 at Thu Apr  2 06:25:35 UTC 2026
Cache sync 41 at Thu Apr  2 06:25:35 UTC 2026
Cache sync 42 at Thu Apr  2 06:25:35 UTC 2026
Cache sync 43 at Thu Apr  2 06:25:35 UTC 2026
Cache sync 44 at Thu Apr  2 06:25:35 UTC 2026
Cache sync 45 at Thu Apr  2 06:25:35 UTC 2026
Cache sync 46 at Thu Apr  2 06:25:35 UTC 2026
Cache sync 47 at Thu Apr  2 06:25:35 UTC 2026
Cache sync 48 at Thu Apr  2 06:25:35 UTC 2026
Cache sync 49 at Thu Apr  2 06:25:35 UTC 2026
Cache sync 50 at Thu Apr  2 06:25:35 UTC 2026
Cache sync 51 at Thu Apr  2 06:25:35 UTC 2026
Cache sync 52 at Thu Apr  2 06:25:35 UTC 2026
Cache sync 53 at Thu Apr  2 06:25:35 UTC 2026
Cache sync 54 at Thu Apr  2 06:25:35 UTC 2026
Cache sync 55 at Thu Apr  2 06:25:35 UTC 2026
Cache sync 56 at Thu Apr  2 06:25:35 UTC 2026
Cache sync 1 at Thu Apr  2 09:21:53 UTC 2026
Cache sync 2 at Thu Apr  2 09:21:53 UTC 2026
Cache sync 3 at Thu Apr  2 09:21:53 UTC 2026
Cache sync 4 at Thu Apr  2 09:21:53 UTC 2026
Cache sync 5 at Thu Apr  2 09:21:53 UTC 2026
Cache sync 6 at Thu Apr  2 09:21:54 UTC 2026
Cache sync 7 at Thu Apr  2 09:21:54 UTC 2026
Cache sync 8 at Thu Apr  2 09:21:54 UTC 2026
Cache sync 9 at Thu Apr  2 09:21:54 UTC 2026
Cache sync 10 at Thu Apr  2 09:21:54 UTC 2026
Cache sync 11 at Thu Apr  2 09:21:54 UTC 2026
Cache sync 12 at Thu Apr  2 09:21:54 UTC 2026
Cache sync 13 at Thu Apr  2 09:21:54 UTC 2026
Cache sync 14 at Thu Apr  2 09:21:54 UTC 2026
Cache sync 15 at Thu Apr  2 09:21:54 UTC 2026
Cache sync 16 at Thu Apr  2 09:21:54 UTC 2026
Cache sync 17 at Thu Apr  2 09:21:54 UTC 2026
Cache sync 18 at Thu Apr  2 09:21:54 UTC 2026
Cache sync 19 at Thu Apr  2 09:21:54 UTC 2026
Cache sync 20 at Thu Apr  2 09:21:54 UTC 2026
Cache sync 21 at Thu Apr  2 09:21:54 UTC 2026
Cache sync 22 at Thu Apr  2 09:21:54 UTC 2026
Cache sync 23 at Thu Apr  2 09:21:54 UTC 2026
Cache sync 24 at Thu Apr  2 09:21:54 UTC 2026
Cache sync 25 at Thu Apr  2 09:21:54 UTC 2026
Cache sync 26 at Thu Apr  2 09:21:54 UTC 2026
Cache sync 27 at Thu Apr  2 09:21:54 UTC 2026
Cache sync 28 at Thu Apr  2 09:21:54 UTC 2026
Cache sync 29 at Thu Apr  2 09:21:54 UTC 2026
Cache sync 30 at Thu Apr  2 09:21:54 UTC 2026
Cache sync 31 at Thu Apr  2 09:21:54 UTC 2026
Cache sync 32 at Thu Apr  2 09:21:54 UTC 2026
Cache sync 1 at Thu Apr  2 12:17:16 UTC 2026
Cache sync 2 at Thu Apr  2 12:17:16 UTC 2026
Cache sync 3 at Thu Apr  2 12:17:16 UTC 2026
Cache sync 4 at Thu Apr  2 12:17:16 UTC 2026
Cache sync 5 at Thu Apr  2 12:17:16 UTC 2026
Cache sync 6 at Thu Apr  2 12:17:16 UTC 2026
Cache sync 7 at Thu Apr  2 12:17:16 UTC 2026
Cache sync 8 at Thu Apr  2 12:17:16 UTC 2026
Cache sync 9 at Thu Apr  2 12:17:16 UTC 2026
Cache sync 10 at Thu Apr  2 12:17:16 UTC 2026
Cache sync 11 at Thu Apr  2 12:17:16 UTC 2026
Cache sync 12 at Thu Apr  2 12:17:16 UTC 2026
Cache sync 13 at Thu Apr  2 12:17:16 UTC 2026
Cache sync 14 at Thu Apr  2 12:17:16 UTC 2026
Cache sync 15 at Thu Apr  2 12:17:16 UTC 2026
Cache sync 16 at Thu Apr  2 12:17:16 UTC 2026
Cache sync 17 at Thu Apr  2 12:17:16 UTC 2026
Cache sync 18 at Thu Apr  2 12:17:16 UTC 2026
Cache sync 19 at Thu Apr  2 12:17:16 UTC 2026
Cache sync 20 at Thu Apr  2 12:17:16 UTC 2026
Cache sync 21 at Thu Apr  2 12:17:16 UTC 2026
Cache sync 22 at Thu Apr  2 12:17:16 UTC 2026
Cache sync 23 at Thu Apr  2 12:17:16 UTC 2026
Cache sync 24 at Thu Apr  2 12:17:16 UTC 2026
Cache sync 25 at Thu Apr  2 12:17:16 UTC 2026
Cache sync 26 at Thu Apr  2 12:17:16 UTC 2026
Cache sync 27 at Thu Apr  2 12:17:16 UTC 2026
Cache sync 28 at Thu Apr  2 12:17:16 UTC 2026
Cache sync 29 at Thu Apr  2 12:17:16 UTC 2026
Cache sync 30 at Thu Apr  2 12:17:16 UTC 2026
Cache sync 31 at Thu Apr  2 12:17:16 UTC 2026
Cache sync 32 at Thu Apr  2 12:17:16 UTC 2026
Cache sync 33 at Thu Apr  2 12:17:16 UTC 2026
Cache sync 34 at Thu Apr  2 12:17:16 UTC 2026
Cache sync 35 at Thu Apr  2 12:17:16 UTC 2026
Cache sync 36 at Thu Apr  2 12:17:16 UTC 2026
Cache sync 37 at Thu Apr  2 12:17:16 UTC 2026
Cache sync 1 at Thu Apr  2 15:22:21 UTC 2026
Cache sync 2 at Thu Apr  2 15:22:21 UTC 2026
Cache sync 1 at Thu Apr  2 18:16:51 UTC 2026
Cache sync 2 at Thu Apr  2 18:16:51 UTC 2026
Cache sync 3 at Thu Apr  2 18:16:51 UTC 2026
Cache sync 4 at Thu Apr  2 18:16:51 UTC 2026
Cache sync 5 at Thu Apr  2 18:16:51 UTC 2026
Cache sync 6 at Thu Apr  2 18:16:51 UTC 2026
Cache sync 7 at Thu Apr  2 18:16:51 UTC 2026
Cache sync 8 at Thu Apr  2 18:16:51 UTC 2026
Cache sync 9 at Thu Apr  2 18:16:51 UTC 2026
Cache sync 10 at Thu Apr  2 18:16:51 UTC 2026
Cache sync 11 at Thu Apr  2 18:16:51 UTC 2026
Cache sync 12 at Thu Apr  2 18:16:51 UTC 2026
Cache sync 13 at Thu Apr  2 18:16:51 UTC 2026
Cache sync 14 at Thu Apr  2 18:16:51 UTC 2026
Cache sync 15 at Thu Apr  2 18:16:51 UTC 2026
Cache sync 16 at Thu Apr  2 18:16:51 UTC 2026
Cache sync 17 at Thu Apr  2 18:16:51 UTC 2026
Cache sync 18 at Thu Apr  2 18:16:51 UTC 2026
Cache sync 19 at Thu Apr  2 18:16:51 UTC 2026
Cache sync 20 at Thu Apr  2 18:16:51 UTC 2026
Cache sync 21 at Thu Apr  2 18:16:51 UTC 2026
Cache sync 22 at Thu Apr  2 18:16:51 UTC 2026
Cache sync 23 at Thu Apr  2 18:16:51 UTC 2026
Cache sync 24 at Thu Apr  2 18:16:51 UTC 2026
Cache sync 25 at Thu Apr  2 18:16:51 UTC 2026
Cache sync 26 at Thu Apr  2 18:16:51 UTC 2026
Cache sync 27 at Thu Apr  2 18:16:51 UTC 2026
Cache sync 28 at Thu Apr  2 18:16:51 UTC 2026
Cache sync 29 at Thu Apr  2 18:16:51 UTC 2026
Cache sync 30 at Thu Apr  2 18:16:51 UTC 2026
Cache sync 31 at Thu Apr  2 18:16:51 UTC 2026
Cache sync 32 at Thu Apr  2 18:16:51 UTC 2026
Cache sync 33 at Thu Apr  2 18:16:51 UTC 2026
Cache sync 34 at Thu Apr  2 18:16:51 UTC 2026
Cache sync 35 at Thu Apr  2 18:16:51 UTC 2026
Cache sync 36 at Thu Apr  2 18:16:51 UTC 2026
Cache sync 37 at Thu Apr  2 18:16:51 UTC 2026
Cache sync 38 at Thu Apr  2 18:16:51 UTC 2026
Cache sync 39 at Thu Apr  2 18:16:51 UTC 2026
Cache sync 40 at Thu Apr  2 18:16:51 UTC 2026
Cache sync 41 at Thu Apr  2 18:16:51 UTC 2026
Cache sync 42 at Thu Apr  2 18:16:51 UTC 2026
Cache sync 43 at Thu Apr  2 18:16:51 UTC 2026
Cache sync 44 at Thu Apr  2 18:16:51 UTC 2026
Cache sync 45 at Thu Apr  2 18:16:51 UTC 2026
Cache sync 46 at Thu Apr  2 18:16:51 UTC 2026
Cache sync 47 at Thu Apr  2 18:16:51 UTC 2026
Cache sync 48 at Thu Apr  2 18:16:51 UTC 2026
Cache sync 49 at Thu Apr  2 18:16:51 UTC 2026
Cache sync 50 at Thu Apr  2 18:16:51 UTC 2026
Cache sync 51 at Thu Apr  2 18:16:51 UTC 2026
Cache sync 52 at Thu Apr  2 18:16:51 UTC 2026
Cache sync 53 at Thu Apr  2 18:16:51 UTC 2026
Cache sync 54 at Thu Apr  2 18:16:51 UTC 2026
Cache sync 55 at Thu Apr  2 18:16:51 UTC 2026
Cache sync 56 at Thu Apr  2 18:16:51 UTC 2026
Cache sync 1 at Thu Apr  2 21:11:07 UTC 2026
Cache sync 2 at Thu Apr  2 21:11:07 UTC 2026
Cache sync 3 at Thu Apr  2 21:11:07 UTC 2026
Cache sync 4 at Thu Apr  2 21:11:07 UTC 2026
Cache sync 5 at Thu Apr  2 21:11:07 UTC 2026
Cache sync 1 at Fri Apr  3 00:21:10 UTC 2026
Cache sync 2 at Fri Apr  3 00:21:10 UTC 2026
Cache sync 3 at Fri Apr  3 00:21:10 UTC 2026
Cache sync 4 at Fri Apr  3 00:21:10 UTC 2026
Cache sync 5 at Fri Apr  3 00:21:10 UTC 2026
Cache sync 6 at Fri Apr  3 00:21:10 UTC 2026
Cache sync 7 at Fri Apr  3 00:21:10 UTC 2026
Cache sync 8 at Fri Apr  3 00:21:10 UTC 2026
Cache sync 9 at Fri Apr  3 00:21:10 UTC 2026
Cache sync 10 at Fri Apr  3 00:21:10 UTC 2026
Cache sync 11 at Fri Apr  3 00:21:10 UTC 2026
Cache sync 12 at Fri Apr  3 00:21:10 UTC 2026
Cache sync 13 at Fri Apr  3 00:21:10 UTC 2026
Cache sync 14 at Fri Apr  3 00:21:10 UTC 2026
Cache sync 15 at Fri Apr  3 00:21:10 UTC 2026
Cache sync 16 at Fri Apr  3 00:21:10 UTC 2026
Cache sync 1 at Fri Apr  3 03:55:54 UTC 2026
Cache sync 2 at Fri Apr  3 03:55:54 UTC 2026
Cache sync 3 at Fri Apr  3 03:55:54 UTC 2026
Cache sync 4 at Fri Apr  3 03:55:54 UTC 2026
Cache sync 5 at Fri Apr  3 03:55:54 UTC 2026
Cache sync 6 at Fri Apr  3 03:55:54 UTC 2026
Cache sync 7 at Fri Apr  3 03:55:54 UTC 2026
Cache sync 8 at Fri Apr  3 03:55:54 UTC 2026
Cache sync 9 at Fri Apr  3 03:55:54 UTC 2026
Cache sync 10 at Fri Apr  3 03:55:54 UTC 2026
Cache sync 11 at Fri Apr  3 03:55:54 UTC 2026
Cache sync 12 at Fri Apr  3 03:55:54 UTC 2026
Cache sync 13 at Fri Apr  3 03:55:54 UTC 2026
Cache sync 14 at Fri Apr  3 03:55:54 UTC 2026
Cache sync 15 at Fri Apr  3 03:55:54 UTC 2026
Cache sync 16 at Fri Apr  3 03:55:54 UTC 2026
Cache sync 17 at Fri Apr  3 03:55:54 UTC 2026
Cache sync 18 at Fri Apr  3 03:55:54 UTC 2026
Cache sync 19 at Fri Apr  3 03:55:54 UTC 2026
Cache sync 20 at Fri Apr  3 03:55:54 UTC 2026
Cache sync 21 at Fri Apr  3 03:55:54 UTC 2026
Cache sync 22 at Fri Apr  3 03:55:54 UTC 2026
Cache sync 23 at Fri Apr  3 03:55:54 UTC 2026
Cache sync 24 at Fri Apr  3 03:55:54 UTC 2026
Cache sync 25 at Fri Apr  3 03:55:54 UTC 2026
Cache sync 26 at Fri Apr  3 03:55:54 UTC 2026
Cache sync 27 at Fri Apr  3 03:55:54 UTC 2026
Cache sync 28 at Fri Apr  3 03:55:54 UTC 2026
Cache sync 1 at Fri Apr  3 06:25:07 UTC 2026
Cache sync 2 at Fri Apr  3 06:25:07 UTC 2026
Cache sync 3 at Fri Apr  3 06:25:07 UTC 2026
Cache sync 4 at Fri Apr  3 06:25:07 UTC 2026
Cache sync 5 at Fri Apr  3 06:25:07 UTC 2026
Cache sync 6 at Fri Apr  3 06:25:08 UTC 2026
Cache sync 7 at Fri Apr  3 06:25:08 UTC 2026
Cache sync 8 at Fri Apr  3 06:25:08 UTC 2026
Cache sync 9 at Fri Apr  3 06:25:08 UTC 2026
Cache sync 10 at Fri Apr  3 06:25:08 UTC 2026
Cache sync 11 at Fri Apr  3 06:25:08 UTC 2026
Cache sync 12 at Fri Apr  3 06:25:08 UTC 2026
Cache sync 13 at Fri Apr  3 06:25:08 UTC 2026
Cache sync 14 at Fri Apr  3 06:25:08 UTC 2026
Cache sync 15 at Fri Apr  3 06:25:08 UTC 2026
Cache sync 16 at Fri Apr  3 06:25:08 UTC 2026
Cache sync 17 at Fri Apr  3 06:25:08 UTC 2026
Cache sync 18 at Fri Apr  3 06:25:08 UTC 2026
Cache sync 19 at Fri Apr  3 06:25:08 UTC 2026
Cache sync 20 at Fri Apr  3 06:25:08 UTC 2026
Cache sync 21 at Fri Apr  3 06:25:08 UTC 2026
Cache sync 22 at Fri Apr  3 06:25:08 UTC 2026
Cache sync 23 at Fri Apr  3 06:25:08 UTC 2026
Cache sync 24 at Fri Apr  3 06:25:08 UTC 2026
Cache sync 25 at Fri Apr  3 06:25:08 UTC 2026
Cache sync 26 at Fri Apr  3 06:25:08 UTC 2026
Cache sync 27 at Fri Apr  3 06:25:08 UTC 2026
Cache sync 28 at Fri Apr  3 06:25:08 UTC 2026
Cache sync 29 at Fri Apr  3 06:25:08 UTC 2026
Cache sync 30 at Fri Apr  3 06:25:08 UTC 2026
Cache sync 31 at Fri Apr  3 06:25:08 UTC 2026
Cache sync 32 at Fri Apr  3 06:25:08 UTC 2026
Cache sync 33 at Fri Apr  3 06:25:08 UTC 2026
Cache sync 34 at Fri Apr  3 06:25:08 UTC 2026
Cache sync 35 at Fri Apr  3 06:25:08 UTC 2026
Cache sync 36 at Fri Apr  3 06:25:08 UTC 2026
Cache sync 37 at Fri Apr  3 06:25:08 UTC 2026
Cache sync 38 at Fri Apr  3 06:25:08 UTC 2026
Cache sync 39 at Fri Apr  3 06:25:08 UTC 2026
Cache sync 40 at Fri Apr  3 06:25:08 UTC 2026
Cache sync 41 at Fri Apr  3 06:25:08 UTC 2026
Cache sync 42 at Fri Apr  3 06:25:08 UTC 2026
Cache sync 43 at Fri Apr  3 06:25:08 UTC 2026
Cache sync 44 at Fri Apr  3 06:25:08 UTC 2026
Cache sync 45 at Fri Apr  3 06:25:08 UTC 2026
Cache sync 46 at Fri Apr  3 06:25:08 UTC 2026
Cache sync 47 at Fri Apr  3 06:25:08 UTC 2026
Cache sync 48 at Fri Apr  3 06:25:08 UTC 2026
Cache sync 49 at Fri Apr  3 06:25:08 UTC 2026
Cache sync 50 at Fri Apr  3 06:25:08 UTC 2026
Cache sync 51 at Fri Apr  3 06:25:08 UTC 2026
Cache sync 52 at Fri Apr  3 06:25:08 UTC 2026
Cache sync 53 at Fri Apr  3 06:25:08 UTC 2026
Cache sync 54 at Fri Apr  3 06:25:08 UTC 2026
Cache sync 55 at Fri Apr  3 06:25:08 UTC 2026
Cache sync 1 at Fri Apr  3 09:18:48 UTC 2026
Cache sync 2 at Fri Apr  3 09:18:48 UTC 2026
Cache sync 3 at Fri Apr  3 09:18:48 UTC 2026
Cache sync 4 at Fri Apr  3 09:18:48 UTC 2026
Cache sync 5 at Fri Apr  3 09:18:48 UTC 2026
Cache sync 6 at Fri Apr  3 09:18:48 UTC 2026
Cache sync 7 at Fri Apr  3 09:18:48 UTC 2026
Cache sync 1 at Fri Apr  3 12:12:15 UTC 2026
Cache sync 2 at Fri Apr  3 12:12:15 UTC 2026
Cache sync 3 at Fri Apr  3 12:12:15 UTC 2026
Cache sync 4 at Fri Apr  3 12:12:15 UTC 2026
Cache sync 5 at Fri Apr  3 12:12:15 UTC 2026
Cache sync 6 at Fri Apr  3 12:12:15 UTC 2026
Cache sync 7 at Fri Apr  3 12:12:15 UTC 2026
Cache sync 8 at Fri Apr  3 12:12:15 UTC 2026
Cache sync 9 at Fri Apr  3 12:12:15 UTC 2026
Cache sync 10 at Fri Apr  3 12:12:15 UTC 2026
Cache sync 11 at Fri Apr  3 12:12:15 UTC 2026
Cache sync 12 at Fri Apr  3 12:12:15 UTC 2026
Cache sync 13 at Fri Apr  3 12:12:15 UTC 2026
Cache sync 14 at Fri Apr  3 12:12:15 UTC 2026
Cache sync 15 at Fri Apr  3 12:12:15 UTC 2026
Cache sync 16 at Fri Apr  3 12:12:15 UTC 2026
Cache sync 17 at Fri Apr  3 12:12:15 UTC 2026
Cache sync 18 at Fri Apr  3 12:12:15 UTC 2026
Cache sync 19 at Fri Apr  3 12:12:15 UTC 2026
Cache sync 20 at Fri Apr  3 12:12:15 UTC 2026
Cache sync 21 at Fri Apr  3 12:12:15 UTC 2026
Cache sync 22 at Fri Apr  3 12:12:15 UTC 2026
Cache sync 23 at Fri Apr  3 12:12:15 UTC 2026
Cache sync 24 at Fri Apr  3 12:12:15 UTC 2026
Cache sync 25 at Fri Apr  3 12:12:15 UTC 2026
Cache sync 26 at Fri Apr  3 12:12:15 UTC 2026
Cache sync 27 at Fri Apr  3 12:12:15 UTC 2026
Cache sync 28 at Fri Apr  3 12:12:15 UTC 2026
Cache sync 29 at Fri Apr  3 12:12:15 UTC 2026
Cache sync 30 at Fri Apr  3 12:12:15 UTC 2026
Cache sync 31 at Fri Apr  3 12:12:15 UTC 2026
Cache sync 32 at Fri Apr  3 12:12:15 UTC 2026
Cache sync 33 at Fri Apr  3 12:12:15 UTC 2026
Cache sync 34 at Fri Apr  3 12:12:15 UTC 2026
Cache sync 35 at Fri Apr  3 12:12:15 UTC 2026
Cache sync 36 at Fri Apr  3 12:12:15 UTC 2026
Cache sync 37 at Fri Apr  3 12:12:15 UTC 2026
Cache sync 38 at Fri Apr  3 12:12:15 UTC 2026
Cache sync 39 at Fri Apr  3 12:12:15 UTC 2026
Cache sync 40 at Fri Apr  3 12:12:15 UTC 2026
Cache sync 41 at Fri Apr  3 12:12:15 UTC 2026
Cache sync 42 at Fri Apr  3 12:12:15 UTC 2026
Cache sync 43 at Fri Apr  3 12:12:15 UTC 2026
Cache sync 44 at Fri Apr  3 12:12:15 UTC 2026
Cache sync 45 at Fri Apr  3 12:12:15 UTC 2026
Cache sync 46 at Fri Apr  3 12:12:15 UTC 2026
Cache sync 47 at Fri Apr  3 12:12:15 UTC 2026
Cache sync 48 at Fri Apr  3 12:12:15 UTC 2026
Cache sync 49 at Fri Apr  3 12:12:15 UTC 2026
Cache sync 50 at Fri Apr  3 12:12:16 UTC 2026
Cache sync 51 at Fri Apr  3 12:12:16 UTC 2026
Cache sync 52 at Fri Apr  3 12:12:16 UTC 2026
Cache sync 53 at Fri Apr  3 12:12:16 UTC 2026
Cache sync 54 at Fri Apr  3 12:12:16 UTC 2026
Cache sync 55 at Fri Apr  3 12:12:16 UTC 2026
Cache sync 56 at Fri Apr  3 12:12:16 UTC 2026
Cache sync 57 at Fri Apr  3 12:12:16 UTC 2026
Cache sync 58 at Fri Apr  3 12:12:16 UTC 2026
Cache sync 59 at Fri Apr  3 12:12:16 UTC 2026
Cache sync 60 at Fri Apr  3 12:12:16 UTC 2026
Cache sync 61 at Fri Apr  3 12:12:16 UTC 2026
Cache sync 62 at Fri Apr  3 12:12:16 UTC 2026
Cache sync 63 at Fri Apr  3 12:12:16 UTC 2026
Cache sync 64 at Fri Apr  3 12:12:16 UTC 2026
Cache sync 65 at Fri Apr  3 12:12:16 UTC 2026
Cache sync 66 at Fri Apr  3 12:12:16 UTC 2026
Cache sync 67 at Fri Apr  3 12:12:16 UTC 2026
Cache sync 68 at Fri Apr  3 12:12:16 UTC 2026
Cache sync 69 at Fri Apr  3 12:12:16 UTC 2026
Cache sync 70 at Fri Apr  3 12:12:16 UTC 2026
Cache sync 71 at Fri Apr  3 12:12:16 UTC 2026
Cache sync 72 at Fri Apr  3 12:12:16 UTC 2026
Cache sync 73 at Fri Apr  3 12:12:16 UTC 2026
Cache sync 74 at Fri Apr  3 12:12:16 UTC 2026
Cache sync 75 at Fri Apr  3 12:12:16 UTC 2026
Cache sync 76 at Fri Apr  3 12:12:16 UTC 2026
Cache sync 1 at Fri Apr  3 15:15:42 UTC 2026
Cache sync 2 at Fri Apr  3 15:15:42 UTC 2026
Cache sync 3 at Fri Apr  3 15:15:42 UTC 2026
Cache sync 4 at Fri Apr  3 15:15:42 UTC 2026
Cache sync 5 at Fri Apr  3 15:15:42 UTC 2026
Cache sync 6 at Fri Apr  3 15:15:42 UTC 2026
Cache sync 7 at Fri Apr  3 15:15:42 UTC 2026
Cache sync 8 at Fri Apr  3 15:15:42 UTC 2026
Cache sync 9 at Fri Apr  3 15:15:42 UTC 2026
Cache sync 10 at Fri Apr  3 15:15:42 UTC 2026
Cache sync 11 at Fri Apr  3 15:15:42 UTC 2026
Cache sync 12 at Fri Apr  3 15:15:42 UTC 2026
Cache sync 13 at Fri Apr  3 15:15:42 UTC 2026
Cache sync 14 at Fri Apr  3 15:15:42 UTC 2026
Cache sync 15 at Fri Apr  3 15:15:42 UTC 2026
Cache sync 16 at Fri Apr  3 15:15:42 UTC 2026
Cache sync 17 at Fri Apr  3 15:15:42 UTC 2026
Cache sync 18 at Fri Apr  3 15:15:42 UTC 2026
Cache sync 19 at Fri Apr  3 15:15:42 UTC 2026
Cache sync 20 at Fri Apr  3 15:15:42 UTC 2026
Cache sync 21 at Fri Apr  3 15:15:42 UTC 2026
Cache sync 22 at Fri Apr  3 15:15:42 UTC 2026
Cache sync 23 at Fri Apr  3 15:15:42 UTC 2026
Cache sync 24 at Fri Apr  3 15:15:42 UTC 2026
Cache sync 25 at Fri Apr  3 15:15:42 UTC 2026
Cache sync 26 at Fri Apr  3 15:15:42 UTC 2026
Cache sync 27 at Fri Apr  3 15:15:42 UTC 2026
Cache sync 28 at Fri Apr  3 15:15:42 UTC 2026
Cache sync 29 at Fri Apr  3 15:15:42 UTC 2026
Cache sync 30 at Fri Apr  3 15:15:42 UTC 2026
Cache sync 31 at Fri Apr  3 15:15:42 UTC 2026
Cache sync 32 at Fri Apr  3 15:15:42 UTC 2026
Cache sync 33 at Fri Apr  3 15:15:42 UTC 2026
Cache sync 34 at Fri Apr  3 15:15:42 UTC 2026
Cache sync 35 at Fri Apr  3 15:15:42 UTC 2026
Cache sync 36 at Fri Apr  3 15:15:42 UTC 2026
Cache sync 37 at Fri Apr  3 15:15:42 UTC 2026
Cache sync 38 at Fri Apr  3 15:15:42 UTC 2026
Cache sync 39 at Fri Apr  3 15:15:42 UTC 2026
Cache sync 40 at Fri Apr  3 15:15:42 UTC 2026
Cache sync 41 at Fri Apr  3 15:15:42 UTC 2026
Cache sync 42 at Fri Apr  3 15:15:42 UTC 2026
Cache sync 43 at Fri Apr  3 15:15:42 UTC 2026
Cache sync 44 at Fri Apr  3 15:15:42 UTC 2026
Cache sync 1 at Fri Apr  3 18:11:25 UTC 2026
Cache sync 2 at Fri Apr  3 18:11:25 UTC 2026
Cache sync 3 at Fri Apr  3 18:11:25 UTC 2026
Cache sync 4 at Fri Apr  3 18:11:25 UTC 2026
Cache sync 5 at Fri Apr  3 18:11:25 UTC 2026
Cache sync 6 at Fri Apr  3 18:11:25 UTC 2026
Cache sync 7 at Fri Apr  3 18:11:25 UTC 2026
Cache sync 8 at Fri Apr  3 18:11:25 UTC 2026
Cache sync 9 at Fri Apr  3 18:11:25 UTC 2026
Cache sync 10 at Fri Apr  3 18:11:25 UTC 2026
Cache sync 11 at Fri Apr  3 18:11:25 UTC 2026
Cache sync 12 at Fri Apr  3 18:11:25 UTC 2026
Cache sync 13 at Fri Apr  3 18:11:25 UTC 2026
Cache sync 14 at Fri Apr  3 18:11:25 UTC 2026
Cache sync 15 at Fri Apr  3 18:11:25 UTC 2026
Cache sync 16 at Fri Apr  3 18:11:25 UTC 2026
Cache sync 17 at Fri Apr  3 18:11:25 UTC 2026
Cache sync 18 at Fri Apr  3 18:11:25 UTC 2026
Cache sync 19 at Fri Apr  3 18:11:25 UTC 2026
Cache sync 20 at Fri Apr  3 18:11:25 UTC 2026
Cache sync 21 at Fri Apr  3 18:11:25 UTC 2026
Cache sync 22 at Fri Apr  3 18:11:25 UTC 2026
Cache sync 23 at Fri Apr  3 18:11:25 UTC 2026
Cache sync 24 at Fri Apr  3 18:11:25 UTC 2026
Cache sync 25 at Fri Apr  3 18:11:25 UTC 2026
Cache sync 26 at Fri Apr  3 18:11:25 UTC 2026
Cache sync 27 at Fri Apr  3 18:11:25 UTC 2026
Cache sync 28 at Fri Apr  3 18:11:25 UTC 2026
Cache sync 29 at Fri Apr  3 18:11:25 UTC 2026
Cache sync 30 at Fri Apr  3 18:11:25 UTC 2026
Cache sync 31 at Fri Apr  3 18:11:25 UTC 2026
Cache sync 32 at Fri Apr  3 18:11:25 UTC 2026
Cache sync 33 at Fri Apr  3 18:11:25 UTC 2026
Cache sync 1 at Fri Apr  3 21:09:32 UTC 2026
Cache sync 2 at Fri Apr  3 21:09:32 UTC 2026
Cache sync 3 at Fri Apr  3 21:09:32 UTC 2026
Cache sync 4 at Fri Apr  3 21:09:32 UTC 2026
Cache sync 5 at Fri Apr  3 21:09:32 UTC 2026
Cache sync 6 at Fri Apr  3 21:09:32 UTC 2026
Cache sync 7 at Fri Apr  3 21:09:32 UTC 2026
Cache sync 8 at Fri Apr  3 21:09:33 UTC 2026
Cache sync 9 at Fri Apr  3 21:09:33 UTC 2026
Cache sync 10 at Fri Apr  3 21:09:33 UTC 2026
Cache sync 11 at Fri Apr  3 21:09:33 UTC 2026
Cache sync 12 at Fri Apr  3 21:09:33 UTC 2026
Cache sync 13 at Fri Apr  3 21:09:33 UTC 2026
Cache sync 14 at Fri Apr  3 21:09:33 UTC 2026
Cache sync 15 at Fri Apr  3 21:09:33 UTC 2026
Cache sync 16 at Fri Apr  3 21:09:33 UTC 2026
Cache sync 17 at Fri Apr  3 21:09:33 UTC 2026
Cache sync 18 at Fri Apr  3 21:09:33 UTC 2026
Cache sync 19 at Fri Apr  3 21:09:33 UTC 2026
Cache sync 20 at Fri Apr  3 21:09:33 UTC 2026
Cache sync 21 at Fri Apr  3 21:09:33 UTC 2026
Cache sync 22 at Fri Apr  3 21:09:33 UTC 2026
Cache sync 23 at Fri Apr  3 21:09:33 UTC 2026
Cache sync 24 at Fri Apr  3 21:09:33 UTC 2026
Cache sync 25 at Fri Apr  3 21:09:33 UTC 2026
Cache sync 26 at Fri Apr  3 21:09:33 UTC 2026
Cache sync 27 at Fri Apr  3 21:09:33 UTC 2026
Cache sync 28 at Fri Apr  3 21:09:33 UTC 2026
Cache sync 29 at Fri Apr  3 21:09:33 UTC 2026
Cache sync 30 at Fri Apr  3 21:09:33 UTC 2026
Cache sync 31 at Fri Apr  3 21:09:33 UTC 2026
Cache sync 32 at Fri Apr  3 21:09:33 UTC 2026
Cache sync 33 at Fri Apr  3 21:09:33 UTC 2026
Cache sync 34 at Fri Apr  3 21:09:33 UTC 2026
Cache sync 35 at Fri Apr  3 21:09:33 UTC 2026
Cache sync 36 at Fri Apr  3 21:09:33 UTC 2026
Cache sync 37 at Fri Apr  3 21:09:33 UTC 2026
Cache sync 38 at Fri Apr  3 21:09:33 UTC 2026
Cache sync 39 at Fri Apr  3 21:09:33 UTC 2026
Cache sync 40 at Fri Apr  3 21:09:33 UTC 2026
Cache sync 41 at Fri Apr  3 21:09:33 UTC 2026
Cache sync 42 at Fri Apr  3 21:09:33 UTC 2026
Cache sync 43 at Fri Apr  3 21:09:33 UTC 2026
Cache sync 44 at Fri Apr  3 21:09:33 UTC 2026
Cache sync 45 at Fri Apr  3 21:09:33 UTC 2026
Cache sync 46 at Fri Apr  3 21:09:33 UTC 2026
Cache sync 47 at Fri Apr  3 21:09:33 UTC 2026
Cache sync 48 at Fri Apr  3 21:09:33 UTC 2026
Cache sync 49 at Fri Apr  3 21:09:33 UTC 2026
Cache sync 50 at Fri Apr  3 21:09:33 UTC 2026
Cache sync 51 at Fri Apr  3 21:09:33 UTC 2026
Cache sync 52 at Fri Apr  3 21:09:33 UTC 2026
Cache sync 53 at Fri Apr  3 21:09:33 UTC 2026
Cache sync 54 at Fri Apr  3 21:09:33 UTC 2026
Cache sync 55 at Fri Apr  3 21:09:33 UTC 2026
Cache sync 56 at Fri Apr  3 21:09:33 UTC 2026
Cache sync 57 at Fri Apr  3 21:09:33 UTC 2026
Cache sync 58 at Fri Apr  3 21:09:33 UTC 2026
Cache sync 59 at Fri Apr  3 21:09:33 UTC 2026
Cache sync 60 at Fri Apr  3 21:09:33 UTC 2026
Cache sync 61 at Fri Apr  3 21:09:33 UTC 2026
Cache sync 62 at Fri Apr  3 21:09:33 UTC 2026
Cache sync 63 at Fri Apr  3 21:09:33 UTC 2026
Cache sync 64 at Fri Apr  3 21:09:33 UTC 2026
Cache sync 65 at Fri Apr  3 21:09:33 UTC 2026
Cache sync 66 at Fri Apr  3 21:09:33 UTC 2026
Cache sync 67 at Fri Apr  3 21:09:33 UTC 2026
Cache sync 68 at Fri Apr  3 21:09:33 UTC 2026
Cache sync 69 at Fri Apr  3 21:09:33 UTC 2026
Cache sync 70 at Fri Apr  3 21:09:33 UTC 2026
Cache sync 71 at Fri Apr  3 21:09:33 UTC 2026
Cache sync 72 at Fri Apr  3 21:09:33 UTC 2026
Cache sync 73 at Fri Apr  3 21:09:33 UTC 2026
Cache sync 74 at Fri Apr  3 21:09:33 UTC 2026
Cache sync 75 at Fri Apr  3 21:09:33 UTC 2026
Cache sync 76 at Fri Apr  3 21:09:33 UTC 2026
Cache sync 77 at Fri Apr  3 21:09:33 UTC 2026
Cache sync 78 at Fri Apr  3 21:09:33 UTC 2026
Cache sync 79 at Fri Apr  3 21:09:33 UTC 2026
Cache sync 1 at Sat Apr  4 00:19:52 UTC 2026
Cache sync 2 at Sat Apr  4 00:19:52 UTC 2026
Cache sync 3 at Sat Apr  4 00:19:52 UTC 2026
Cache sync 4 at Sat Apr  4 00:19:52 UTC 2026
Cache sync 5 at Sat Apr  4 00:19:52 UTC 2026
Cache sync 6 at Sat Apr  4 00:19:52 UTC 2026
Cache sync 7 at Sat Apr  4 00:19:52 UTC 2026
Cache sync 8 at Sat Apr  4 00:19:52 UTC 2026
Cache sync 9 at Sat Apr  4 00:19:52 UTC 2026
Cache sync 10 at Sat Apr  4 00:19:52 UTC 2026
Cache sync 1 at Sat Apr  4 03:48:12 UTC 2026
Cache sync 2 at Sat Apr  4 03:48:12 UTC 2026
Cache sync 3 at Sat Apr  4 03:48:12 UTC 2026
Cache sync 4 at Sat Apr  4 03:48:12 UTC 2026
Cache sync 5 at Sat Apr  4 03:48:12 UTC 2026
Cache sync 6 at Sat Apr  4 03:48:12 UTC 2026
Cache sync 7 at Sat Apr  4 03:48:12 UTC 2026
Cache sync 8 at Sat Apr  4 03:48:12 UTC 2026
Cache sync 9 at Sat Apr  4 03:48:12 UTC 2026
Cache sync 10 at Sat Apr  4 03:48:12 UTC 2026
Cache sync 11 at Sat Apr  4 03:48:12 UTC 2026
Cache sync 12 at Sat Apr  4 03:48:12 UTC 2026
Cache sync 13 at Sat Apr  4 03:48:12 UTC 2026
Cache sync 14 at Sat Apr  4 03:48:12 UTC 2026
Cache sync 15 at Sat Apr  4 03:48:12 UTC 2026
Cache sync 16 at Sat Apr  4 03:48:12 UTC 2026
Cache sync 17 at Sat Apr  4 03:48:12 UTC 2026
Cache sync 18 at Sat Apr  4 03:48:12 UTC 2026
Cache sync 19 at Sat Apr  4 03:48:12 UTC 2026
Cache sync 20 at Sat Apr  4 03:48:12 UTC 2026
Cache sync 21 at Sat Apr  4 03:48:12 UTC 2026
Cache sync 22 at Sat Apr  4 03:48:12 UTC 2026
Cache sync 23 at Sat Apr  4 03:48:12 UTC 2026
Cache sync 24 at Sat Apr  4 03:48:12 UTC 2026
Cache sync 25 at Sat Apr  4 03:48:12 UTC 2026
Cache sync 26 at Sat Apr  4 03:48:12 UTC 2026
Cache sync 27 at Sat Apr  4 03:48:12 UTC 2026
Cache sync 28 at Sat Apr  4 03:48:12 UTC 2026
Cache sync 29 at Sat Apr  4 03:48:12 UTC 2026
Cache sync 30 at Sat Apr  4 03:48:12 UTC 2026
Cache sync 31 at Sat Apr  4 03:48:12 UTC 2026
Cache sync 32 at Sat Apr  4 03:48:12 UTC 2026
Cache sync 33 at Sat Apr  4 03:48:12 UTC 2026
Cache sync 34 at Sat Apr  4 03:48:12 UTC 2026
Cache sync 35 at Sat Apr  4 03:48:12 UTC 2026
Cache sync 36 at Sat Apr  4 03:48:12 UTC 2026
Cache sync 37 at Sat Apr  4 03:48:12 UTC 2026
Cache sync 38 at Sat Apr  4 03:48:12 UTC 2026
Cache sync 39 at Sat Apr  4 03:48:12 UTC 2026
Cache sync 40 at Sat Apr  4 03:48:12 UTC 2026
Cache sync 41 at Sat Apr  4 03:48:12 UTC 2026
Cache sync 42 at Sat Apr  4 03:48:12 UTC 2026
Cache sync 43 at Sat Apr  4 03:48:12 UTC 2026
Cache sync 44 at Sat Apr  4 03:48:12 UTC 2026
Cache sync 45 at Sat Apr  4 03:48:12 UTC 2026
Cache sync 46 at Sat Apr  4 03:48:13 UTC 2026
Cache sync 47 at Sat Apr  4 03:48:13 UTC 2026
Cache sync 48 at Sat Apr  4 03:48:13 UTC 2026
Cache sync 49 at Sat Apr  4 03:48:13 UTC 2026
Cache sync 50 at Sat Apr  4 03:48:13 UTC 2026
Cache sync 51 at Sat Apr  4 03:48:13 UTC 2026
Cache sync 52 at Sat Apr  4 03:48:13 UTC 2026
Cache sync 53 at Sat Apr  4 03:48:13 UTC 2026
Cache sync 54 at Sat Apr  4 03:48:13 UTC 2026
Cache sync 55 at Sat Apr  4 03:48:13 UTC 2026
Cache sync 56 at Sat Apr  4 03:48:13 UTC 2026
Cache sync 57 at Sat Apr  4 03:48:13 UTC 2026
Cache sync 58 at Sat Apr  4 03:48:13 UTC 2026
Cache sync 59 at Sat Apr  4 03:48:13 UTC 2026
Cache sync 60 at Sat Apr  4 03:48:13 UTC 2026
Cache sync 61 at Sat Apr  4 03:48:13 UTC 2026
Cache sync 62 at Sat Apr  4 03:48:13 UTC 2026
Cache sync 63 at Sat Apr  4 03:48:13 UTC 2026
Cache sync 64 at Sat Apr  4 03:48:13 UTC 2026
Cache sync 65 at Sat Apr  4 03:48:13 UTC 2026
Cache sync 66 at Sat Apr  4 03:48:13 UTC 2026
Cache sync 67 at Sat Apr  4 03:48:13 UTC 2026
Cache sync 68 at Sat Apr  4 03:48:13 UTC 2026
Cache sync 1 at Sat Apr  4 06:21:01 UTC 2026
Cache sync 2 at Sat Apr  4 06:21:01 UTC 2026
Cache sync 3 at Sat Apr  4 06:21:01 UTC 2026
Cache sync 4 at Sat Apr  4 06:21:01 UTC 2026
Cache sync 5 at Sat Apr  4 06:21:01 UTC 2026
Cache sync 6 at Sat Apr  4 06:21:01 UTC 2026
Cache sync 7 at Sat Apr  4 06:21:01 UTC 2026
Cache sync 8 at Sat Apr  4 06:21:01 UTC 2026
Cache sync 9 at Sat Apr  4 06:21:01 UTC 2026
Cache sync 10 at Sat Apr  4 06:21:01 UTC 2026
Cache sync 11 at Sat Apr  4 06:21:01 UTC 2026
Cache sync 12 at Sat Apr  4 06:21:01 UTC 2026
Cache sync 13 at Sat Apr  4 06:21:01 UTC 2026
Cache sync 14 at Sat Apr  4 06:21:01 UTC 2026
Cache sync 15 at Sat Apr  4 06:21:01 UTC 2026
Cache sync 16 at Sat Apr  4 06:21:01 UTC 2026
Cache sync 17 at Sat Apr  4 06:21:01 UTC 2026
Cache sync 18 at Sat Apr  4 06:21:01 UTC 2026
Cache sync 19 at Sat Apr  4 06:21:01 UTC 2026
Cache sync 20 at Sat Apr  4 06:21:01 UTC 2026
Cache sync 21 at Sat Apr  4 06:21:01 UTC 2026
Cache sync 22 at Sat Apr  4 06:21:01 UTC 2026
Cache sync 23 at Sat Apr  4 06:21:01 UTC 2026
Cache sync 24 at Sat Apr  4 06:21:01 UTC 2026
Cache sync 25 at Sat Apr  4 06:21:01 UTC 2026
Cache sync 1 at Sat Apr  4 09:13:02 UTC 2026
Cache sync 2 at Sat Apr  4 09:13:03 UTC 2026
Cache sync 3 at Sat Apr  4 09:13:03 UTC 2026
Cache sync 4 at Sat Apr  4 09:13:03 UTC 2026
Cache sync 5 at Sat Apr  4 09:13:03 UTC 2026
Cache sync 6 at Sat Apr  4 09:13:03 UTC 2026
Cache sync 7 at Sat Apr  4 09:13:03 UTC 2026
Cache sync 8 at Sat Apr  4 09:13:03 UTC 2026
Cache sync 9 at Sat Apr  4 09:13:03 UTC 2026
Cache sync 10 at Sat Apr  4 09:13:03 UTC 2026
Cache sync 11 at Sat Apr  4 09:13:03 UTC 2026
Cache sync 12 at Sat Apr  4 09:13:03 UTC 2026
Cache sync 13 at Sat Apr  4 09:13:03 UTC 2026
Cache sync 14 at Sat Apr  4 09:13:03 UTC 2026
Cache sync 15 at Sat Apr  4 09:13:03 UTC 2026
Cache sync 16 at Sat Apr  4 09:13:03 UTC 2026
Cache sync 17 at Sat Apr  4 09:13:03 UTC 2026
Cache sync 18 at Sat Apr  4 09:13:03 UTC 2026
Cache sync 19 at Sat Apr  4 09:13:03 UTC 2026
Cache sync 20 at Sat Apr  4 09:13:03 UTC 2026
Cache sync 21 at Sat Apr  4 09:13:03 UTC 2026
Cache sync 22 at Sat Apr  4 09:13:03 UTC 2026
Cache sync 23 at Sat Apr  4 09:13:03 UTC 2026
Cache sync 24 at Sat Apr  4 09:13:03 UTC 2026
Cache sync 25 at Sat Apr  4 09:13:03 UTC 2026
Cache sync 26 at Sat Apr  4 09:13:03 UTC 2026
Cache sync 27 at Sat Apr  4 09:13:03 UTC 2026
Cache sync 28 at Sat Apr  4 09:13:03 UTC 2026
Cache sync 29 at Sat Apr  4 09:13:03 UTC 2026
Cache sync 30 at Sat Apr  4 09:13:03 UTC 2026
Cache sync 31 at Sat Apr  4 09:13:03 UTC 2026
Cache sync 32 at Sat Apr  4 09:13:03 UTC 2026
Cache sync 33 at Sat Apr  4 09:13:03 UTC 2026
Cache sync 34 at Sat Apr  4 09:13:03 UTC 2026
Cache sync 35 at Sat Apr  4 09:13:03 UTC 2026
Cache sync 36 at Sat Apr  4 09:13:03 UTC 2026
Cache sync 37 at Sat Apr  4 09:13:03 UTC 2026
Cache sync 1 at Sat Apr  4 12:09:11 UTC 2026
Cache sync 2 at Sat Apr  4 12:09:11 UTC 2026
Cache sync 3 at Sat Apr  4 12:09:12 UTC 2026
Cache sync 4 at Sat Apr  4 12:09:12 UTC 2026
Cache sync 5 at Sat Apr  4 12:09:12 UTC 2026
Cache sync 6 at Sat Apr  4 12:09:12 UTC 2026
Cache sync 7 at Sat Apr  4 12:09:12 UTC 2026
Cache sync 8 at Sat Apr  4 12:09:12 UTC 2026
Cache sync 9 at Sat Apr  4 12:09:12 UTC 2026
Cache sync 10 at Sat Apr  4 12:09:12 UTC 2026
Cache sync 11 at Sat Apr  4 12:09:12 UTC 2026
Cache sync 12 at Sat Apr  4 12:09:12 UTC 2026
Cache sync 13 at Sat Apr  4 12:09:12 UTC 2026
Cache sync 14 at Sat Apr  4 12:09:12 UTC 2026
Cache sync 15 at Sat Apr  4 12:09:12 UTC 2026
Cache sync 16 at Sat Apr  4 12:09:12 UTC 2026
Cache sync 17 at Sat Apr  4 12:09:12 UTC 2026
Cache sync 1 at Sat Apr  4 15:08:11 UTC 2026
Cache sync 2 at Sat Apr  4 15:08:11 UTC 2026
Cache sync 3 at Sat Apr  4 15:08:11 UTC 2026
Cache sync 4 at Sat Apr  4 15:08:11 UTC 2026
Cache sync 5 at Sat Apr  4 15:08:11 UTC 2026
Cache sync 6 at Sat Apr  4 15:08:11 UTC 2026
Cache sync 7 at Sat Apr  4 15:08:11 UTC 2026
Cache sync 8 at Sat Apr  4 15:08:11 UTC 2026
Cache sync 9 at Sat Apr  4 15:08:11 UTC 2026
Cache sync 10 at Sat Apr  4 15:08:11 UTC 2026
Cache sync 11 at Sat Apr  4 15:08:12 UTC 2026
Cache sync 12 at Sat Apr  4 15:08:12 UTC 2026
Cache sync 13 at Sat Apr  4 15:08:12 UTC 2026
Cache sync 14 at Sat Apr  4 15:08:12 UTC 2026
Cache sync 15 at Sat Apr  4 15:08:12 UTC 2026
Cache sync 16 at Sat Apr  4 15:08:12 UTC 2026
Cache sync 1 at Sat Apr  4 18:08:18 UTC 2026
Cache sync 2 at Sat Apr  4 18:08:18 UTC 2026
Cache sync 3 at Sat Apr  4 18:08:18 UTC 2026
Cache sync 4 at Sat Apr  4 18:08:18 UTC 2026
Cache sync 5 at Sat Apr  4 18:08:18 UTC 2026
Cache sync 6 at Sat Apr  4 18:08:18 UTC 2026
Cache sync 7 at Sat Apr  4 18:08:18 UTC 2026
Cache sync 8 at Sat Apr  4 18:08:18 UTC 2026
Cache sync 9 at Sat Apr  4 18:08:18 UTC 2026
Cache sync 10 at Sat Apr  4 18:08:18 UTC 2026
Cache sync 11 at Sat Apr  4 18:08:18 UTC 2026
Cache sync 12 at Sat Apr  4 18:08:18 UTC 2026
Cache sync 13 at Sat Apr  4 18:08:18 UTC 2026
Cache sync 14 at Sat Apr  4 18:08:18 UTC 2026
Cache sync 15 at Sat Apr  4 18:08:18 UTC 2026
Cache sync 16 at Sat Apr  4 18:08:18 UTC 2026
Cache sync 17 at Sat Apr  4 18:08:18 UTC 2026
Cache sync 18 at Sat Apr  4 18:08:18 UTC 2026
Cache sync 19 at Sat Apr  4 18:08:18 UTC 2026
Cache sync 20 at Sat Apr  4 18:08:18 UTC 2026
Cache sync 21 at Sat Apr  4 18:08:18 UTC 2026
Cache sync 22 at Sat Apr  4 18:08:18 UTC 2026
Cache sync 23 at Sat Apr  4 18:08:18 UTC 2026
Cache sync 24 at Sat Apr  4 18:08:18 UTC 2026
Cache sync 25 at Sat Apr  4 18:08:18 UTC 2026
Cache sync 26 at Sat Apr  4 18:08:18 UTC 2026
Cache sync 27 at Sat Apr  4 18:08:18 UTC 2026
Cache sync 28 at Sat Apr  4 18:08:18 UTC 2026
Cache sync 29 at Sat Apr  4 18:08:18 UTC 2026
Cache sync 30 at Sat Apr  4 18:08:18 UTC 2026
Cache sync 31 at Sat Apr  4 18:08:18 UTC 2026
Cache sync 32 at Sat Apr  4 18:08:18 UTC 2026
Cache sync 33 at Sat Apr  4 18:08:18 UTC 2026
Cache sync 34 at Sat Apr  4 18:08:18 UTC 2026
Cache sync 35 at Sat Apr  4 18:08:18 UTC 2026
Cache sync 36 at Sat Apr  4 18:08:18 UTC 2026
Cache sync 37 at Sat Apr  4 18:08:18 UTC 2026
Cache sync 38 at Sat Apr  4 18:08:18 UTC 2026
Cache sync 39 at Sat Apr  4 18:08:18 UTC 2026
Cache sync 40 at Sat Apr  4 18:08:18 UTC 2026
Cache sync 41 at Sat Apr  4 18:08:18 UTC 2026
Cache sync 42 at Sat Apr  4 18:08:18 UTC 2026
Cache sync 43 at Sat Apr  4 18:08:18 UTC 2026
Cache sync 44 at Sat Apr  4 18:08:18 UTC 2026
Cache sync 45 at Sat Apr  4 18:08:18 UTC 2026
Cache sync 46 at Sat Apr  4 18:08:18 UTC 2026
Cache sync 47 at Sat Apr  4 18:08:18 UTC 2026
Cache sync 48 at Sat Apr  4 18:08:18 UTC 2026
Cache sync 49 at Sat Apr  4 18:08:18 UTC 2026
Cache sync 50 at Sat Apr  4 18:08:18 UTC 2026
Cache sync 51 at Sat Apr  4 18:08:18 UTC 2026
Cache sync 52 at Sat Apr  4 18:08:18 UTC 2026
Cache sync 53 at Sat Apr  4 18:08:18 UTC 2026
Cache sync 54 at Sat Apr  4 18:08:18 UTC 2026
Cache sync 55 at Sat Apr  4 18:08:19 UTC 2026
Cache sync 56 at Sat Apr  4 18:08:19 UTC 2026
Cache sync 57 at Sat Apr  4 18:08:19 UTC 2026
Cache sync 58 at Sat Apr  4 18:08:19 UTC 2026
Cache sync 59 at Sat Apr  4 18:08:19 UTC 2026
Cache sync 60 at Sat Apr  4 18:08:19 UTC 2026
Cache sync 61 at Sat Apr  4 18:08:19 UTC 2026
Cache sync 62 at Sat Apr  4 18:08:19 UTC 2026
Cache sync 63 at Sat Apr  4 18:08:19 UTC 2026
Cache sync 64 at Sat Apr  4 18:08:19 UTC 2026
Cache sync 65 at Sat Apr  4 18:08:19 UTC 2026
Cache sync 66 at Sat Apr  4 18:08:19 UTC 2026
Cache sync 67 at Sat Apr  4 18:08:19 UTC 2026
Cache sync 68 at Sat Apr  4 18:08:19 UTC 2026
Cache sync 69 at Sat Apr  4 18:08:19 UTC 2026
Cache sync 70 at Sat Apr  4 18:08:19 UTC 2026
Cache sync 71 at Sat Apr  4 18:08:19 UTC 2026
Cache sync 72 at Sat Apr  4 18:08:19 UTC 2026
Cache sync 73 at Sat Apr  4 18:08:19 UTC 2026
Cache sync 74 at Sat Apr  4 18:08:19 UTC 2026
Cache sync 75 at Sat Apr  4 18:08:19 UTC 2026
Cache sync 76 at Sat Apr  4 18:08:19 UTC 2026
Cache sync 77 at Sat Apr  4 18:08:19 UTC 2026
Cache sync 78 at Sat Apr  4 18:08:19 UTC 2026
Cache sync 79 at Sat Apr  4 18:08:19 UTC 2026
Cache sync 80 at Sat Apr  4 18:08:19 UTC 2026
Cache sync 81 at Sat Apr  4 18:08:19 UTC 2026
Cache sync 1 at Sat Apr  4 21:07:41 UTC 2026
Cache sync 2 at Sat Apr  4 21:07:41 UTC 2026
Cache sync 3 at Sat Apr  4 21:07:41 UTC 2026
Cache sync 4 at Sat Apr  4 21:07:41 UTC 2026
Cache sync 5 at Sat Apr  4 21:07:41 UTC 2026
Cache sync 6 at Sat Apr  4 21:07:41 UTC 2026
Cache sync 7 at Sat Apr  4 21:07:41 UTC 2026
Cache sync 8 at Sat Apr  4 21:07:41 UTC 2026
Cache sync 9 at Sat Apr  4 21:07:41 UTC 2026
Cache sync 10 at Sat Apr  4 21:07:41 UTC 2026
Cache sync 11 at Sat Apr  4 21:07:41 UTC 2026
Cache sync 12 at Sat Apr  4 21:07:41 UTC 2026
Cache sync 13 at Sat Apr  4 21:07:41 UTC 2026
Cache sync 14 at Sat Apr  4 21:07:41 UTC 2026
Cache sync 15 at Sat Apr  4 21:07:41 UTC 2026
Cache sync 16 at Sat Apr  4 21:07:41 UTC 2026
Cache sync 17 at Sat Apr  4 21:07:41 UTC 2026
Cache sync 18 at Sat Apr  4 21:07:41 UTC 2026
Cache sync 19 at Sat Apr  4 21:07:41 UTC 2026
Cache sync 1 at Sun Apr  5 00:22:02 UTC 2026
Cache sync 2 at Sun Apr  5 00:22:02 UTC 2026
Cache sync 3 at Sun Apr  5 00:22:02 UTC 2026
Cache sync 4 at Sun Apr  5 00:22:02 UTC 2026
Cache sync 5 at Sun Apr  5 00:22:02 UTC 2026
Cache sync 6 at Sun Apr  5 00:22:02 UTC 2026
Cache sync 7 at Sun Apr  5 00:22:02 UTC 2026
Cache sync 8 at Sun Apr  5 00:22:02 UTC 2026
Cache sync 9 at Sun Apr  5 00:22:02 UTC 2026
Cache sync 10 at Sun Apr  5 00:22:02 UTC 2026
Cache sync 11 at Sun Apr  5 00:22:02 UTC 2026
Cache sync 12 at Sun Apr  5 00:22:02 UTC 2026
Cache sync 13 at Sun Apr  5 00:22:02 UTC 2026
Cache sync 14 at Sun Apr  5 00:22:02 UTC 2026
Cache sync 15 at Sun Apr  5 00:22:02 UTC 2026
Cache sync 16 at Sun Apr  5 00:22:02 UTC 2026
Cache sync 17 at Sun Apr  5 00:22:02 UTC 2026
Cache sync 18 at Sun Apr  5 00:22:02 UTC 2026
Cache sync 19 at Sun Apr  5 00:22:02 UTC 2026
Cache sync 20 at Sun Apr  5 00:22:02 UTC 2026
Cache sync 21 at Sun Apr  5 00:22:02 UTC 2026
Cache sync 22 at Sun Apr  5 00:22:02 UTC 2026
Cache sync 23 at Sun Apr  5 00:22:02 UTC 2026
Cache sync 24 at Sun Apr  5 00:22:02 UTC 2026
Cache sync 25 at Sun Apr  5 00:22:02 UTC 2026
Cache sync 26 at Sun Apr  5 00:22:02 UTC 2026
Cache sync 27 at Sun Apr  5 00:22:02 UTC 2026
Cache sync 28 at Sun Apr  5 00:22:02 UTC 2026
Cache sync 29 at Sun Apr  5 00:22:02 UTC 2026
Cache sync 30 at Sun Apr  5 00:22:02 UTC 2026
Cache sync 31 at Sun Apr  5 00:22:02 UTC 2026
Cache sync 32 at Sun Apr  5 00:22:02 UTC 2026
Cache sync 33 at Sun Apr  5 00:22:02 UTC 2026
Cache sync 34 at Sun Apr  5 00:22:02 UTC 2026
Cache sync 35 at Sun Apr  5 00:22:02 UTC 2026
Cache sync 36 at Sun Apr  5 00:22:02 UTC 2026
Cache sync 37 at Sun Apr  5 00:22:02 UTC 2026
Cache sync 38 at Sun Apr  5 00:22:02 UTC 2026
Cache sync 39 at Sun Apr  5 00:22:02 UTC 2026
Cache sync 40 at Sun Apr  5 00:22:02 UTC 2026
Cache sync 41 at Sun Apr  5 00:22:03 UTC 2026
Cache sync 42 at Sun Apr  5 00:22:03 UTC 2026
Cache sync 43 at Sun Apr  5 00:22:03 UTC 2026
Cache sync 44 at Sun Apr  5 00:22:03 UTC 2026
Cache sync 45 at Sun Apr  5 00:22:03 UTC 2026
Cache sync 46 at Sun Apr  5 00:22:03 UTC 2026
Cache sync 47 at Sun Apr  5 00:22:03 UTC 2026
Cache sync 48 at Sun Apr  5 00:22:03 UTC 2026
Cache sync 49 at Sun Apr  5 00:22:03 UTC 2026
Cache sync 50 at Sun Apr  5 00:22:03 UTC 2026
Cache sync 51 at Sun Apr  5 00:22:03 UTC 2026
Cache sync 52 at Sun Apr  5 00:22:03 UTC 2026
Cache sync 53 at Sun Apr  5 00:22:03 UTC 2026
Cache sync 54 at Sun Apr  5 00:22:03 UTC 2026
Cache sync 55 at Sun Apr  5 00:22:03 UTC 2026
Cache sync 56 at Sun Apr  5 00:22:03 UTC 2026
Cache sync 57 at Sun Apr  5 00:22:03 UTC 2026
Cache sync 58 at Sun Apr  5 00:22:03 UTC 2026
Cache sync 59 at Sun Apr  5 00:22:03 UTC 2026
Cache sync 60 at Sun Apr  5 00:22:03 UTC 2026
Cache sync 61 at Sun Apr  5 00:22:03 UTC 2026
Cache sync 62 at Sun Apr  5 00:22:03 UTC 2026
Cache sync 63 at Sun Apr  5 00:22:03 UTC 2026
Cache sync 64 at Sun Apr  5 00:22:03 UTC 2026
Cache sync 65 at Sun Apr  5 00:22:03 UTC 2026
Cache sync 66 at Sun Apr  5 00:22:03 UTC 2026
Cache sync 67 at Sun Apr  5 00:22:03 UTC 2026
Cache sync 68 at Sun Apr  5 00:22:03 UTC 2026
Cache sync 69 at Sun Apr  5 00:22:03 UTC 2026
Cache sync 70 at Sun Apr  5 00:22:03 UTC 2026
Cache sync 71 at Sun Apr  5 00:22:03 UTC 2026
Cache sync 72 at Sun Apr  5 00:22:03 UTC 2026
Cache sync 73 at Sun Apr  5 00:22:03 UTC 2026
Cache sync 74 at Sun Apr  5 00:22:03 UTC 2026
Cache sync 75 at Sun Apr  5 00:22:03 UTC 2026
Cache sync 76 at Sun Apr  5 00:22:03 UTC 2026
Cache sync 77 at Sun Apr  5 00:22:03 UTC 2026
Cache sync 78 at Sun Apr  5 00:22:03 UTC 2026
Cache sync 79 at Sun Apr  5 00:22:03 UTC 2026
Cache sync 80 at Sun Apr  5 00:22:03 UTC 2026
Cache sync 81 at Sun Apr  5 00:22:03 UTC 2026
Cache sync 82 at Sun Apr  5 00:22:03 UTC 2026
Cache sync 83 at Sun Apr  5 00:22:03 UTC 2026
Cache sync 84 at Sun Apr  5 00:22:03 UTC 2026
Cache sync 1 at Sun Apr  5 03:59:37 UTC 2026
Cache sync 2 at Sun Apr  5 03:59:37 UTC 2026
Cache sync 3 at Sun Apr  5 03:59:37 UTC 2026
Cache sync 4 at Sun Apr  5 03:59:37 UTC 2026
Cache sync 5 at Sun Apr  5 03:59:37 UTC 2026
Cache sync 6 at Sun Apr  5 03:59:37 UTC 2026
Cache sync 7 at Sun Apr  5 03:59:37 UTC 2026
Cache sync 8 at Sun Apr  5 03:59:37 UTC 2026
Cache sync 9 at Sun Apr  5 03:59:37 UTC 2026
Cache sync 10 at Sun Apr  5 03:59:37 UTC 2026
Cache sync 11 at Sun Apr  5 03:59:37 UTC 2026
Cache sync 12 at Sun Apr  5 03:59:37 UTC 2026
Cache sync 13 at Sun Apr  5 03:59:37 UTC 2026
Cache sync 14 at Sun Apr  5 03:59:38 UTC 2026
Cache sync 15 at Sun Apr  5 03:59:38 UTC 2026
Cache sync 16 at Sun Apr  5 03:59:38 UTC 2026
Cache sync 17 at Sun Apr  5 03:59:38 UTC 2026
Cache sync 18 at Sun Apr  5 03:59:38 UTC 2026
Cache sync 19 at Sun Apr  5 03:59:38 UTC 2026
Cache sync 20 at Sun Apr  5 03:59:38 UTC 2026
Cache sync 21 at Sun Apr  5 03:59:38 UTC 2026
Cache sync 22 at Sun Apr  5 03:59:38 UTC 2026
Cache sync 23 at Sun Apr  5 03:59:38 UTC 2026
Cache sync 1 at Sun Apr  5 06:26:19 UTC 2026
Cache sync 2 at Sun Apr  5 06:26:19 UTC 2026
Cache sync 3 at Sun Apr  5 06:26:19 UTC 2026
Cache sync 4 at Sun Apr  5 06:26:19 UTC 2026
Cache sync 5 at Sun Apr  5 06:26:19 UTC 2026
Cache sync 6 at Sun Apr  5 06:26:19 UTC 2026
Cache sync 7 at Sun Apr  5 06:26:19 UTC 2026
Cache sync 8 at Sun Apr  5 06:26:19 UTC 2026
Cache sync 9 at Sun Apr  5 06:26:19 UTC 2026
Cache sync 10 at Sun Apr  5 06:26:19 UTC 2026
Cache sync 11 at Sun Apr  5 06:26:19 UTC 2026
Cache sync 12 at Sun Apr  5 06:26:19 UTC 2026
Cache sync 13 at Sun Apr  5 06:26:19 UTC 2026
Cache sync 14 at Sun Apr  5 06:26:19 UTC 2026
Cache sync 15 at Sun Apr  5 06:26:19 UTC 2026
Cache sync 16 at Sun Apr  5 06:26:19 UTC 2026
Cache sync 17 at Sun Apr  5 06:26:19 UTC 2026
Cache sync 18 at Sun Apr  5 06:26:19 UTC 2026
Cache sync 19 at Sun Apr  5 06:26:19 UTC 2026
Cache sync 20 at Sun Apr  5 06:26:19 UTC 2026
Cache sync 21 at Sun Apr  5 06:26:19 UTC 2026
Cache sync 22 at Sun Apr  5 06:26:19 UTC 2026
Cache sync 23 at Sun Apr  5 06:26:19 UTC 2026
Cache sync 24 at Sun Apr  5 06:26:19 UTC 2026
Cache sync 25 at Sun Apr  5 06:26:19 UTC 2026
Cache sync 26 at Sun Apr  5 06:26:19 UTC 2026
Cache sync 27 at Sun Apr  5 06:26:19 UTC 2026
Cache sync 28 at Sun Apr  5 06:26:19 UTC 2026
Cache sync 29 at Sun Apr  5 06:26:19 UTC 2026
Cache sync 30 at Sun Apr  5 06:26:20 UTC 2026
Cache sync 31 at Sun Apr  5 06:26:20 UTC 2026
Cache sync 32 at Sun Apr  5 06:26:20 UTC 2026
Cache sync 33 at Sun Apr  5 06:26:20 UTC 2026
Cache sync 34 at Sun Apr  5 06:26:20 UTC 2026
Cache sync 35 at Sun Apr  5 06:26:20 UTC 2026
Cache sync 36 at Sun Apr  5 06:26:20 UTC 2026
Cache sync 37 at Sun Apr  5 06:26:20 UTC 2026
Cache sync 38 at Sun Apr  5 06:26:20 UTC 2026
Cache sync 39 at Sun Apr  5 06:26:20 UTC 2026
Cache sync 40 at Sun Apr  5 06:26:20 UTC 2026
Cache sync 41 at Sun Apr  5 06:26:20 UTC 2026
Cache sync 42 at Sun Apr  5 06:26:20 UTC 2026
Cache sync 43 at Sun Apr  5 06:26:20 UTC 2026
Cache sync 44 at Sun Apr  5 06:26:20 UTC 2026
Cache sync 45 at Sun Apr  5 06:26:20 UTC 2026
Cache sync 46 at Sun Apr  5 06:26:20 UTC 2026
Cache sync 47 at Sun Apr  5 06:26:20 UTC 2026
Cache sync 48 at Sun Apr  5 06:26:20 UTC 2026
Cache sync 49 at Sun Apr  5 06:26:20 UTC 2026
Cache sync 50 at Sun Apr  5 06:26:20 UTC 2026
Cache sync 51 at Sun Apr  5 06:26:20 UTC 2026
Cache sync 52 at Sun Apr  5 06:26:20 UTC 2026
Cache sync 53 at Sun Apr  5 06:26:20 UTC 2026
Cache sync 54 at Sun Apr  5 06:26:20 UTC 2026
Cache sync 55 at Sun Apr  5 06:26:20 UTC 2026
Cache sync 56 at Sun Apr  5 06:26:20 UTC 2026
Cache sync 57 at Sun Apr  5 06:26:20 UTC 2026
Cache sync 58 at Sun Apr  5 06:26:20 UTC 2026
Cache sync 1 at Sun Apr  5 09:14:35 UTC 2026
Cache sync 2 at Sun Apr  5 09:14:35 UTC 2026
Cache sync 3 at Sun Apr  5 09:14:35 UTC 2026
Cache sync 4 at Sun Apr  5 09:14:35 UTC 2026
Cache sync 5 at Sun Apr  5 09:14:35 UTC 2026
Cache sync 6 at Sun Apr  5 09:14:35 UTC 2026
Cache sync 7 at Sun Apr  5 09:14:35 UTC 2026
Cache sync 8 at Sun Apr  5 09:14:35 UTC 2026
Cache sync 9 at Sun Apr  5 09:14:35 UTC 2026
Cache sync 10 at Sun Apr  5 09:14:35 UTC 2026
Cache sync 11 at Sun Apr  5 09:14:35 UTC 2026
Cache sync 12 at Sun Apr  5 09:14:35 UTC 2026
Cache sync 13 at Sun Apr  5 09:14:35 UTC 2026
Cache sync 14 at Sun Apr  5 09:14:35 UTC 2026
Cache sync 15 at Sun Apr  5 09:14:35 UTC 2026
Cache sync 16 at Sun Apr  5 09:14:35 UTC 2026
Cache sync 17 at Sun Apr  5 09:14:35 UTC 2026
Cache sync 18 at Sun Apr  5 09:14:35 UTC 2026
Cache sync 19 at Sun Apr  5 09:14:35 UTC 2026
Cache sync 20 at Sun Apr  5 09:14:36 UTC 2026
Cache sync 21 at Sun Apr  5 09:14:36 UTC 2026
Cache sync 22 at Sun Apr  5 09:14:36 UTC 2026
Cache sync 23 at Sun Apr  5 09:14:36 UTC 2026
Cache sync 24 at Sun Apr  5 09:14:36 UTC 2026
Cache sync 25 at Sun Apr  5 09:14:36 UTC 2026
Cache sync 26 at Sun Apr  5 09:14:36 UTC 2026
Cache sync 27 at Sun Apr  5 09:14:36 UTC 2026
Cache sync 28 at Sun Apr  5 09:14:36 UTC 2026
Cache sync 29 at Sun Apr  5 09:14:36 UTC 2026
Cache sync 30 at Sun Apr  5 09:14:36 UTC 2026
Cache sync 31 at Sun Apr  5 09:14:36 UTC 2026
Cache sync 32 at Sun Apr  5 09:14:36 UTC 2026
Cache sync 33 at Sun Apr  5 09:14:36 UTC 2026
Cache sync 34 at Sun Apr  5 09:14:36 UTC 2026
Cache sync 35 at Sun Apr  5 09:14:36 UTC 2026
Cache sync 36 at Sun Apr  5 09:14:36 UTC 2026
Cache sync 37 at Sun Apr  5 09:14:36 UTC 2026
Cache sync 38 at Sun Apr  5 09:14:36 UTC 2026
Cache sync 39 at Sun Apr  5 09:14:36 UTC 2026
Cache sync 40 at Sun Apr  5 09:14:36 UTC 2026
Cache sync 41 at Sun Apr  5 09:14:36 UTC 2026
Cache sync 42 at Sun Apr  5 09:14:36 UTC 2026
Cache sync 43 at Sun Apr  5 09:14:36 UTC 2026
Cache sync 44 at Sun Apr  5 09:14:36 UTC 2026
Cache sync 45 at Sun Apr  5 09:14:36 UTC 2026
Cache sync 46 at Sun Apr  5 09:14:36 UTC 2026
Cache sync 47 at Sun Apr  5 09:14:36 UTC 2026
Cache sync 48 at Sun Apr  5 09:14:36 UTC 2026
Cache sync 49 at Sun Apr  5 09:14:36 UTC 2026
Cache sync 50 at Sun Apr  5 09:14:36 UTC 2026
Cache sync 51 at Sun Apr  5 09:14:36 UTC 2026
Cache sync 52 at Sun Apr  5 09:14:36 UTC 2026
Cache sync 53 at Sun Apr  5 09:14:36 UTC 2026
Cache sync 54 at Sun Apr  5 09:14:36 UTC 2026
Cache sync 55 at Sun Apr  5 09:14:36 UTC 2026
Cache sync 56 at Sun Apr  5 09:14:36 UTC 2026
Cache sync 57 at Sun Apr  5 09:14:36 UTC 2026
Cache sync 58 at Sun Apr  5 09:14:36 UTC 2026
Cache sync 59 at Sun Apr  5 09:14:36 UTC 2026
Cache sync 60 at Sun Apr  5 09:14:36 UTC 2026
Cache sync 61 at Sun Apr  5 09:14:36 UTC 2026
Cache sync 62 at Sun Apr  5 09:14:36 UTC 2026
Cache sync 63 at Sun Apr  5 09:14:36 UTC 2026
Cache sync 64 at Sun Apr  5 09:14:36 UTC 2026
Cache sync 65 at Sun Apr  5 09:14:36 UTC 2026
Cache sync 66 at Sun Apr  5 09:14:36 UTC 2026
Cache sync 67 at Sun Apr  5 09:14:36 UTC 2026
Cache sync 68 at Sun Apr  5 09:14:36 UTC 2026
Cache sync 69 at Sun Apr  5 09:14:36 UTC 2026
Cache sync 70 at Sun Apr  5 09:14:36 UTC 2026
Cache sync 71 at Sun Apr  5 09:14:36 UTC 2026
Cache sync 72 at Sun Apr  5 09:14:36 UTC 2026
Cache sync 73 at Sun Apr  5 09:14:36 UTC 2026
Cache sync 74 at Sun Apr  5 09:14:36 UTC 2026
Cache sync 75 at Sun Apr  5 09:14:36 UTC 2026
Cache sync 76 at Sun Apr  5 09:14:36 UTC 2026
Cache sync 77 at Sun Apr  5 09:14:36 UTC 2026
Cache sync 1 at Sun Apr  5 12:09:11 UTC 2026
Cache sync 2 at Sun Apr  5 12:09:11 UTC 2026
Cache sync 3 at Sun Apr  5 12:09:11 UTC 2026
Cache sync 4 at Sun Apr  5 12:09:11 UTC 2026
Cache sync 5 at Sun Apr  5 12:09:11 UTC 2026
Cache sync 1 at Sun Apr  5 15:09:04 UTC 2026
Cache sync 2 at Sun Apr  5 15:09:04 UTC 2026
Cache sync 3 at Sun Apr  5 15:09:04 UTC 2026
Cache sync 4 at Sun Apr  5 15:09:04 UTC 2026
Cache sync 5 at Sun Apr  5 15:09:04 UTC 2026
Cache sync 6 at Sun Apr  5 15:09:04 UTC 2026
Cache sync 7 at Sun Apr  5 15:09:04 UTC 2026
Cache sync 8 at Sun Apr  5 15:09:04 UTC 2026
Cache sync 9 at Sun Apr  5 15:09:04 UTC 2026
Cache sync 10 at Sun Apr  5 15:09:04 UTC 2026
Cache sync 11 at Sun Apr  5 15:09:04 UTC 2026
Cache sync 12 at Sun Apr  5 15:09:04 UTC 2026
Cache sync 13 at Sun Apr  5 15:09:04 UTC 2026
Cache sync 14 at Sun Apr  5 15:09:04 UTC 2026
Cache sync 15 at Sun Apr  5 15:09:04 UTC 2026
Cache sync 16 at Sun Apr  5 15:09:04 UTC 2026
Cache sync 17 at Sun Apr  5 15:09:04 UTC 2026
Cache sync 18 at Sun Apr  5 15:09:04 UTC 2026
Cache sync 19 at Sun Apr  5 15:09:04 UTC 2026
Cache sync 20 at Sun Apr  5 15:09:04 UTC 2026
Cache sync 21 at Sun Apr  5 15:09:04 UTC 2026
Cache sync 22 at Sun Apr  5 15:09:04 UTC 2026
Cache sync 23 at Sun Apr  5 15:09:04 UTC 2026
Cache sync 24 at Sun Apr  5 15:09:04 UTC 2026
Cache sync 25 at Sun Apr  5 15:09:04 UTC 2026
Cache sync 26 at Sun Apr  5 15:09:04 UTC 2026
Cache sync 27 at Sun Apr  5 15:09:04 UTC 2026
Cache sync 28 at Sun Apr  5 15:09:04 UTC 2026
Cache sync 29 at Sun Apr  5 15:09:04 UTC 2026
Cache sync 30 at Sun Apr  5 15:09:04 UTC 2026
Cache sync 31 at Sun Apr  5 15:09:04 UTC 2026
Cache sync 32 at Sun Apr  5 15:09:04 UTC 2026
Cache sync 33 at Sun Apr  5 15:09:04 UTC 2026
Cache sync 34 at Sun Apr  5 15:09:04 UTC 2026
Cache sync 35 at Sun Apr  5 15:09:04 UTC 2026
Cache sync 36 at Sun Apr  5 15:09:04 UTC 2026
Cache sync 37 at Sun Apr  5 15:09:04 UTC 2026
Cache sync 38 at Sun Apr  5 15:09:04 UTC 2026
Cache sync 39 at Sun Apr  5 15:09:04 UTC 2026
Cache sync 40 at Sun Apr  5 15:09:04 UTC 2026
Cache sync 41 at Sun Apr  5 15:09:04 UTC 2026
Cache sync 42 at Sun Apr  5 15:09:04 UTC 2026
Cache sync 43 at Sun Apr  5 15:09:04 UTC 2026
Cache sync 44 at Sun Apr  5 15:09:04 UTC 2026
Cache sync 45 at Sun Apr  5 15:09:04 UTC 2026
Cache sync 46 at Sun Apr  5 15:09:04 UTC 2026
Cache sync 47 at Sun Apr  5 15:09:04 UTC 2026
Cache sync 48 at Sun Apr  5 15:09:05 UTC 2026
Cache sync 49 at Sun Apr  5 15:09:05 UTC 2026
Cache sync 50 at Sun Apr  5 15:09:05 UTC 2026
Cache sync 51 at Sun Apr  5 15:09:05 UTC 2026
Cache sync 52 at Sun Apr  5 15:09:05 UTC 2026
Cache sync 53 at Sun Apr  5 15:09:05 UTC 2026
Cache sync 54 at Sun Apr  5 15:09:05 UTC 2026
Cache sync 55 at Sun Apr  5 15:09:05 UTC 2026
Cache sync 56 at Sun Apr  5 15:09:05 UTC 2026
Cache sync 57 at Sun Apr  5 15:09:05 UTC 2026
Cache sync 58 at Sun Apr  5 15:09:05 UTC 2026
Cache sync 59 at Sun Apr  5 15:09:05 UTC 2026
Cache sync 60 at Sun Apr  5 15:09:05 UTC 2026
Cache sync 61 at Sun Apr  5 15:09:05 UTC 2026
Cache sync 62 at Sun Apr  5 15:09:05 UTC 2026
Cache sync 63 at Sun Apr  5 15:09:05 UTC 2026
Cache sync 64 at Sun Apr  5 15:09:05 UTC 2026
Cache sync 65 at Sun Apr  5 15:09:05 UTC 2026
Cache sync 66 at Sun Apr  5 15:09:05 UTC 2026
Cache sync 67 at Sun Apr  5 15:09:05 UTC 2026
Cache sync 68 at Sun Apr  5 15:09:05 UTC 2026
Cache sync 69 at Sun Apr  5 15:09:05 UTC 2026
Cache sync 70 at Sun Apr  5 15:09:05 UTC 2026
Cache sync 71 at Sun Apr  5 15:09:05 UTC 2026
Cache sync 72 at Sun Apr  5 15:09:05 UTC 2026
Cache sync 73 at Sun Apr  5 15:09:05 UTC 2026
Cache sync 74 at Sun Apr  5 15:09:05 UTC 2026
Cache sync 75 at Sun Apr  5 15:09:05 UTC 2026
Cache sync 76 at Sun Apr  5 15:09:05 UTC 2026
Cache sync 77 at Sun Apr  5 15:09:05 UTC 2026
Cache sync 78 at Sun Apr  5 15:09:05 UTC 2026
Cache sync 1 at Sun Apr  5 18:09:19 UTC 2026
Cache sync 2 at Sun Apr  5 18:09:19 UTC 2026
Cache sync 3 at Sun Apr  5 18:09:19 UTC 2026
Cache sync 4 at Sun Apr  5 18:09:19 UTC 2026
Cache sync 5 at Sun Apr  5 18:09:19 UTC 2026
Cache sync 6 at Sun Apr  5 18:09:19 UTC 2026
Cache sync 7 at Sun Apr  5 18:09:19 UTC 2026
Cache sync 8 at Sun Apr  5 18:09:19 UTC 2026
Cache sync 9 at Sun Apr  5 18:09:19 UTC 2026
Cache sync 10 at Sun Apr  5 18:09:19 UTC 2026
Cache sync 11 at Sun Apr  5 18:09:19 UTC 2026
Cache sync 12 at Sun Apr  5 18:09:19 UTC 2026
Cache sync 13 at Sun Apr  5 18:09:19 UTC 2026
Cache sync 14 at Sun Apr  5 18:09:19 UTC 2026
Cache sync 15 at Sun Apr  5 18:09:19 UTC 2026
Cache sync 16 at Sun Apr  5 18:09:19 UTC 2026
Cache sync 17 at Sun Apr  5 18:09:19 UTC 2026
Cache sync 1 at Sun Apr  5 21:07:49 UTC 2026
Cache sync 2 at Sun Apr  5 21:07:49 UTC 2026
Cache sync 3 at Sun Apr  5 21:07:49 UTC 2026
Cache sync 4 at Sun Apr  5 21:07:49 UTC 2026
Cache sync 5 at Sun Apr  5 21:07:49 UTC 2026
Cache sync 6 at Sun Apr  5 21:07:49 UTC 2026
Cache sync 7 at Sun Apr  5 21:07:49 UTC 2026
Cache sync 8 at Sun Apr  5 21:07:49 UTC 2026
Cache sync 9 at Sun Apr  5 21:07:49 UTC 2026
Cache sync 10 at Sun Apr  5 21:07:49 UTC 2026
Cache sync 11 at Sun Apr  5 21:07:49 UTC 2026
Cache sync 12 at Sun Apr  5 21:07:49 UTC 2026
Cache sync 13 at Sun Apr  5 21:07:49 UTC 2026
Cache sync 14 at Sun Apr  5 21:07:49 UTC 2026
Cache sync 15 at Sun Apr  5 21:07:49 UTC 2026
Cache sync 16 at Sun Apr  5 21:07:49 UTC 2026
Cache sync 17 at Sun Apr  5 21:07:49 UTC 2026
Cache sync 18 at Sun Apr  5 21:07:49 UTC 2026
Cache sync 19 at Sun Apr  5 21:07:49 UTC 2026
Cache sync 20 at Sun Apr  5 21:07:50 UTC 2026
Cache sync 21 at Sun Apr  5 21:07:50 UTC 2026
Cache sync 22 at Sun Apr  5 21:07:50 UTC 2026
Cache sync 23 at Sun Apr  5 21:07:50 UTC 2026
Cache sync 24 at Sun Apr  5 21:07:50 UTC 2026
Cache sync 25 at Sun Apr  5 21:07:50 UTC 2026
Cache sync 26 at Sun Apr  5 21:07:50 UTC 2026
Cache sync 27 at Sun Apr  5 21:07:50 UTC 2026
Cache sync 28 at Sun Apr  5 21:07:50 UTC 2026
Cache sync 29 at Sun Apr  5 21:07:50 UTC 2026
Cache sync 30 at Sun Apr  5 21:07:50 UTC 2026
Cache sync 31 at Sun Apr  5 21:07:50 UTC 2026
Cache sync 32 at Sun Apr  5 21:07:50 UTC 2026
Cache sync 33 at Sun Apr  5 21:07:50 UTC 2026
Cache sync 34 at Sun Apr  5 21:07:50 UTC 2026
Cache sync 35 at Sun Apr  5 21:07:50 UTC 2026
Cache sync 36 at Sun Apr  5 21:07:50 UTC 2026
Cache sync 37 at Sun Apr  5 21:07:50 UTC 2026
Cache sync 38 at Sun Apr  5 21:07:50 UTC 2026
Cache sync 1 at Mon Apr  6 00:22:11 UTC 2026
Cache sync 2 at Mon Apr  6 00:22:11 UTC 2026
Cache sync 3 at Mon Apr  6 00:22:11 UTC 2026
Cache sync 4 at Mon Apr  6 00:22:11 UTC 2026
Cache sync 5 at Mon Apr  6 00:22:11 UTC 2026
Cache sync 6 at Mon Apr  6 00:22:11 UTC 2026
Cache sync 7 at Mon Apr  6 00:22:11 UTC 2026
Cache sync 8 at Mon Apr  6 00:22:11 UTC 2026
Cache sync 9 at Mon Apr  6 00:22:11 UTC 2026
Cache sync 10 at Mon Apr  6 00:22:11 UTC 2026
Cache sync 11 at Mon Apr  6 00:22:11 UTC 2026
Cache sync 12 at Mon Apr  6 00:22:11 UTC 2026
Cache sync 13 at Mon Apr  6 00:22:11 UTC 2026
Cache sync 14 at Mon Apr  6 00:22:11 UTC 2026
Cache sync 15 at Mon Apr  6 00:22:11 UTC 2026
Cache sync 16 at Mon Apr  6 00:22:11 UTC 2026
Cache sync 17 at Mon Apr  6 00:22:11 UTC 2026
Cache sync 18 at Mon Apr  6 00:22:11 UTC 2026
Cache sync 19 at Mon Apr  6 00:22:11 UTC 2026
Cache sync 20 at Mon Apr  6 00:22:11 UTC 2026
Cache sync 21 at Mon Apr  6 00:22:11 UTC 2026
Cache sync 22 at Mon Apr  6 00:22:11 UTC 2026
Cache sync 23 at Mon Apr  6 00:22:11 UTC 2026
Cache sync 24 at Mon Apr  6 00:22:11 UTC 2026
Cache sync 25 at Mon Apr  6 00:22:11 UTC 2026
Cache sync 26 at Mon Apr  6 00:22:11 UTC 2026
Cache sync 27 at Mon Apr  6 00:22:11 UTC 2026
Cache sync 28 at Mon Apr  6 00:22:11 UTC 2026
Cache sync 29 at Mon Apr  6 00:22:11 UTC 2026
Cache sync 30 at Mon Apr  6 00:22:11 UTC 2026
Cache sync 31 at Mon Apr  6 00:22:11 UTC 2026
Cache sync 32 at Mon Apr  6 00:22:11 UTC 2026
Cache sync 33 at Mon Apr  6 00:22:11 UTC 2026
Cache sync 34 at Mon Apr  6 00:22:11 UTC 2026
Cache sync 35 at Mon Apr  6 00:22:11 UTC 2026
Cache sync 36 at Mon Apr  6 00:22:11 UTC 2026
Cache sync 37 at Mon Apr  6 00:22:11 UTC 2026
Cache sync 38 at Mon Apr  6 00:22:11 UTC 2026
Cache sync 39 at Mon Apr  6 00:22:11 UTC 2026
Cache sync 40 at Mon Apr  6 00:22:11 UTC 2026
Cache sync 41 at Mon Apr  6 00:22:11 UTC 2026
Cache sync 42 at Mon Apr  6 00:22:11 UTC 2026
Cache sync 43 at Mon Apr  6 00:22:11 UTC 2026
Cache sync 44 at Mon Apr  6 00:22:11 UTC 2026
Cache sync 45 at Mon Apr  6 00:22:11 UTC 2026
Cache sync 46 at Mon Apr  6 00:22:11 UTC 2026
Cache sync 47 at Mon Apr  6 00:22:11 UTC 2026
Cache sync 48 at Mon Apr  6 00:22:11 UTC 2026
Cache sync 49 at Mon Apr  6 00:22:11 UTC 2026
Cache sync 50 at Mon Apr  6 00:22:11 UTC 2026
Cache sync 51 at Mon Apr  6 00:22:11 UTC 2026
Cache sync 52 at Mon Apr  6 00:22:11 UTC 2026
Cache sync 53 at Mon Apr  6 00:22:11 UTC 2026
Cache sync 54 at Mon Apr  6 00:22:11 UTC 2026
Cache sync 1 at Mon Apr  6 04:00:57 UTC 2026
Cache sync 2 at Mon Apr  6 04:00:57 UTC 2026
Cache sync 3 at Mon Apr  6 04:00:57 UTC 2026
Cache sync 4 at Mon Apr  6 04:00:57 UTC 2026
Cache sync 5 at Mon Apr  6 04:00:57 UTC 2026
Cache sync 6 at Mon Apr  6 04:00:57 UTC 2026
Cache sync 7 at Mon Apr  6 04:00:57 UTC 2026
Cache sync 8 at Mon Apr  6 04:00:57 UTC 2026
Cache sync 9 at Mon Apr  6 04:00:57 UTC 2026
Cache sync 10 at Mon Apr  6 04:00:57 UTC 2026
Cache sync 11 at Mon Apr  6 04:00:57 UTC 2026
Cache sync 12 at Mon Apr  6 04:00:57 UTC 2026
Cache sync 13 at Mon Apr  6 04:00:57 UTC 2026
Cache sync 14 at Mon Apr  6 04:00:57 UTC 2026
Cache sync 15 at Mon Apr  6 04:00:57 UTC 2026
Cache sync 16 at Mon Apr  6 04:00:57 UTC 2026
Cache sync 17 at Mon Apr  6 04:00:57 UTC 2026
Cache sync 18 at Mon Apr  6 04:00:57 UTC 2026
Cache sync 19 at Mon Apr  6 04:00:57 UTC 2026
Cache sync 20 at Mon Apr  6 04:00:57 UTC 2026
Cache sync 21 at Mon Apr  6 04:00:57 UTC 2026
Cache sync 22 at Mon Apr  6 04:00:57 UTC 2026
Cache sync 23 at Mon Apr  6 04:00:57 UTC 2026
Cache sync 24 at Mon Apr  6 04:00:57 UTC 2026
Cache sync 25 at Mon Apr  6 04:00:57 UTC 2026
Cache sync 26 at Mon Apr  6 04:00:57 UTC 2026
Cache sync 27 at Mon Apr  6 04:00:57 UTC 2026
Cache sync 28 at Mon Apr  6 04:00:57 UTC 2026
Cache sync 29 at Mon Apr  6 04:00:57 UTC 2026
Cache sync 30 at Mon Apr  6 04:00:57 UTC 2026
Cache sync 31 at Mon Apr  6 04:00:57 UTC 2026
Cache sync 32 at Mon Apr  6 04:00:57 UTC 2026
Cache sync 33 at Mon Apr  6 04:00:57 UTC 2026
Cache sync 34 at Mon Apr  6 04:00:57 UTC 2026
Cache sync 35 at Mon Apr  6 04:00:57 UTC 2026
Cache sync 36 at Mon Apr  6 04:00:57 UTC 2026
Cache sync 37 at Mon Apr  6 04:00:57 UTC 2026
Cache sync 38 at Mon Apr  6 04:00:57 UTC 2026
Cache sync 39 at Mon Apr  6 04:00:57 UTC 2026
Cache sync 40 at Mon Apr  6 04:00:57 UTC 2026
Cache sync 41 at Mon Apr  6 04:00:57 UTC 2026
Cache sync 42 at Mon Apr  6 04:00:57 UTC 2026
Cache sync 43 at Mon Apr  6 04:00:57 UTC 2026
Cache sync 44 at Mon Apr  6 04:00:57 UTC 2026
Cache sync 45 at Mon Apr  6 04:00:57 UTC 2026
Cache sync 46 at Mon Apr  6 04:00:57 UTC 2026
Cache sync 47 at Mon Apr  6 04:00:57 UTC 2026
Cache sync 48 at Mon Apr  6 04:00:57 UTC 2026
Cache sync 49 at Mon Apr  6 04:00:57 UTC 2026
Cache sync 50 at Mon Apr  6 04:00:57 UTC 2026
Cache sync 51 at Mon Apr  6 04:00:57 UTC 2026
Cache sync 52 at Mon Apr  6 04:00:57 UTC 2026
Cache sync 53 at Mon Apr  6 04:00:57 UTC 2026
Cache sync 54 at Mon Apr  6 04:00:57 UTC 2026
Cache sync 55 at Mon Apr  6 04:00:57 UTC 2026
Cache sync 56 at Mon Apr  6 04:00:57 UTC 2026
Cache sync 57 at Mon Apr  6 04:00:57 UTC 2026
Cache sync 58 at Mon Apr  6 04:00:57 UTC 2026
Cache sync 59 at Mon Apr  6 04:00:57 UTC 2026
Cache sync 60 at Mon Apr  6 04:00:57 UTC 2026
Cache sync 61 at Mon Apr  6 04:00:57 UTC 2026
Cache sync 62 at Mon Apr  6 04:00:57 UTC 2026
Cache sync 63 at Mon Apr  6 04:00:57 UTC 2026
Cache sync 64 at Mon Apr  6 04:00:57 UTC 2026
Cache sync 65 at Mon Apr  6 04:00:57 UTC 2026
Cache sync 66 at Mon Apr  6 04:00:58 UTC 2026
Cache sync 67 at Mon Apr  6 04:00:58 UTC 2026
Cache sync 68 at Mon Apr  6 04:00:58 UTC 2026
Cache sync 69 at Mon Apr  6 04:00:58 UTC 2026
Cache sync 70 at Mon Apr  6 04:00:58 UTC 2026
Cache sync 71 at Mon Apr  6 04:00:58 UTC 2026
Cache sync 72 at Mon Apr  6 04:00:58 UTC 2026
Cache sync 73 at Mon Apr  6 04:00:58 UTC 2026
Cache sync 74 at Mon Apr  6 04:00:58 UTC 2026
Cache sync 75 at Mon Apr  6 04:00:58 UTC 2026
Cache sync 76 at Mon Apr  6 04:00:58 UTC 2026
Cache sync 1 at Mon Apr  6 06:36:36 UTC 2026
Cache sync 2 at Mon Apr  6 06:36:36 UTC 2026
Cache sync 3 at Mon Apr  6 06:36:36 UTC 2026
Cache sync 1 at Mon Apr  6 09:28:02 UTC 2026
Cache sync 2 at Mon Apr  6 09:28:02 UTC 2026
Cache sync 3 at Mon Apr  6 09:28:02 UTC 2026
Cache sync 4 at Mon Apr  6 09:28:02 UTC 2026
Cache sync 5 at Mon Apr  6 09:28:02 UTC 2026
Cache sync 6 at Mon Apr  6 09:28:02 UTC 2026
Cache sync 7 at Mon Apr  6 09:28:02 UTC 2026
Cache sync 1 at Mon Apr  6 12:16:41 UTC 2026
Cache sync 2 at Mon Apr  6 12:16:41 UTC 2026
Cache sync 3 at Mon Apr  6 12:16:41 UTC 2026
Cache sync 4 at Mon Apr  6 12:16:41 UTC 2026
Cache sync 5 at Mon Apr  6 12:16:41 UTC 2026
Cache sync 6 at Mon Apr  6 12:16:41 UTC 2026
Cache sync 7 at Mon Apr  6 12:16:41 UTC 2026
Cache sync 8 at Mon Apr  6 12:16:41 UTC 2026
Cache sync 9 at Mon Apr  6 12:16:41 UTC 2026
Cache sync 10 at Mon Apr  6 12:16:41 UTC 2026
Cache sync 11 at Mon Apr  6 12:16:41 UTC 2026
Cache sync 12 at Mon Apr  6 12:16:41 UTC 2026
Cache sync 13 at Mon Apr  6 12:16:41 UTC 2026
Cache sync 14 at Mon Apr  6 12:16:41 UTC 2026
Cache sync 15 at Mon Apr  6 12:16:41 UTC 2026
Cache sync 16 at Mon Apr  6 12:16:41 UTC 2026
Cache sync 17 at Mon Apr  6 12:16:41 UTC 2026
Cache sync 18 at Mon Apr  6 12:16:41 UTC 2026
Cache sync 19 at Mon Apr  6 12:16:41 UTC 2026
Cache sync 20 at Mon Apr  6 12:16:41 UTC 2026
Cache sync 21 at Mon Apr  6 12:16:41 UTC 2026
Cache sync 22 at Mon Apr  6 12:16:41 UTC 2026
Cache sync 23 at Mon Apr  6 12:16:41 UTC 2026
Cache sync 24 at Mon Apr  6 12:16:41 UTC 2026
Cache sync 25 at Mon Apr  6 12:16:41 UTC 2026
Cache sync 26 at Mon Apr  6 12:16:41 UTC 2026
Cache sync 27 at Mon Apr  6 12:16:41 UTC 2026
Cache sync 28 at Mon Apr  6 12:16:41 UTC 2026
Cache sync 29 at Mon Apr  6 12:16:41 UTC 2026
Cache sync 30 at Mon Apr  6 12:16:41 UTC 2026
Cache sync 31 at Mon Apr  6 12:16:41 UTC 2026
Cache sync 32 at Mon Apr  6 12:16:41 UTC 2026
Cache sync 33 at Mon Apr  6 12:16:41 UTC 2026
Cache sync 34 at Mon Apr  6 12:16:41 UTC 2026
Cache sync 35 at Mon Apr  6 12:16:41 UTC 2026
Cache sync 36 at Mon Apr  6 12:16:41 UTC 2026
Cache sync 37 at Mon Apr  6 12:16:41 UTC 2026
Cache sync 38 at Mon Apr  6 12:16:41 UTC 2026
Cache sync 39 at Mon Apr  6 12:16:41 UTC 2026
Cache sync 40 at Mon Apr  6 12:16:41 UTC 2026
Cache sync 41 at Mon Apr  6 12:16:41 UTC 2026
Cache sync 42 at Mon Apr  6 12:16:41 UTC 2026
Cache sync 43 at Mon Apr  6 12:16:41 UTC 2026
Cache sync 44 at Mon Apr  6 12:16:41 UTC 2026
Cache sync 45 at Mon Apr  6 12:16:41 UTC 2026
Cache sync 46 at Mon Apr  6 12:16:41 UTC 2026
Cache sync 47 at Mon Apr  6 12:16:41 UTC 2026
Cache sync 48 at Mon Apr  6 12:16:41 UTC 2026
Cache sync 49 at Mon Apr  6 12:16:41 UTC 2026
Cache sync 50 at Mon Apr  6 12:16:41 UTC 2026
Cache sync 51 at Mon Apr  6 12:16:41 UTC 2026
Cache sync 52 at Mon Apr  6 12:16:41 UTC 2026
Cache sync 53 at Mon Apr  6 12:16:41 UTC 2026
Cache sync 54 at Mon Apr  6 12:16:41 UTC 2026
Cache sync 55 at Mon Apr  6 12:16:41 UTC 2026
Cache sync 56 at Mon Apr  6 12:16:41 UTC 2026
Cache sync 57 at Mon Apr  6 12:16:41 UTC 2026
Cache sync 58 at Mon Apr  6 12:16:41 UTC 2026
Cache sync 59 at Mon Apr  6 12:16:41 UTC 2026
Cache sync 1 at Mon Apr  6 15:16:09 UTC 2026
Cache sync 2 at Mon Apr  6 15:16:09 UTC 2026
Cache sync 3 at Mon Apr  6 15:16:09 UTC 2026
Cache sync 4 at Mon Apr  6 15:16:09 UTC 2026
Cache sync 5 at Mon Apr  6 15:16:09 UTC 2026
Cache sync 6 at Mon Apr  6 15:16:09 UTC 2026
Cache sync 7 at Mon Apr  6 15:16:09 UTC 2026
Cache sync 8 at Mon Apr  6 15:16:09 UTC 2026
Cache sync 9 at Mon Apr  6 15:16:09 UTC 2026
Cache sync 10 at Mon Apr  6 15:16:09 UTC 2026
Cache sync 11 at Mon Apr  6 15:16:09 UTC 2026
Cache sync 12 at Mon Apr  6 15:16:09 UTC 2026
Cache sync 13 at Mon Apr  6 15:16:09 UTC 2026
Cache sync 14 at Mon Apr  6 15:16:09 UTC 2026
Cache sync 15 at Mon Apr  6 15:16:09 UTC 2026
Cache sync 16 at Mon Apr  6 15:16:09 UTC 2026
Cache sync 17 at Mon Apr  6 15:16:09 UTC 2026
Cache sync 18 at Mon Apr  6 15:16:09 UTC 2026
Cache sync 19 at Mon Apr  6 15:16:09 UTC 2026
Cache sync 20 at Mon Apr  6 15:16:10 UTC 2026
Cache sync 21 at Mon Apr  6 15:16:10 UTC 2026
Cache sync 22 at Mon Apr  6 15:16:10 UTC 2026
Cache sync 23 at Mon Apr  6 15:16:10 UTC 2026
Cache sync 24 at Mon Apr  6 15:16:10 UTC 2026
Cache sync 25 at Mon Apr  6 15:16:10 UTC 2026
Cache sync 26 at Mon Apr  6 15:16:10 UTC 2026
Cache sync 27 at Mon Apr  6 15:16:10 UTC 2026
Cache sync 28 at Mon Apr  6 15:16:10 UTC 2026
Cache sync 29 at Mon Apr  6 15:16:10 UTC 2026
Cache sync 30 at Mon Apr  6 15:16:10 UTC 2026
Cache sync 31 at Mon Apr  6 15:16:10 UTC 2026
Cache sync 32 at Mon Apr  6 15:16:10 UTC 2026
Cache sync 33 at Mon Apr  6 15:16:10 UTC 2026
Cache sync 34 at Mon Apr  6 15:16:10 UTC 2026
Cache sync 35 at Mon Apr  6 15:16:10 UTC 2026
Cache sync 36 at Mon Apr  6 15:16:10 UTC 2026
Cache sync 37 at Mon Apr  6 15:16:10 UTC 2026
Cache sync 38 at Mon Apr  6 15:16:10 UTC 2026
Cache sync 1 at Mon Apr  6 18:18:12 UTC 2026
Cache sync 2 at Mon Apr  6 18:18:12 UTC 2026
Cache sync 3 at Mon Apr  6 18:18:12 UTC 2026
Cache sync 1 at Tue Apr  7 00:22:32 UTC 2026
Cache sync 2 at Tue Apr  7 00:22:32 UTC 2026
Cache sync 3 at Tue Apr  7 00:22:32 UTC 2026
Cache sync 4 at Tue Apr  7 00:22:32 UTC 2026
Cache sync 5 at Tue Apr  7 00:22:32 UTC 2026
Cache sync 6 at Tue Apr  7 00:22:32 UTC 2026
Cache sync 7 at Tue Apr  7 00:22:32 UTC 2026
Cache sync 8 at Tue Apr  7 00:22:32 UTC 2026
Cache sync 9 at Tue Apr  7 00:22:32 UTC 2026
Cache sync 10 at Tue Apr  7 00:22:32 UTC 2026
Cache sync 11 at Tue Apr  7 00:22:32 UTC 2026
Cache sync 12 at Tue Apr  7 00:22:32 UTC 2026
Cache sync 13 at Tue Apr  7 00:22:32 UTC 2026
Cache sync 14 at Tue Apr  7 00:22:32 UTC 2026
Cache sync 15 at Tue Apr  7 00:22:32 UTC 2026
Cache sync 16 at Tue Apr  7 00:22:32 UTC 2026
Cache sync 17 at Tue Apr  7 00:22:32 UTC 2026
Cache sync 18 at Tue Apr  7 00:22:32 UTC 2026
Cache sync 19 at Tue Apr  7 00:22:32 UTC 2026
Cache sync 20 at Tue Apr  7 00:22:32 UTC 2026
Cache sync 21 at Tue Apr  7 00:22:32 UTC 2026
Cache sync 22 at Tue Apr  7 00:22:32 UTC 2026
Cache sync 23 at Tue Apr  7 00:22:32 UTC 2026
Cache sync 24 at Tue Apr  7 00:22:32 UTC 2026
Cache sync 25 at Tue Apr  7 00:22:32 UTC 2026
Cache sync 26 at Tue Apr  7 00:22:32 UTC 2026
Cache sync 27 at Tue Apr  7 00:22:32 UTC 2026
Cache sync 28 at Tue Apr  7 00:22:32 UTC 2026
Cache sync 29 at Tue Apr  7 00:22:32 UTC 2026
Cache sync 30 at Tue Apr  7 00:22:32 UTC 2026
Cache sync 31 at Tue Apr  7 00:22:32 UTC 2026
Cache sync 32 at Tue Apr  7 00:22:32 UTC 2026
Cache sync 33 at Tue Apr  7 00:22:32 UTC 2026
Cache sync 34 at Tue Apr  7 00:22:32 UTC 2026
Cache sync 35 at Tue Apr  7 00:22:32 UTC 2026
Cache sync 36 at Tue Apr  7 00:22:32 UTC 2026
Cache sync 37 at Tue Apr  7 00:22:32 UTC 2026
Cache sync 38 at Tue Apr  7 00:22:32 UTC 2026
Cache sync 39 at Tue Apr  7 00:22:32 UTC 2026
Cache sync 40 at Tue Apr  7 00:22:32 UTC 2026
Cache sync 41 at Tue Apr  7 00:22:32 UTC 2026
Cache sync 42 at Tue Apr  7 00:22:32 UTC 2026
Cache sync 43 at Tue Apr  7 00:22:32 UTC 2026
Cache sync 44 at Tue Apr  7 00:22:32 UTC 2026
Cache sync 45 at Tue Apr  7 00:22:32 UTC 2026
Cache sync 46 at Tue Apr  7 00:22:32 UTC 2026
Cache sync 47 at Tue Apr  7 00:22:32 UTC 2026
Cache sync 48 at Tue Apr  7 00:22:32 UTC 2026
Cache sync 49 at Tue Apr  7 00:22:32 UTC 2026
Cache sync 50 at Tue Apr  7 00:22:33 UTC 2026
Cache sync 51 at Tue Apr  7 00:22:33 UTC 2026
Cache sync 52 at Tue Apr  7 00:22:33 UTC 2026
Cache sync 53 at Tue Apr  7 00:22:33 UTC 2026
Cache sync 1 at Tue Apr  7 03:57:34 UTC 2026
Cache sync 2 at Tue Apr  7 03:57:34 UTC 2026
Cache sync 3 at Tue Apr  7 03:57:34 UTC 2026
Cache sync 4 at Tue Apr  7 03:57:34 UTC 2026
Cache sync 5 at Tue Apr  7 03:57:34 UTC 2026
Cache sync 6 at Tue Apr  7 03:57:34 UTC 2026
Cache sync 7 at Tue Apr  7 03:57:34 UTC 2026
Cache sync 8 at Tue Apr  7 03:57:34 UTC 2026
Cache sync 9 at Tue Apr  7 03:57:34 UTC 2026
Cache sync 10 at Tue Apr  7 03:57:34 UTC 2026
Cache sync 11 at Tue Apr  7 03:57:34 UTC 2026
Cache sync 12 at Tue Apr  7 03:57:34 UTC 2026
Cache sync 13 at Tue Apr  7 03:57:34 UTC 2026
Cache sync 14 at Tue Apr  7 03:57:34 UTC 2026
Cache sync 1 at Tue Apr  7 09:25:05 UTC 2026
Cache sync 2 at Tue Apr  7 09:25:05 UTC 2026
Cache sync 3 at Tue Apr  7 09:25:05 UTC 2026
Cache sync 4 at Tue Apr  7 09:25:05 UTC 2026
Cache sync 5 at Tue Apr  7 09:25:05 UTC 2026
Cache sync 6 at Tue Apr  7 09:25:05 UTC 2026
Cache sync 7 at Tue Apr  7 09:25:05 UTC 2026
Cache sync 8 at Tue Apr  7 09:25:05 UTC 2026
Cache sync 9 at Tue Apr  7 09:25:05 UTC 2026
Cache sync 10 at Tue Apr  7 09:25:05 UTC 2026
Cache sync 11 at Tue Apr  7 09:25:05 UTC 2026
Cache sync 12 at Tue Apr  7 09:25:05 UTC 2026
Cache sync 13 at Tue Apr  7 09:25:05 UTC 2026
Cache sync 14 at Tue Apr  7 09:25:05 UTC 2026
Cache sync 15 at Tue Apr  7 09:25:05 UTC 2026
Cache sync 16 at Tue Apr  7 09:25:05 UTC 2026
Cache sync 17 at Tue Apr  7 09:25:05 UTC 2026
Cache sync 18 at Tue Apr  7 09:25:05 UTC 2026
Cache sync 19 at Tue Apr  7 09:25:05 UTC 2026
Cache sync 20 at Tue Apr  7 09:25:05 UTC 2026
Cache sync 21 at Tue Apr  7 09:25:05 UTC 2026
Cache sync 22 at Tue Apr  7 09:25:05 UTC 2026
Cache sync 1 at Tue Apr  7 12:18:05 UTC 2026
Cache sync 2 at Tue Apr  7 12:18:05 UTC 2026
Cache sync 3 at Tue Apr  7 12:18:05 UTC 2026
Cache sync 4 at Tue Apr  7 12:18:05 UTC 2026
Cache sync 5 at Tue Apr  7 12:18:05 UTC 2026
Cache sync 6 at Tue Apr  7 12:18:05 UTC 2026
Cache sync 7 at Tue Apr  7 12:18:05 UTC 2026
Cache sync 8 at Tue Apr  7 12:18:05 UTC 2026
Cache sync 9 at Tue Apr  7 12:18:05 UTC 2026
Cache sync 10 at Tue Apr  7 12:18:05 UTC 2026
Cache sync 11 at Tue Apr  7 12:18:05 UTC 2026
Cache sync 12 at Tue Apr  7 12:18:05 UTC 2026
Cache sync 13 at Tue Apr  7 12:18:05 UTC 2026
Cache sync 14 at Tue Apr  7 12:18:05 UTC 2026
Cache sync 15 at Tue Apr  7 12:18:05 UTC 2026
Cache sync 16 at Tue Apr  7 12:18:05 UTC 2026
Cache sync 17 at Tue Apr  7 12:18:05 UTC 2026
Cache sync 18 at Tue Apr  7 12:18:05 UTC 2026
Cache sync 19 at Tue Apr  7 12:18:05 UTC 2026
Cache sync 20 at Tue Apr  7 12:18:05 UTC 2026
Cache sync 21 at Tue Apr  7 12:18:05 UTC 2026
Cache sync 1 at Tue Apr  7 15:29:28 UTC 2026
Cache sync 2 at Tue Apr  7 15:29:28 UTC 2026
Cache sync 3 at Tue Apr  7 15:29:28 UTC 2026
Cache sync 4 at Tue Apr  7 15:29:28 UTC 2026
Cache sync 5 at Tue Apr  7 15:29:28 UTC 2026
Cache sync 6 at Tue Apr  7 15:29:28 UTC 2026
Cache sync 7 at Tue Apr  7 15:29:28 UTC 2026
Cache sync 8 at Tue Apr  7 15:29:28 UTC 2026
Cache sync 9 at Tue Apr  7 15:29:28 UTC 2026
Cache sync 10 at Tue Apr  7 15:29:28 UTC 2026
Cache sync 11 at Tue Apr  7 15:29:28 UTC 2026
Cache sync 12 at Tue Apr  7 15:29:28 UTC 2026
Cache sync 13 at Tue Apr  7 15:29:28 UTC 2026
Cache sync 14 at Tue Apr  7 15:29:28 UTC 2026
Cache sync 15 at Tue Apr  7 15:29:28 UTC 2026
Cache sync 16 at Tue Apr  7 15:29:28 UTC 2026
Cache sync 17 at Tue Apr  7 15:29:28 UTC 2026
Cache sync 18 at Tue Apr  7 15:29:28 UTC 2026
Cache sync 19 at Tue Apr  7 15:29:28 UTC 2026
Cache sync 20 at Tue Apr  7 15:29:28 UTC 2026
Cache sync 21 at Tue Apr  7 15:29:28 UTC 2026
Cache sync 22 at Tue Apr  7 15:29:28 UTC 2026
Cache sync 23 at Tue Apr  7 15:29:28 UTC 2026
Cache sync 24 at Tue Apr  7 15:29:28 UTC 2026
Cache sync 25 at Tue Apr  7 15:29:28 UTC 2026
Cache sync 26 at Tue Apr  7 15:29:28 UTC 2026
Cache sync 27 at Tue Apr  7 15:29:28 UTC 2026
Cache sync 28 at Tue Apr  7 15:29:28 UTC 2026
Cache sync 29 at Tue Apr  7 15:29:28 UTC 2026
Cache sync 30 at Tue Apr  7 15:29:28 UTC 2026
Cache sync 31 at Tue Apr  7 15:29:28 UTC 2026
Cache sync 32 at Tue Apr  7 15:29:28 UTC 2026
Cache sync 33 at Tue Apr  7 15:29:28 UTC 2026
Cache sync 34 at Tue Apr  7 15:29:28 UTC 2026
Cache sync 35 at Tue Apr  7 15:29:28 UTC 2026
Cache sync 36 at Tue Apr  7 15:29:28 UTC 2026
Cache sync 37 at Tue Apr  7 15:29:29 UTC 2026
Cache sync 38 at Tue Apr  7 15:29:29 UTC 2026
Cache sync 39 at Tue Apr  7 15:29:29 UTC 2026
Cache sync 40 at Tue Apr  7 15:29:29 UTC 2026
Cache sync 41 at Tue Apr  7 15:29:29 UTC 2026
Cache sync 42 at Tue Apr  7 15:29:29 UTC 2026
Cache sync 43 at Tue Apr  7 15:29:29 UTC 2026
Cache sync 44 at Tue Apr  7 15:29:29 UTC 2026
Cache sync 45 at Tue Apr  7 15:29:29 UTC 2026
Cache sync 46 at Tue Apr  7 15:29:29 UTC 2026
Cache sync 47 at Tue Apr  7 15:29:29 UTC 2026
Cache sync 48 at Tue Apr  7 15:29:29 UTC 2026
Cache sync 49 at Tue Apr  7 15:29:29 UTC 2026
Cache sync 50 at Tue Apr  7 15:29:29 UTC 2026
Cache sync 51 at Tue Apr  7 15:29:29 UTC 2026
Cache sync 52 at Tue Apr  7 15:29:29 UTC 2026
Cache sync 53 at Tue Apr  7 15:29:29 UTC 2026
Cache sync 54 at Tue Apr  7 15:29:29 UTC 2026
Cache sync 55 at Tue Apr  7 15:29:29 UTC 2026
Cache sync 56 at Tue Apr  7 15:29:29 UTC 2026
Cache sync 57 at Tue Apr  7 15:29:29 UTC 2026
Cache sync 58 at Tue Apr  7 15:29:29 UTC 2026
Cache sync 59 at Tue Apr  7 15:29:29 UTC 2026
Cache sync 60 at Tue Apr  7 15:29:29 UTC 2026
Cache sync 61 at Tue Apr  7 15:29:29 UTC 2026
Cache sync 62 at Tue Apr  7 15:29:29 UTC 2026
Cache sync 63 at Tue Apr  7 15:29:29 UTC 2026
Cache sync 64 at Tue Apr  7 15:29:29 UTC 2026
Cache sync 65 at Tue Apr  7 15:29:29 UTC 2026
Cache sync 66 at Tue Apr  7 15:29:29 UTC 2026
Cache sync 67 at Tue Apr  7 15:29:29 UTC 2026
Cache sync 68 at Tue Apr  7 15:29:29 UTC 2026
Cache sync 69 at Tue Apr  7 15:29:29 UTC 2026
Cache sync 1 at Tue Apr  7 18:18:29 UTC 2026
Cache sync 2 at Tue Apr  7 18:18:29 UTC 2026
Cache sync 3 at Tue Apr  7 18:18:29 UTC 2026
Cache sync 4 at Tue Apr  7 18:18:29 UTC 2026
Cache sync 1 at Tue Apr  7 21:16:12 UTC 2026
Cache sync 2 at Tue Apr  7 21:16:12 UTC 2026
Cache sync 3 at Tue Apr  7 21:16:12 UTC 2026
Cache sync 4 at Tue Apr  7 21:16:12 UTC 2026
Cache sync 5 at Tue Apr  7 21:16:12 UTC 2026
Cache sync 6 at Tue Apr  7 21:16:12 UTC 2026
Cache sync 7 at Tue Apr  7 21:16:12 UTC 2026
Cache sync 8 at Tue Apr  7 21:16:12 UTC 2026
Cache sync 9 at Tue Apr  7 21:16:12 UTC 2026
Cache sync 10 at Tue Apr  7 21:16:12 UTC 2026
Cache sync 11 at Tue Apr  7 21:16:12 UTC 2026
Cache sync 12 at Tue Apr  7 21:16:12 UTC 2026
Cache sync 13 at Tue Apr  7 21:16:12 UTC 2026
Cache sync 14 at Tue Apr  7 21:16:12 UTC 2026
Cache sync 15 at Tue Apr  7 21:16:12 UTC 2026
Cache sync 16 at Tue Apr  7 21:16:12 UTC 2026
Cache sync 17 at Tue Apr  7 21:16:12 UTC 2026
Cache sync 18 at Tue Apr  7 21:16:12 UTC 2026
Cache sync 19 at Tue Apr  7 21:16:12 UTC 2026
Cache sync 20 at Tue Apr  7 21:16:12 UTC 2026
Cache sync 21 at Tue Apr  7 21:16:12 UTC 2026
Cache sync 22 at Tue Apr  7 21:16:12 UTC 2026
Cache sync 23 at Tue Apr  7 21:16:12 UTC 2026
Cache sync 24 at Tue Apr  7 21:16:12 UTC 2026
Cache sync 25 at Tue Apr  7 21:16:12 UTC 2026
Cache sync 26 at Tue Apr  7 21:16:12 UTC 2026
Cache sync 27 at Tue Apr  7 21:16:12 UTC 2026
Cache sync 28 at Tue Apr  7 21:16:12 UTC 2026
Cache sync 29 at Tue Apr  7 21:16:12 UTC 2026
Cache sync 30 at Tue Apr  7 21:16:12 UTC 2026
Cache sync 31 at Tue Apr  7 21:16:12 UTC 2026
Cache sync 32 at Tue Apr  7 21:16:12 UTC 2026
Cache sync 33 at Tue Apr  7 21:16:13 UTC 2026
Cache sync 34 at Tue Apr  7 21:16:13 UTC 2026
Cache sync 35 at Tue Apr  7 21:16:13 UTC 2026
Cache sync 36 at Tue Apr  7 21:16:13 UTC 2026
Cache sync 37 at Tue Apr  7 21:16:13 UTC 2026
Cache sync 38 at Tue Apr  7 21:16:13 UTC 2026
Cache sync 39 at Tue Apr  7 21:16:13 UTC 2026
Cache sync 40 at Tue Apr  7 21:16:13 UTC 2026
Cache sync 41 at Tue Apr  7 21:16:13 UTC 2026
Cache sync 42 at Tue Apr  7 21:16:13 UTC 2026
Cache sync 43 at Tue Apr  7 21:16:13 UTC 2026
Cache sync 44 at Tue Apr  7 21:16:13 UTC 2026
Cache sync 45 at Tue Apr  7 21:16:13 UTC 2026
Cache sync 46 at Tue Apr  7 21:16:13 UTC 2026
Cache sync 47 at Tue Apr  7 21:16:13 UTC 2026
Cache sync 48 at Tue Apr  7 21:16:13 UTC 2026
Cache sync 49 at Tue Apr  7 21:16:13 UTC 2026
Cache sync 50 at Tue Apr  7 21:16:13 UTC 2026
Cache sync 51 at Tue Apr  7 21:16:13 UTC 2026
Cache sync 52 at Tue Apr  7 21:16:13 UTC 2026
Cache sync 53 at Tue Apr  7 21:16:13 UTC 2026
Cache sync 1 at Wed Apr  8 00:22:55 UTC 2026
Cache sync 2 at Wed Apr  8 00:22:55 UTC 2026
Cache sync 3 at Wed Apr  8 00:22:55 UTC 2026
Cache sync 4 at Wed Apr  8 00:22:55 UTC 2026
Cache sync 5 at Wed Apr  8 00:22:55 UTC 2026
Cache sync 6 at Wed Apr  8 00:22:55 UTC 2026
Cache sync 7 at Wed Apr  8 00:22:55 UTC 2026
Cache sync 8 at Wed Apr  8 00:22:55 UTC 2026
Cache sync 9 at Wed Apr  8 00:22:55 UTC 2026
Cache sync 10 at Wed Apr  8 00:22:55 UTC 2026
Cache sync 11 at Wed Apr  8 00:22:55 UTC 2026
Cache sync 12 at Wed Apr  8 00:22:55 UTC 2026
Cache sync 13 at Wed Apr  8 00:22:55 UTC 2026
Cache sync 14 at Wed Apr  8 00:22:55 UTC 2026
Cache sync 15 at Wed Apr  8 00:22:55 UTC 2026
Cache sync 16 at Wed Apr  8 00:22:55 UTC 2026
Cache sync 17 at Wed Apr  8 00:22:55 UTC 2026
Cache sync 18 at Wed Apr  8 00:22:55 UTC 2026
Cache sync 19 at Wed Apr  8 00:22:55 UTC 2026
Cache sync 20 at Wed Apr  8 00:22:55 UTC 2026
Cache sync 21 at Wed Apr  8 00:22:55 UTC 2026
Cache sync 22 at Wed Apr  8 00:22:55 UTC 2026
Cache sync 23 at Wed Apr  8 00:22:55 UTC 2026
Cache sync 24 at Wed Apr  8 00:22:55 UTC 2026
Cache sync 25 at Wed Apr  8 00:22:55 UTC 2026
Cache sync 26 at Wed Apr  8 00:22:55 UTC 2026
Cache sync 27 at Wed Apr  8 00:22:55 UTC 2026
Cache sync 28 at Wed Apr  8 00:22:55 UTC 2026
Cache sync 29 at Wed Apr  8 00:22:55 UTC 2026
Cache sync 30 at Wed Apr  8 00:22:55 UTC 2026
Cache sync 31 at Wed Apr  8 00:22:55 UTC 2026
Cache sync 32 at Wed Apr  8 00:22:55 UTC 2026
Cache sync 33 at Wed Apr  8 00:22:55 UTC 2026
Cache sync 34 at Wed Apr  8 00:22:55 UTC 2026
Cache sync 35 at Wed Apr  8 00:22:55 UTC 2026
Cache sync 36 at Wed Apr  8 00:22:55 UTC 2026
Cache sync 37 at Wed Apr  8 00:22:55 UTC 2026
Cache sync 38 at Wed Apr  8 00:22:55 UTC 2026
Cache sync 39 at Wed Apr  8 00:22:55 UTC 2026
Cache sync 40 at Wed Apr  8 00:22:55 UTC 2026
Cache sync 41 at Wed Apr  8 00:22:55 UTC 2026
Cache sync 42 at Wed Apr  8 00:22:55 UTC 2026
Cache sync 43 at Wed Apr  8 00:22:55 UTC 2026
Cache sync 44 at Wed Apr  8 00:22:55 UTC 2026
Cache sync 45 at Wed Apr  8 00:22:55 UTC 2026
Cache sync 46 at Wed Apr  8 00:22:55 UTC 2026
Cache sync 47 at Wed Apr  8 00:22:55 UTC 2026
Cache sync 48 at Wed Apr  8 00:22:55 UTC 2026
Cache sync 49 at Wed Apr  8 00:22:55 UTC 2026
Cache sync 50 at Wed Apr  8 00:22:55 UTC 2026
Cache sync 51 at Wed Apr  8 00:22:55 UTC 2026
Cache sync 52 at Wed Apr  8 00:22:55 UTC 2026
Cache sync 53 at Wed Apr  8 00:22:55 UTC 2026
Cache sync 54 at Wed Apr  8 00:22:55 UTC 2026
Cache sync 55 at Wed Apr  8 00:22:55 UTC 2026
Cache sync 56 at Wed Apr  8 00:22:55 UTC 2026
Cache sync 57 at Wed Apr  8 00:22:55 UTC 2026
Cache sync 58 at Wed Apr  8 00:22:55 UTC 2026
Cache sync 59 at Wed Apr  8 00:22:55 UTC 2026
Cache sync 60 at Wed Apr  8 00:22:55 UTC 2026
Cache sync 61 at Wed Apr  8 00:22:56 UTC 2026
Cache sync 62 at Wed Apr  8 00:22:56 UTC 2026
Cache sync 63 at Wed Apr  8 00:22:56 UTC 2026
Cache sync 64 at Wed Apr  8 00:22:56 UTC 2026
Cache sync 65 at Wed Apr  8 00:22:56 UTC 2026
Cache sync 66 at Wed Apr  8 00:22:56 UTC 2026
Cache sync 67 at Wed Apr  8 00:22:56 UTC 2026
Cache sync 68 at Wed Apr  8 00:22:56 UTC 2026
Cache sync 69 at Wed Apr  8 00:22:56 UTC 2026
Cache sync 70 at Wed Apr  8 00:22:56 UTC 2026
Cache sync 71 at Wed Apr  8 00:22:56 UTC 2026
Cache sync 72 at Wed Apr  8 00:22:56 UTC 2026
Cache sync 73 at Wed Apr  8 00:22:56 UTC 2026
Cache sync 74 at Wed Apr  8 00:22:56 UTC 2026
Cache sync 75 at Wed Apr  8 00:22:56 UTC 2026
Cache sync 76 at Wed Apr  8 00:22:56 UTC 2026
Cache sync 77 at Wed Apr  8 00:22:56 UTC 2026
Cache sync 1 at Wed Apr  8 03:58:16 UTC 2026
Cache sync 2 at Wed Apr  8 03:58:16 UTC 2026
Cache sync 3 at Wed Apr  8 03:58:16 UTC 2026
Cache sync 4 at Wed Apr  8 03:58:16 UTC 2026
Cache sync 5 at Wed Apr  8 03:58:16 UTC 2026
Cache sync 6 at Wed Apr  8 03:58:16 UTC 2026
Cache sync 7 at Wed Apr  8 03:58:16 UTC 2026
Cache sync 8 at Wed Apr  8 03:58:16 UTC 2026
Cache sync 9 at Wed Apr  8 03:58:16 UTC 2026
Cache sync 1 at Wed Apr  8 06:31:44 UTC 2026
Cache sync 2 at Wed Apr  8 06:31:44 UTC 2026
Cache sync 3 at Wed Apr  8 06:31:44 UTC 2026
Cache sync 4 at Wed Apr  8 06:31:44 UTC 2026
Cache sync 5 at Wed Apr  8 06:31:44 UTC 2026
Cache sync 6 at Wed Apr  8 06:31:44 UTC 2026
Cache sync 7 at Wed Apr  8 06:31:44 UTC 2026
Cache sync 8 at Wed Apr  8 06:31:44 UTC 2026
Cache sync 9 at Wed Apr  8 06:31:44 UTC 2026
Cache sync 10 at Wed Apr  8 06:31:44 UTC 2026
Cache sync 11 at Wed Apr  8 06:31:44 UTC 2026
Cache sync 12 at Wed Apr  8 06:31:44 UTC 2026
Cache sync 13 at Wed Apr  8 06:31:44 UTC 2026
Cache sync 14 at Wed Apr  8 06:31:45 UTC 2026
Cache sync 15 at Wed Apr  8 06:31:45 UTC 2026
Cache sync 16 at Wed Apr  8 06:31:45 UTC 2026
Cache sync 17 at Wed Apr  8 06:31:45 UTC 2026
Cache sync 18 at Wed Apr  8 06:31:45 UTC 2026
Cache sync 19 at Wed Apr  8 06:31:45 UTC 2026
Cache sync 20 at Wed Apr  8 06:31:45 UTC 2026
Cache sync 21 at Wed Apr  8 06:31:45 UTC 2026
Cache sync 22 at Wed Apr  8 06:31:45 UTC 2026
Cache sync 23 at Wed Apr  8 06:31:45 UTC 2026
Cache sync 24 at Wed Apr  8 06:31:45 UTC 2026
Cache sync 25 at Wed Apr  8 06:31:45 UTC 2026
Cache sync 26 at Wed Apr  8 06:31:45 UTC 2026
Cache sync 27 at Wed Apr  8 06:31:45 UTC 2026
Cache sync 28 at Wed Apr  8 06:31:45 UTC 2026
Cache sync 29 at Wed Apr  8 06:31:45 UTC 2026
Cache sync 30 at Wed Apr  8 06:31:45 UTC 2026
Cache sync 31 at Wed Apr  8 06:31:45 UTC 2026
Cache sync 32 at Wed Apr  8 06:31:45 UTC 2026
Cache sync 33 at Wed Apr  8 06:31:45 UTC 2026
Cache sync 34 at Wed Apr  8 06:31:45 UTC 2026
Cache sync 35 at Wed Apr  8 06:31:45 UTC 2026
Cache sync 36 at Wed Apr  8 06:31:45 UTC 2026
Cache sync 37 at Wed Apr  8 06:31:45 UTC 2026
Cache sync 38 at Wed Apr  8 06:31:45 UTC 2026
Cache sync 39 at Wed Apr  8 06:31:45 UTC 2026
Cache sync 40 at Wed Apr  8 06:31:45 UTC 2026
Cache sync 41 at Wed Apr  8 06:31:45 UTC 2026
Cache sync 42 at Wed Apr  8 06:31:45 UTC 2026
Cache sync 43 at Wed Apr  8 06:31:45 UTC 2026
Cache sync 44 at Wed Apr  8 06:31:45 UTC 2026
Cache sync 45 at Wed Apr  8 06:31:45 UTC 2026
Cache sync 46 at Wed Apr  8 06:31:45 UTC 2026
Cache sync 47 at Wed Apr  8 06:31:45 UTC 2026
Cache sync 48 at Wed Apr  8 06:31:45 UTC 2026
Cache sync 49 at Wed Apr  8 06:31:45 UTC 2026
Cache sync 50 at Wed Apr  8 06:31:45 UTC 2026
Cache sync 51 at Wed Apr  8 06:31:45 UTC 2026
Cache sync 52 at Wed Apr  8 06:31:45 UTC 2026
Cache sync 53 at Wed Apr  8 06:31:45 UTC 2026
Cache sync 54 at Wed Apr  8 06:31:45 UTC 2026
Cache sync 55 at Wed Apr  8 06:31:45 UTC 2026
Cache sync 56 at Wed Apr  8 06:31:45 UTC 2026
Cache sync 57 at Wed Apr  8 06:31:45 UTC 2026
Cache sync 1 at Wed Apr  8 09:24:41 UTC 2026
Cache sync 2 at Wed Apr  8 09:24:41 UTC 2026
Cache sync 3 at Wed Apr  8 09:24:41 UTC 2026
Cache sync 4 at Wed Apr  8 09:24:41 UTC 2026
Cache sync 5 at Wed Apr  8 09:24:41 UTC 2026
Cache sync 6 at Wed Apr  8 09:24:41 UTC 2026
Cache sync 7 at Wed Apr  8 09:24:41 UTC 2026
Cache sync 8 at Wed Apr  8 09:24:41 UTC 2026
Cache sync 9 at Wed Apr  8 09:24:41 UTC 2026
Cache sync 10 at Wed Apr  8 09:24:41 UTC 2026
Cache sync 11 at Wed Apr  8 09:24:41 UTC 2026
Cache sync 12 at Wed Apr  8 09:24:41 UTC 2026
Cache sync 13 at Wed Apr  8 09:24:41 UTC 2026
Cache sync 14 at Wed Apr  8 09:24:41 UTC 2026
Cache sync 15 at Wed Apr  8 09:24:41 UTC 2026
Cache sync 16 at Wed Apr  8 09:24:41 UTC 2026
Cache sync 17 at Wed Apr  8 09:24:41 UTC 2026
Cache sync 18 at Wed Apr  8 09:24:41 UTC 2026
Cache sync 19 at Wed Apr  8 09:24:41 UTC 2026
Cache sync 20 at Wed Apr  8 09:24:41 UTC 2026
Cache sync 21 at Wed Apr  8 09:24:41 UTC 2026
Cache sync 22 at Wed Apr  8 09:24:41 UTC 2026
Cache sync 23 at Wed Apr  8 09:24:41 UTC 2026
Cache sync 24 at Wed Apr  8 09:24:41 UTC 2026
Cache sync 25 at Wed Apr  8 09:24:41 UTC 2026
Cache sync 26 at Wed Apr  8 09:24:41 UTC 2026
Cache sync 27 at Wed Apr  8 09:24:41 UTC 2026
Cache sync 28 at Wed Apr  8 09:24:41 UTC 2026
Cache sync 29 at Wed Apr  8 09:24:41 UTC 2026
Cache sync 30 at Wed Apr  8 09:24:41 UTC 2026
Cache sync 31 at Wed Apr  8 09:24:41 UTC 2026
Cache sync 32 at Wed Apr  8 09:24:41 UTC 2026
Cache sync 33 at Wed Apr  8 09:24:41 UTC 2026
Cache sync 34 at Wed Apr  8 09:24:41 UTC 2026
Cache sync 35 at Wed Apr  8 09:24:41 UTC 2026
Cache sync 36 at Wed Apr  8 09:24:41 UTC 2026
Cache sync 37 at Wed Apr  8 09:24:41 UTC 2026
Cache sync 38 at Wed Apr  8 09:24:41 UTC 2026
Cache sync 39 at Wed Apr  8 09:24:41 UTC 2026
Cache sync 40 at Wed Apr  8 09:24:41 UTC 2026
Cache sync 1 at Wed Apr  8 12:18:15 UTC 2026
Cache sync 2 at Wed Apr  8 12:18:15 UTC 2026
Cache sync 3 at Wed Apr  8 12:18:15 UTC 2026
Cache sync 4 at Wed Apr  8 12:18:15 UTC 2026
Cache sync 5 at Wed Apr  8 12:18:15 UTC 2026
Cache sync 6 at Wed Apr  8 12:18:15 UTC 2026
Cache sync 7 at Wed Apr  8 12:18:15 UTC 2026
Cache sync 8 at Wed Apr  8 12:18:15 UTC 2026
Cache sync 9 at Wed Apr  8 12:18:15 UTC 2026
Cache sync 10 at Wed Apr  8 12:18:15 UTC 2026
Cache sync 11 at Wed Apr  8 12:18:15 UTC 2026
Cache sync 12 at Wed Apr  8 12:18:15 UTC 2026
Cache sync 13 at Wed Apr  8 12:18:15 UTC 2026
Cache sync 14 at Wed Apr  8 12:18:15 UTC 2026
Cache sync 15 at Wed Apr  8 12:18:15 UTC 2026
Cache sync 16 at Wed Apr  8 12:18:15 UTC 2026
Cache sync 17 at Wed Apr  8 12:18:15 UTC 2026
Cache sync 18 at Wed Apr  8 12:18:15 UTC 2026
Cache sync 19 at Wed Apr  8 12:18:15 UTC 2026
Cache sync 20 at Wed Apr  8 12:18:16 UTC 2026
Cache sync 21 at Wed Apr  8 12:18:16 UTC 2026
Cache sync 22 at Wed Apr  8 12:18:16 UTC 2026
Cache sync 23 at Wed Apr  8 12:18:16 UTC 2026
Cache sync 24 at Wed Apr  8 12:18:16 UTC 2026
Cache sync 25 at Wed Apr  8 12:18:16 UTC 2026
Cache sync 26 at Wed Apr  8 12:18:16 UTC 2026
Cache sync 27 at Wed Apr  8 12:18:16 UTC 2026
Cache sync 28 at Wed Apr  8 12:18:16 UTC 2026
Cache sync 29 at Wed Apr  8 12:18:16 UTC 2026
Cache sync 30 at Wed Apr  8 12:18:16 UTC 2026
Cache sync 31 at Wed Apr  8 12:18:16 UTC 2026
Cache sync 32 at Wed Apr  8 12:18:16 UTC 2026
Cache sync 33 at Wed Apr  8 12:18:16 UTC 2026
Cache sync 34 at Wed Apr  8 12:18:16 UTC 2026
Cache sync 35 at Wed Apr  8 12:18:16 UTC 2026
Cache sync 36 at Wed Apr  8 12:18:16 UTC 2026
Cache sync 37 at Wed Apr  8 12:18:16 UTC 2026
Cache sync 38 at Wed Apr  8 12:18:16 UTC 2026
Cache sync 39 at Wed Apr  8 12:18:16 UTC 2026
Cache sync 40 at Wed Apr  8 12:18:16 UTC 2026
Cache sync 41 at Wed Apr  8 12:18:16 UTC 2026
Cache sync 42 at Wed Apr  8 12:18:16 UTC 2026
Cache sync 43 at Wed Apr  8 12:18:16 UTC 2026
Cache sync 44 at Wed Apr  8 12:18:16 UTC 2026
Cache sync 45 at Wed Apr  8 12:18:16 UTC 2026
Cache sync 46 at Wed Apr  8 12:18:16 UTC 2026
Cache sync 47 at Wed Apr  8 12:18:16 UTC 2026
Cache sync 48 at Wed Apr  8 12:18:16 UTC 2026
Cache sync 1 at Wed Apr  8 15:30:10 UTC 2026
Cache sync 2 at Wed Apr  8 15:30:10 UTC 2026
Cache sync 3 at Wed Apr  8 15:30:10 UTC 2026
Cache sync 4 at Wed Apr  8 15:30:10 UTC 2026
Cache sync 5 at Wed Apr  8 15:30:10 UTC 2026
Cache sync 6 at Wed Apr  8 15:30:10 UTC 2026
Cache sync 7 at Wed Apr  8 15:30:10 UTC 2026
Cache sync 8 at Wed Apr  8 15:30:10 UTC 2026
Cache sync 9 at Wed Apr  8 15:30:10 UTC 2026
Cache sync 10 at Wed Apr  8 15:30:10 UTC 2026
Cache sync 11 at Wed Apr  8 15:30:10 UTC 2026
Cache sync 12 at Wed Apr  8 15:30:10 UTC 2026
Cache sync 13 at Wed Apr  8 15:30:10 UTC 2026
Cache sync 14 at Wed Apr  8 15:30:10 UTC 2026
Cache sync 15 at Wed Apr  8 15:30:10 UTC 2026
Cache sync 16 at Wed Apr  8 15:30:10 UTC 2026
Cache sync 17 at Wed Apr  8 15:30:10 UTC 2026
Cache sync 18 at Wed Apr  8 15:30:10 UTC 2026
Cache sync 19 at Wed Apr  8 15:30:10 UTC 2026
Cache sync 20 at Wed Apr  8 15:30:10 UTC 2026
Cache sync 21 at Wed Apr  8 15:30:10 UTC 2026
Cache sync 22 at Wed Apr  8 15:30:10 UTC 2026
Cache sync 23 at Wed Apr  8 15:30:10 UTC 2026
Cache sync 24 at Wed Apr  8 15:30:10 UTC 2026
Cache sync 25 at Wed Apr  8 15:30:10 UTC 2026
Cache sync 26 at Wed Apr  8 15:30:10 UTC 2026
Cache sync 27 at Wed Apr  8 15:30:10 UTC 2026
Cache sync 28 at Wed Apr  8 15:30:10 UTC 2026
Cache sync 29 at Wed Apr  8 15:30:10 UTC 2026
Cache sync 30 at Wed Apr  8 15:30:10 UTC 2026
Cache sync 31 at Wed Apr  8 15:30:10 UTC 2026
Cache sync 32 at Wed Apr  8 15:30:10 UTC 2026
Cache sync 33 at Wed Apr  8 15:30:10 UTC 2026
Cache sync 1 at Wed Apr  8 21:16:01 UTC 2026
Cache sync 2 at Wed Apr  8 21:16:01 UTC 2026
Cache sync 3 at Wed Apr  8 21:16:01 UTC 2026
Cache sync 4 at Wed Apr  8 21:16:01 UTC 2026
Cache sync 5 at Wed Apr  8 21:16:01 UTC 2026
Cache sync 6 at Wed Apr  8 21:16:01 UTC 2026
Cache sync 7 at Wed Apr  8 21:16:01 UTC 2026
Cache sync 8 at Wed Apr  8 21:16:01 UTC 2026
Cache sync 9 at Wed Apr  8 21:16:01 UTC 2026
Cache sync 10 at Wed Apr  8 21:16:01 UTC 2026
Cache sync 11 at Wed Apr  8 21:16:01 UTC 2026
Cache sync 12 at Wed Apr  8 21:16:01 UTC 2026
Cache sync 13 at Wed Apr  8 21:16:01 UTC 2026
Cache sync 14 at Wed Apr  8 21:16:01 UTC 2026
Cache sync 15 at Wed Apr  8 21:16:01 UTC 2026
Cache sync 16 at Wed Apr  8 21:16:01 UTC 2026
Cache sync 17 at Wed Apr  8 21:16:01 UTC 2026
Cache sync 18 at Wed Apr  8 21:16:01 UTC 2026
Cache sync 19 at Wed Apr  8 21:16:01 UTC 2026
Cache sync 20 at Wed Apr  8 21:16:01 UTC 2026
Cache sync 21 at Wed Apr  8 21:16:01 UTC 2026
Cache sync 22 at Wed Apr  8 21:16:01 UTC 2026
Cache sync 23 at Wed Apr  8 21:16:01 UTC 2026
Cache sync 24 at Wed Apr  8 21:16:01 UTC 2026
Cache sync 25 at Wed Apr  8 21:16:01 UTC 2026
Cache sync 26 at Wed Apr  8 21:16:01 UTC 2026
Cache sync 27 at Wed Apr  8 21:16:01 UTC 2026
Cache sync 28 at Wed Apr  8 21:16:01 UTC 2026
Cache sync 29 at Wed Apr  8 21:16:01 UTC 2026
Cache sync 30 at Wed Apr  8 21:16:01 UTC 2026
Cache sync 31 at Wed Apr  8 21:16:01 UTC 2026
Cache sync 32 at Wed Apr  8 21:16:01 UTC 2026
Cache sync 33 at Wed Apr  8 21:16:01 UTC 2026
Cache sync 34 at Wed Apr  8 21:16:01 UTC 2026
Cache sync 35 at Wed Apr  8 21:16:01 UTC 2026
Cache sync 36 at Wed Apr  8 21:16:01 UTC 2026
Cache sync 37 at Wed Apr  8 21:16:01 UTC 2026
Cache sync 38 at Wed Apr  8 21:16:01 UTC 2026
Cache sync 39 at Wed Apr  8 21:16:01 UTC 2026
Cache sync 40 at Wed Apr  8 21:16:01 UTC 2026
Cache sync 41 at Wed Apr  8 21:16:01 UTC 2026
Cache sync 42 at Wed Apr  8 21:16:01 UTC 2026
Cache sync 43 at Wed Apr  8 21:16:01 UTC 2026
Cache sync 44 at Wed Apr  8 21:16:01 UTC 2026
Cache sync 45 at Wed Apr  8 21:16:01 UTC 2026
Cache sync 46 at Wed Apr  8 21:16:01 UTC 2026
Cache sync 47 at Wed Apr  8 21:16:02 UTC 2026
Cache sync 48 at Wed Apr  8 21:16:02 UTC 2026
Cache sync 49 at Wed Apr  8 21:16:02 UTC 2026
Cache sync 50 at Wed Apr  8 21:16:02 UTC 2026
Cache sync 51 at Wed Apr  8 21:16:02 UTC 2026
Cache sync 52 at Wed Apr  8 21:16:02 UTC 2026
Cache sync 53 at Wed Apr  8 21:16:02 UTC 2026
Cache sync 54 at Wed Apr  8 21:16:02 UTC 2026
Cache sync 55 at Wed Apr  8 21:16:02 UTC 2026
Cache sync 56 at Wed Apr  8 21:16:02 UTC 2026
Cache sync 57 at Wed Apr  8 21:16:02 UTC 2026
Cache sync 58 at Wed Apr  8 21:16:02 UTC 2026
Cache sync 59 at Wed Apr  8 21:16:02 UTC 2026
Cache sync 60 at Wed Apr  8 21:16:02 UTC 2026
Cache sync 61 at Wed Apr  8 21:16:02 UTC 2026
Cache sync 62 at Wed Apr  8 21:16:02 UTC 2026
Cache sync 63 at Wed Apr  8 21:16:02 UTC 2026
Cache sync 64 at Wed Apr  8 21:16:02 UTC 2026
Cache sync 65 at Wed Apr  8 21:16:02 UTC 2026
Cache sync 66 at Wed Apr  8 21:16:02 UTC 2026
Cache sync 67 at Wed Apr  8 21:16:02 UTC 2026
Cache sync 68 at Wed Apr  8 21:16:02 UTC 2026
Cache sync 69 at Wed Apr  8 21:16:02 UTC 2026
Cache sync 70 at Wed Apr  8 21:16:02 UTC 2026
Cache sync 71 at Wed Apr  8 21:16:02 UTC 2026
Cache sync 72 at Wed Apr  8 21:16:02 UTC 2026
Cache sync 1 at Thu Apr  9 00:18:47 UTC 2026
Cache sync 2 at Thu Apr  9 00:18:47 UTC 2026
Cache sync 3 at Thu Apr  9 00:18:47 UTC 2026
Cache sync 4 at Thu Apr  9 00:18:48 UTC 2026
Cache sync 5 at Thu Apr  9 00:18:48 UTC 2026
Cache sync 1 at Thu Apr  9 03:56:50 UTC 2026
Cache sync 2 at Thu Apr  9 03:56:50 UTC 2026
Cache sync 3 at Thu Apr  9 03:56:50 UTC 2026
Cache sync 4 at Thu Apr  9 03:56:50 UTC 2026
Cache sync 5 at Thu Apr  9 03:56:50 UTC 2026
Cache sync 6 at Thu Apr  9 03:56:50 UTC 2026
Cache sync 7 at Thu Apr  9 03:56:50 UTC 2026
Cache sync 8 at Thu Apr  9 03:56:50 UTC 2026
Cache sync 9 at Thu Apr  9 03:56:50 UTC 2026
Cache sync 10 at Thu Apr  9 03:56:50 UTC 2026
Cache sync 11 at Thu Apr  9 03:56:50 UTC 2026
Cache sync 1 at Thu Apr  9 06:32:29 UTC 2026
Cache sync 2 at Thu Apr  9 06:32:29 UTC 2026
Cache sync 3 at Thu Apr  9 06:32:29 UTC 2026
Cache sync 4 at Thu Apr  9 06:32:29 UTC 2026
Cache sync 5 at Thu Apr  9 06:32:29 UTC 2026
Cache sync 6 at Thu Apr  9 06:32:29 UTC 2026
Cache sync 7 at Thu Apr  9 06:32:29 UTC 2026
Cache sync 8 at Thu Apr  9 06:32:29 UTC 2026
Cache sync 9 at Thu Apr  9 06:32:29 UTC 2026
Cache sync 10 at Thu Apr  9 06:32:29 UTC 2026
Cache sync 11 at Thu Apr  9 06:32:29 UTC 2026
Cache sync 12 at Thu Apr  9 06:32:29 UTC 2026
Cache sync 13 at Thu Apr  9 06:32:29 UTC 2026
Cache sync 14 at Thu Apr  9 06:32:29 UTC 2026
Cache sync 15 at Thu Apr  9 06:32:29 UTC 2026
Cache sync 16 at Thu Apr  9 06:32:29 UTC 2026
Cache sync 17 at Thu Apr  9 06:32:29 UTC 2026
Cache sync 18 at Thu Apr  9 06:32:29 UTC 2026
Cache sync 19 at Thu Apr  9 06:32:29 UTC 2026
Cache sync 20 at Thu Apr  9 06:32:29 UTC 2026
Cache sync 21 at Thu Apr  9 06:32:29 UTC 2026
Cache sync 22 at Thu Apr  9 06:32:29 UTC 2026
Cache sync 23 at Thu Apr  9 06:32:29 UTC 2026
Cache sync 24 at Thu Apr  9 06:32:29 UTC 2026
Cache sync 25 at Thu Apr  9 06:32:29 UTC 2026
Cache sync 26 at Thu Apr  9 06:32:29 UTC 2026
Cache sync 27 at Thu Apr  9 06:32:29 UTC 2026
Cache sync 28 at Thu Apr  9 06:32:29 UTC 2026
Cache sync 29 at Thu Apr  9 06:32:29 UTC 2026
Cache sync 30 at Thu Apr  9 06:32:29 UTC 2026
Cache sync 31 at Thu Apr  9 06:32:29 UTC 2026
Cache sync 32 at Thu Apr  9 06:32:29 UTC 2026
Cache sync 33 at Thu Apr  9 06:32:29 UTC 2026
Cache sync 34 at Thu Apr  9 06:32:29 UTC 2026
Cache sync 35 at Thu Apr  9 06:32:29 UTC 2026
Cache sync 36 at Thu Apr  9 06:32:29 UTC 2026
Cache sync 37 at Thu Apr  9 06:32:29 UTC 2026
Cache sync 38 at Thu Apr  9 06:32:29 UTC 2026
Cache sync 39 at Thu Apr  9 06:32:29 UTC 2026
Cache sync 40 at Thu Apr  9 06:32:29 UTC 2026
Cache sync 41 at Thu Apr  9 06:32:29 UTC 2026
Cache sync 42 at Thu Apr  9 06:32:29 UTC 2026
Cache sync 43 at Thu Apr  9 06:32:29 UTC 2026
Cache sync 44 at Thu Apr  9 06:32:29 UTC 2026
Cache sync 45 at Thu Apr  9 06:32:29 UTC 2026
Cache sync 46 at Thu Apr  9 06:32:29 UTC 2026
Cache sync 47 at Thu Apr  9 06:32:29 UTC 2026
Cache sync 48 at Thu Apr  9 06:32:29 UTC 2026
Cache sync 49 at Thu Apr  9 06:32:29 UTC 2026
Cache sync 50 at Thu Apr  9 06:32:29 UTC 2026
Cache sync 51 at Thu Apr  9 06:32:29 UTC 2026
Cache sync 52 at Thu Apr  9 06:32:29 UTC 2026
Cache sync 53 at Thu Apr  9 06:32:29 UTC 2026
Cache sync 54 at Thu Apr  9 06:32:30 UTC 2026
Cache sync 55 at Thu Apr  9 06:32:30 UTC 2026
Cache sync 56 at Thu Apr  9 06:32:30 UTC 2026
Cache sync 57 at Thu Apr  9 06:32:30 UTC 2026
Cache sync 58 at Thu Apr  9 06:32:30 UTC 2026
Cache sync 59 at Thu Apr  9 06:32:30 UTC 2026
Cache sync 60 at Thu Apr  9 06:32:30 UTC 2026
Cache sync 61 at Thu Apr  9 06:32:30 UTC 2026
Cache sync 62 at Thu Apr  9 06:32:30 UTC 2026
Cache sync 63 at Thu Apr  9 06:32:30 UTC 2026
Cache sync 64 at Thu Apr  9 06:32:30 UTC 2026
Cache sync 1 at Thu Apr  9 12:19:45 UTC 2026
Cache sync 2 at Thu Apr  9 12:19:45 UTC 2026
Cache sync 3 at Thu Apr  9 12:19:45 UTC 2026
Cache sync 4 at Thu Apr  9 12:19:45 UTC 2026
Cache sync 5 at Thu Apr  9 12:19:45 UTC 2026
Cache sync 6 at Thu Apr  9 12:19:45 UTC 2026
Cache sync 7 at Thu Apr  9 12:19:45 UTC 2026
Cache sync 8 at Thu Apr  9 12:19:45 UTC 2026
Cache sync 9 at Thu Apr  9 12:19:45 UTC 2026
Cache sync 10 at Thu Apr  9 12:19:45 UTC 2026
Cache sync 11 at Thu Apr  9 12:19:45 UTC 2026
Cache sync 12 at Thu Apr  9 12:19:45 UTC 2026
Cache sync 13 at Thu Apr  9 12:19:45 UTC 2026
Cache sync 14 at Thu Apr  9 12:19:45 UTC 2026
Cache sync 15 at Thu Apr  9 12:19:45 UTC 2026
Cache sync 16 at Thu Apr  9 12:19:45 UTC 2026
Cache sync 17 at Thu Apr  9 12:19:45 UTC 2026
Cache sync 18 at Thu Apr  9 12:19:45 UTC 2026
Cache sync 19 at Thu Apr  9 12:19:45 UTC 2026
Cache sync 20 at Thu Apr  9 12:19:45 UTC 2026
Cache sync 21 at Thu Apr  9 12:19:45 UTC 2026
Cache sync 22 at Thu Apr  9 12:19:45 UTC 2026
Cache sync 23 at Thu Apr  9 12:19:45 UTC 2026
Cache sync 24 at Thu Apr  9 12:19:45 UTC 2026
Cache sync 25 at Thu Apr  9 12:19:45 UTC 2026
Cache sync 26 at Thu Apr  9 12:19:45 UTC 2026
Cache sync 27 at Thu Apr  9 12:19:45 UTC 2026
Cache sync 28 at Thu Apr  9 12:19:45 UTC 2026
Cache sync 29 at Thu Apr  9 12:19:45 UTC 2026
Cache sync 30 at Thu Apr  9 12:19:45 UTC 2026
Cache sync 31 at Thu Apr  9 12:19:45 UTC 2026
Cache sync 32 at Thu Apr  9 12:19:45 UTC 2026
Cache sync 33 at Thu Apr  9 12:19:46 UTC 2026
Cache sync 34 at Thu Apr  9 12:19:46 UTC 2026
Cache sync 35 at Thu Apr  9 12:19:46 UTC 2026
Cache sync 36 at Thu Apr  9 12:19:46 UTC 2026
Cache sync 37 at Thu Apr  9 12:19:46 UTC 2026
Cache sync 38 at Thu Apr  9 12:19:46 UTC 2026
Cache sync 39 at Thu Apr  9 12:19:46 UTC 2026
Cache sync 40 at Thu Apr  9 12:19:46 UTC 2026
Cache sync 41 at Thu Apr  9 12:19:46 UTC 2026
Cache sync 42 at Thu Apr  9 12:19:46 UTC 2026
Cache sync 43 at Thu Apr  9 12:19:46 UTC 2026
Cache sync 44 at Thu Apr  9 12:19:46 UTC 2026
Cache sync 45 at Thu Apr  9 12:19:46 UTC 2026
Cache sync 46 at Thu Apr  9 12:19:46 UTC 2026
Cache sync 47 at Thu Apr  9 12:19:46 UTC 2026
Cache sync 48 at Thu Apr  9 12:19:46 UTC 2026
Cache sync 49 at Thu Apr  9 12:19:46 UTC 2026
Cache sync 50 at Thu Apr  9 12:19:46 UTC 2026
Cache sync 51 at Thu Apr  9 12:19:46 UTC 2026
Cache sync 52 at Thu Apr  9 12:19:46 UTC 2026
Cache sync 53 at Thu Apr  9 12:19:46 UTC 2026
Cache sync 54 at Thu Apr  9 12:19:46 UTC 2026
Cache sync 55 at Thu Apr  9 12:19:46 UTC 2026
Cache sync 56 at Thu Apr  9 12:19:46 UTC 2026
Cache sync 57 at Thu Apr  9 12:19:46 UTC 2026
Cache sync 1 at Thu Apr  9 15:31:51 UTC 2026
Cache sync 2 at Thu Apr  9 15:31:51 UTC 2026
Cache sync 3 at Thu Apr  9 15:31:51 UTC 2026
Cache sync 4 at Thu Apr  9 15:31:51 UTC 2026
Cache sync 5 at Thu Apr  9 15:31:51 UTC 2026
Cache sync 6 at Thu Apr  9 15:31:51 UTC 2026
Cache sync 7 at Thu Apr  9 15:31:51 UTC 2026
Cache sync 8 at Thu Apr  9 15:31:51 UTC 2026
Cache sync 9 at Thu Apr  9 15:31:51 UTC 2026
Cache sync 10 at Thu Apr  9 15:31:51 UTC 2026
Cache sync 11 at Thu Apr  9 15:31:51 UTC 2026
Cache sync 1 at Thu Apr  9 18:20:51 UTC 2026
Cache sync 2 at Thu Apr  9 18:20:51 UTC 2026
Cache sync 3 at Thu Apr  9 18:20:51 UTC 2026
Cache sync 4 at Thu Apr  9 18:20:51 UTC 2026
Cache sync 5 at Thu Apr  9 18:20:51 UTC 2026
Cache sync 6 at Thu Apr  9 18:20:51 UTC 2026
Cache sync 7 at Thu Apr  9 18:20:51 UTC 2026
Cache sync 8 at Thu Apr  9 18:20:52 UTC 2026
Cache sync 9 at Thu Apr  9 18:20:52 UTC 2026
Cache sync 10 at Thu Apr  9 18:20:52 UTC 2026
Cache sync 11 at Thu Apr  9 18:20:52 UTC 2026
Cache sync 12 at Thu Apr  9 18:20:52 UTC 2026
Cache sync 13 at Thu Apr  9 18:20:52 UTC 2026
Cache sync 14 at Thu Apr  9 18:20:52 UTC 2026
Cache sync 15 at Thu Apr  9 18:20:52 UTC 2026
Cache sync 16 at Thu Apr  9 18:20:52 UTC 2026
Cache sync 17 at Thu Apr  9 18:20:52 UTC 2026
Cache sync 18 at Thu Apr  9 18:20:52 UTC 2026
Cache sync 19 at Thu Apr  9 18:20:52 UTC 2026
Cache sync 20 at Thu Apr  9 18:20:52 UTC 2026
Cache sync 21 at Thu Apr  9 18:20:52 UTC 2026
Cache sync 1 at Thu Apr  9 21:15:41 UTC 2026
Cache sync 2 at Thu Apr  9 21:15:41 UTC 2026
Cache sync 3 at Thu Apr  9 21:15:41 UTC 2026
Cache sync 4 at Thu Apr  9 21:15:41 UTC 2026
Cache sync 5 at Thu Apr  9 21:15:41 UTC 2026
Cache sync 6 at Thu Apr  9 21:15:41 UTC 2026
Cache sync 7 at Thu Apr  9 21:15:41 UTC 2026
Cache sync 8 at Thu Apr  9 21:15:41 UTC 2026
Cache sync 9 at Thu Apr  9 21:15:41 UTC 2026
Cache sync 10 at Thu Apr  9 21:15:41 UTC 2026
Cache sync 1 at Fri Apr 10 00:22:01 UTC 2026
Cache sync 2 at Fri Apr 10 00:22:01 UTC 2026
Cache sync 3 at Fri Apr 10 00:22:01 UTC 2026
Cache sync 4 at Fri Apr 10 00:22:01 UTC 2026
Cache sync 5 at Fri Apr 10 00:22:01 UTC 2026
Cache sync 6 at Fri Apr 10 00:22:01 UTC 2026
Cache sync 7 at Fri Apr 10 00:22:01 UTC 2026
Cache sync 8 at Fri Apr 10 00:22:01 UTC 2026
Cache sync 9 at Fri Apr 10 00:22:01 UTC 2026
Cache sync 10 at Fri Apr 10 00:22:01 UTC 2026
Cache sync 11 at Fri Apr 10 00:22:01 UTC 2026
Cache sync 12 at Fri Apr 10 00:22:01 UTC 2026
Cache sync 13 at Fri Apr 10 00:22:02 UTC 2026
Cache sync 14 at Fri Apr 10 00:22:02 UTC 2026
Cache sync 15 at Fri Apr 10 00:22:02 UTC 2026
Cache sync 16 at Fri Apr 10 00:22:02 UTC 2026
Cache sync 17 at Fri Apr 10 00:22:02 UTC 2026
Cache sync 18 at Fri Apr 10 00:22:02 UTC 2026
Cache sync 19 at Fri Apr 10 00:22:02 UTC 2026
Cache sync 20 at Fri Apr 10 00:22:02 UTC 2026
Cache sync 21 at Fri Apr 10 00:22:02 UTC 2026
Cache sync 22 at Fri Apr 10 00:22:02 UTC 2026
Cache sync 23 at Fri Apr 10 00:22:02 UTC 2026
Cache sync 24 at Fri Apr 10 00:22:02 UTC 2026
Cache sync 25 at Fri Apr 10 00:22:02 UTC 2026
Cache sync 26 at Fri Apr 10 00:22:02 UTC 2026
Cache sync 27 at Fri Apr 10 00:22:02 UTC 2026
Cache sync 28 at Fri Apr 10 00:22:02 UTC 2026
Cache sync 29 at Fri Apr 10 00:22:02 UTC 2026
Cache sync 30 at Fri Apr 10 00:22:02 UTC 2026
Cache sync 31 at Fri Apr 10 00:22:02 UTC 2026
Cache sync 32 at Fri Apr 10 00:22:02 UTC 2026
Cache sync 33 at Fri Apr 10 00:22:02 UTC 2026
Cache sync 34 at Fri Apr 10 00:22:02 UTC 2026
Cache sync 35 at Fri Apr 10 00:22:02 UTC 2026
Cache sync 36 at Fri Apr 10 00:22:02 UTC 2026
Cache sync 37 at Fri Apr 10 00:22:02 UTC 2026
Cache sync 1 at Fri Apr 10 04:01:51 UTC 2026
Cache sync 2 at Fri Apr 10 04:01:51 UTC 2026
Cache sync 3 at Fri Apr 10 04:01:51 UTC 2026
Cache sync 4 at Fri Apr 10 04:01:51 UTC 2026
Cache sync 5 at Fri Apr 10 04:01:51 UTC 2026
Cache sync 6 at Fri Apr 10 04:01:52 UTC 2026
Cache sync 7 at Fri Apr 10 04:01:52 UTC 2026
Cache sync 8 at Fri Apr 10 04:01:52 UTC 2026
Cache sync 9 at Fri Apr 10 04:01:52 UTC 2026
Cache sync 10 at Fri Apr 10 04:01:52 UTC 2026
Cache sync 11 at Fri Apr 10 04:01:52 UTC 2026
Cache sync 12 at Fri Apr 10 04:01:52 UTC 2026
Cache sync 13 at Fri Apr 10 04:01:52 UTC 2026
Cache sync 14 at Fri Apr 10 04:01:52 UTC 2026
Cache sync 15 at Fri Apr 10 04:01:52 UTC 2026
Cache sync 16 at Fri Apr 10 04:01:52 UTC 2026
Cache sync 1 at Fri Apr 10 09:27:22 UTC 2026
Cache sync 2 at Fri Apr 10 09:27:22 UTC 2026
Cache sync 3 at Fri Apr 10 09:27:22 UTC 2026
Cache sync 4 at Fri Apr 10 09:27:22 UTC 2026
Cache sync 5 at Fri Apr 10 09:27:22 UTC 2026
Cache sync 6 at Fri Apr 10 09:27:22 UTC 2026
Cache sync 7 at Fri Apr 10 09:27:22 UTC 2026
Cache sync 8 at Fri Apr 10 09:27:22 UTC 2026
Cache sync 9 at Fri Apr 10 09:27:22 UTC 2026
Cache sync 10 at Fri Apr 10 09:27:22 UTC 2026
Cache sync 11 at Fri Apr 10 09:27:22 UTC 2026
Cache sync 12 at Fri Apr 10 09:27:23 UTC 2026
Cache sync 13 at Fri Apr 10 09:27:23 UTC 2026
Cache sync 14 at Fri Apr 10 09:27:23 UTC 2026
Cache sync 15 at Fri Apr 10 09:27:23 UTC 2026
Cache sync 16 at Fri Apr 10 09:27:23 UTC 2026
Cache sync 17 at Fri Apr 10 09:27:23 UTC 2026
Cache sync 18 at Fri Apr 10 09:27:23 UTC 2026
Cache sync 19 at Fri Apr 10 09:27:23 UTC 2026
Cache sync 20 at Fri Apr 10 09:27:23 UTC 2026
Cache sync 21 at Fri Apr 10 09:27:23 UTC 2026
Cache sync 22 at Fri Apr 10 09:27:23 UTC 2026
Cache sync 23 at Fri Apr 10 09:27:23 UTC 2026
Cache sync 24 at Fri Apr 10 09:27:23 UTC 2026
Cache sync 25 at Fri Apr 10 09:27:23 UTC 2026
Cache sync 26 at Fri Apr 10 09:27:23 UTC 2026
Cache sync 27 at Fri Apr 10 09:27:23 UTC 2026
Cache sync 28 at Fri Apr 10 09:27:23 UTC 2026
Cache sync 29 at Fri Apr 10 09:27:23 UTC 2026
Cache sync 30 at Fri Apr 10 09:27:23 UTC 2026
Cache sync 31 at Fri Apr 10 09:27:23 UTC 2026
Cache sync 1 at Fri Apr 10 12:16:13 UTC 2026
Cache sync 2 at Fri Apr 10 12:16:13 UTC 2026
Cache sync 3 at Fri Apr 10 12:16:13 UTC 2026
Cache sync 4 at Fri Apr 10 12:16:13 UTC 2026
Cache sync 5 at Fri Apr 10 12:16:13 UTC 2026
Cache sync 6 at Fri Apr 10 12:16:13 UTC 2026
Cache sync 7 at Fri Apr 10 12:16:13 UTC 2026
Cache sync 8 at Fri Apr 10 12:16:13 UTC 2026
Cache sync 9 at Fri Apr 10 12:16:13 UTC 2026
Cache sync 10 at Fri Apr 10 12:16:13 UTC 2026
Cache sync 11 at Fri Apr 10 12:16:13 UTC 2026
Cache sync 12 at Fri Apr 10 12:16:13 UTC 2026
Cache sync 13 at Fri Apr 10 12:16:13 UTC 2026
Cache sync 14 at Fri Apr 10 12:16:13 UTC 2026
Cache sync 15 at Fri Apr 10 12:16:14 UTC 2026
Cache sync 16 at Fri Apr 10 12:16:14 UTC 2026
Cache sync 17 at Fri Apr 10 12:16:14 UTC 2026
Cache sync 18 at Fri Apr 10 12:16:14 UTC 2026
Cache sync 19 at Fri Apr 10 12:16:14 UTC 2026
Cache sync 20 at Fri Apr 10 12:16:14 UTC 2026
Cache sync 21 at Fri Apr 10 12:16:14 UTC 2026
Cache sync 22 at Fri Apr 10 12:16:14 UTC 2026
Cache sync 23 at Fri Apr 10 12:16:14 UTC 2026
Cache sync 24 at Fri Apr 10 12:16:14 UTC 2026
Cache sync 25 at Fri Apr 10 12:16:14 UTC 2026
Cache sync 26 at Fri Apr 10 12:16:14 UTC 2026
Cache sync 27 at Fri Apr 10 12:16:14 UTC 2026
Cache sync 28 at Fri Apr 10 12:16:14 UTC 2026
Cache sync 29 at Fri Apr 10 12:16:14 UTC 2026
Cache sync 30 at Fri Apr 10 12:16:14 UTC 2026
Cache sync 31 at Fri Apr 10 12:16:14 UTC 2026
Cache sync 32 at Fri Apr 10 12:16:14 UTC 2026
Cache sync 33 at Fri Apr 10 12:16:14 UTC 2026
Cache sync 34 at Fri Apr 10 12:16:14 UTC 2026
Cache sync 35 at Fri Apr 10 12:16:14 UTC 2026
Cache sync 36 at Fri Apr 10 12:16:14 UTC 2026
Cache sync 37 at Fri Apr 10 12:16:14 UTC 2026
Cache sync 38 at Fri Apr 10 12:16:14 UTC 2026
Cache sync 39 at Fri Apr 10 12:16:14 UTC 2026
Cache sync 40 at Fri Apr 10 12:16:14 UTC 2026
Cache sync 41 at Fri Apr 10 12:16:14 UTC 2026
Cache sync 42 at Fri Apr 10 12:16:14 UTC 2026
Cache sync 43 at Fri Apr 10 12:16:14 UTC 2026
Cache sync 44 at Fri Apr 10 12:16:14 UTC 2026
Cache sync 45 at Fri Apr 10 12:16:14 UTC 2026
Cache sync 46 at Fri Apr 10 12:16:14 UTC 2026
Cache sync 47 at Fri Apr 10 12:16:14 UTC 2026
Cache sync 48 at Fri Apr 10 12:16:14 UTC 2026
Cache sync 49 at Fri Apr 10 12:16:14 UTC 2026
Cache sync 50 at Fri Apr 10 12:16:14 UTC 2026
Cache sync 51 at Fri Apr 10 12:16:14 UTC 2026
Cache sync 52 at Fri Apr 10 12:16:14 UTC 2026
Cache sync 53 at Fri Apr 10 12:16:14 UTC 2026
Cache sync 54 at Fri Apr 10 12:16:14 UTC 2026
Cache sync 55 at Fri Apr 10 12:16:14 UTC 2026
Cache sync 56 at Fri Apr 10 12:16:14 UTC 2026
Cache sync 57 at Fri Apr 10 12:16:14 UTC 2026
Cache sync 58 at Fri Apr 10 12:16:14 UTC 2026
Cache sync 59 at Fri Apr 10 12:16:14 UTC 2026
Cache sync 60 at Fri Apr 10 12:16:14 UTC 2026
Cache sync 61 at Fri Apr 10 12:16:14 UTC 2026
Cache sync 62 at Fri Apr 10 12:16:14 UTC 2026
Cache sync 63 at Fri Apr 10 12:16:14 UTC 2026
Cache sync 64 at Fri Apr 10 12:16:14 UTC 2026
Cache sync 65 at Fri Apr 10 12:16:14 UTC 2026
Cache sync 66 at Fri Apr 10 12:16:14 UTC 2026
Cache sync 67 at Fri Apr 10 12:16:14 UTC 2026
Cache sync 68 at Fri Apr 10 12:16:14 UTC 2026
Cache sync 69 at Fri Apr 10 12:16:14 UTC 2026
Cache sync 70 at Fri Apr 10 12:16:14 UTC 2026
Cache sync 71 at Fri Apr 10 12:16:14 UTC 2026
Cache sync 72 at Fri Apr 10 12:16:14 UTC 2026
Cache sync 73 at Fri Apr 10 12:16:14 UTC 2026
Cache sync 74 at Fri Apr 10 12:16:14 UTC 2026
Cache sync 75 at Fri Apr 10 12:16:14 UTC 2026
Cache sync 76 at Fri Apr 10 12:16:14 UTC 2026
Cache sync 77 at Fri Apr 10 12:16:14 UTC 2026
Cache sync 78 at Fri Apr 10 12:16:14 UTC 2026
Cache sync 79 at Fri Apr 10 12:16:15 UTC 2026
Cache sync 1 at Fri Apr 10 15:17:09 UTC 2026
Cache sync 2 at Fri Apr 10 15:17:09 UTC 2026
Cache sync 3 at Fri Apr 10 15:17:09 UTC 2026
Cache sync 4 at Fri Apr 10 15:17:09 UTC 2026
Cache sync 5 at Fri Apr 10 15:17:09 UTC 2026
Cache sync 6 at Fri Apr 10 15:17:09 UTC 2026
Cache sync 7 at Fri Apr 10 15:17:09 UTC 2026
Cache sync 8 at Fri Apr 10 15:17:09 UTC 2026
Cache sync 9 at Fri Apr 10 15:17:09 UTC 2026
Cache sync 10 at Fri Apr 10 15:17:09 UTC 2026
Cache sync 11 at Fri Apr 10 15:17:09 UTC 2026
Cache sync 12 at Fri Apr 10 15:17:09 UTC 2026
Cache sync 13 at Fri Apr 10 15:17:09 UTC 2026
Cache sync 14 at Fri Apr 10 15:17:09 UTC 2026
Cache sync 15 at Fri Apr 10 15:17:09 UTC 2026
Cache sync 16 at Fri Apr 10 15:17:09 UTC 2026
Cache sync 17 at Fri Apr 10 15:17:09 UTC 2026
Cache sync 18 at Fri Apr 10 15:17:09 UTC 2026
Cache sync 19 at Fri Apr 10 15:17:09 UTC 2026
Cache sync 20 at Fri Apr 10 15:17:09 UTC 2026
Cache sync 21 at Fri Apr 10 15:17:09 UTC 2026
Cache sync 22 at Fri Apr 10 15:17:09 UTC 2026
Cache sync 23 at Fri Apr 10 15:17:09 UTC 2026
Cache sync 24 at Fri Apr 10 15:17:09 UTC 2026
Cache sync 25 at Fri Apr 10 15:17:09 UTC 2026
Cache sync 26 at Fri Apr 10 15:17:09 UTC 2026
Cache sync 27 at Fri Apr 10 15:17:09 UTC 2026
Cache sync 28 at Fri Apr 10 15:17:09 UTC 2026
Cache sync 29 at Fri Apr 10 15:17:09 UTC 2026
Cache sync 30 at Fri Apr 10 15:17:09 UTC 2026
Cache sync 31 at Fri Apr 10 15:17:09 UTC 2026
Cache sync 32 at Fri Apr 10 15:17:09 UTC 2026
Cache sync 33 at Fri Apr 10 15:17:09 UTC 2026
Cache sync 34 at Fri Apr 10 15:17:09 UTC 2026
Cache sync 35 at Fri Apr 10 15:17:10 UTC 2026
Cache sync 36 at Fri Apr 10 15:17:10 UTC 2026
Cache sync 37 at Fri Apr 10 15:17:10 UTC 2026
Cache sync 38 at Fri Apr 10 15:17:10 UTC 2026
Cache sync 39 at Fri Apr 10 15:17:10 UTC 2026
Cache sync 40 at Fri Apr 10 15:17:10 UTC 2026
Cache sync 41 at Fri Apr 10 15:17:10 UTC 2026
Cache sync 42 at Fri Apr 10 15:17:10 UTC 2026
Cache sync 43 at Fri Apr 10 15:17:10 UTC 2026
Cache sync 44 at Fri Apr 10 15:17:10 UTC 2026
Cache sync 45 at Fri Apr 10 15:17:10 UTC 2026
Cache sync 46 at Fri Apr 10 15:17:10 UTC 2026
Cache sync 47 at Fri Apr 10 15:17:10 UTC 2026
Cache sync 48 at Fri Apr 10 15:17:10 UTC 2026
Cache sync 49 at Fri Apr 10 15:17:10 UTC 2026
Cache sync 50 at Fri Apr 10 15:17:10 UTC 2026
Cache sync 51 at Fri Apr 10 15:17:10 UTC 2026
Cache sync 52 at Fri Apr 10 15:17:10 UTC 2026
Cache sync 53 at Fri Apr 10 15:17:10 UTC 2026
Cache sync 54 at Fri Apr 10 15:17:10 UTC 2026
Cache sync 55 at Fri Apr 10 15:17:10 UTC 2026
Cache sync 56 at Fri Apr 10 15:17:10 UTC 2026
Cache sync 57 at Fri Apr 10 15:17:10 UTC 2026
Cache sync 58 at Fri Apr 10 15:17:10 UTC 2026
Cache sync 59 at Fri Apr 10 15:17:10 UTC 2026
Cache sync 60 at Fri Apr 10 15:17:10 UTC 2026
Cache sync 61 at Fri Apr 10 15:17:10 UTC 2026
Cache sync 62 at Fri Apr 10 15:17:10 UTC 2026
Cache sync 63 at Fri Apr 10 15:17:10 UTC 2026
Cache sync 64 at Fri Apr 10 15:17:10 UTC 2026
Cache sync 65 at Fri Apr 10 15:17:10 UTC 2026
Cache sync 66 at Fri Apr 10 15:17:10 UTC 2026
Cache sync 67 at Fri Apr 10 15:17:10 UTC 2026
Cache sync 68 at Fri Apr 10 15:17:10 UTC 2026
Cache sync 69 at Fri Apr 10 15:17:10 UTC 2026
Cache sync 70 at Fri Apr 10 15:17:10 UTC 2026
Cache sync 71 at Fri Apr 10 15:17:10 UTC 2026
Cache sync 72 at Fri Apr 10 15:17:10 UTC 2026
Cache sync 73 at Fri Apr 10 15:17:10 UTC 2026
Cache sync 74 at Fri Apr 10 15:17:10 UTC 2026
Cache sync 75 at Fri Apr 10 15:17:10 UTC 2026
Cache sync 76 at Fri Apr 10 15:17:10 UTC 2026
Cache sync 77 at Fri Apr 10 15:17:10 UTC 2026
Cache sync 78 at Fri Apr 10 15:17:10 UTC 2026
Cache sync 1 at Fri Apr 10 18:16:43 UTC 2026
Cache sync 2 at Fri Apr 10 18:16:43 UTC 2026
Cache sync 3 at Fri Apr 10 18:16:43 UTC 2026
Cache sync 4 at Fri Apr 10 18:16:43 UTC 2026
Cache sync 5 at Fri Apr 10 18:16:43 UTC 2026
Cache sync 6 at Fri Apr 10 18:16:43 UTC 2026
Cache sync 7 at Fri Apr 10 18:16:43 UTC 2026
Cache sync 8 at Fri Apr 10 18:16:43 UTC 2026
Cache sync 9 at Fri Apr 10 18:16:43 UTC 2026
Cache sync 10 at Fri Apr 10 18:16:43 UTC 2026
Cache sync 11 at Fri Apr 10 18:16:43 UTC 2026
Cache sync 12 at Fri Apr 10 18:16:43 UTC 2026
Cache sync 13 at Fri Apr 10 18:16:43 UTC 2026
Cache sync 14 at Fri Apr 10 18:16:43 UTC 2026
Cache sync 15 at Fri Apr 10 18:16:43 UTC 2026
Cache sync 16 at Fri Apr 10 18:16:43 UTC 2026
Cache sync 17 at Fri Apr 10 18:16:43 UTC 2026
Cache sync 18 at Fri Apr 10 18:16:43 UTC 2026
Cache sync 19 at Fri Apr 10 18:16:43 UTC 2026
Cache sync 20 at Fri Apr 10 18:16:43 UTC 2026
Cache sync 21 at Fri Apr 10 18:16:43 UTC 2026
Cache sync 22 at Fri Apr 10 18:16:43 UTC 2026
Cache sync 23 at Fri Apr 10 18:16:43 UTC 2026
Cache sync 24 at Fri Apr 10 18:16:43 UTC 2026
Cache sync 25 at Fri Apr 10 18:16:43 UTC 2026
Cache sync 26 at Fri Apr 10 18:16:43 UTC 2026
Cache sync 27 at Fri Apr 10 18:16:43 UTC 2026
Cache sync 28 at Fri Apr 10 18:16:43 UTC 2026
Cache sync 29 at Fri Apr 10 18:16:43 UTC 2026
Cache sync 30 at Fri Apr 10 18:16:43 UTC 2026
Cache sync 31 at Fri Apr 10 18:16:43 UTC 2026
Cache sync 32 at Fri Apr 10 18:16:44 UTC 2026
Cache sync 33 at Fri Apr 10 18:16:44 UTC 2026
Cache sync 34 at Fri Apr 10 18:16:44 UTC 2026
Cache sync 35 at Fri Apr 10 18:16:44 UTC 2026
Cache sync 36 at Fri Apr 10 18:16:44 UTC 2026
Cache sync 37 at Fri Apr 10 18:16:44 UTC 2026
Cache sync 38 at Fri Apr 10 18:16:44 UTC 2026
Cache sync 39 at Fri Apr 10 18:16:44 UTC 2026
Cache sync 40 at Fri Apr 10 18:16:44 UTC 2026
Cache sync 41 at Fri Apr 10 18:16:44 UTC 2026
Cache sync 42 at Fri Apr 10 18:16:44 UTC 2026
Cache sync 43 at Fri Apr 10 18:16:44 UTC 2026
Cache sync 44 at Fri Apr 10 18:16:44 UTC 2026
Cache sync 45 at Fri Apr 10 18:16:44 UTC 2026
Cache sync 46 at Fri Apr 10 18:16:44 UTC 2026
Cache sync 47 at Fri Apr 10 18:16:44 UTC 2026
Cache sync 48 at Fri Apr 10 18:16:44 UTC 2026
Cache sync 49 at Fri Apr 10 18:16:44 UTC 2026
Cache sync 50 at Fri Apr 10 18:16:44 UTC 2026
Cache sync 51 at Fri Apr 10 18:16:44 UTC 2026
Cache sync 52 at Fri Apr 10 18:16:44 UTC 2026
Cache sync 53 at Fri Apr 10 18:16:44 UTC 2026
Cache sync 54 at Fri Apr 10 18:16:44 UTC 2026
Cache sync 1 at Fri Apr 10 21:11:06 UTC 2026
Cache sync 2 at Fri Apr 10 21:11:06 UTC 2026
Cache sync 3 at Fri Apr 10 21:11:06 UTC 2026
Cache sync 4 at Fri Apr 10 21:11:06 UTC 2026
Cache sync 5 at Fri Apr 10 21:11:06 UTC 2026
Cache sync 6 at Fri Apr 10 21:11:06 UTC 2026
Cache sync 7 at Fri Apr 10 21:11:06 UTC 2026
Cache sync 8 at Fri Apr 10 21:11:06 UTC 2026
Cache sync 9 at Fri Apr 10 21:11:06 UTC 2026
Cache sync 10 at Fri Apr 10 21:11:06 UTC 2026
Cache sync 11 at Fri Apr 10 21:11:06 UTC 2026
Cache sync 12 at Fri Apr 10 21:11:07 UTC 2026
Cache sync 13 at Fri Apr 10 21:11:07 UTC 2026
Cache sync 14 at Fri Apr 10 21:11:07 UTC 2026
Cache sync 15 at Fri Apr 10 21:11:07 UTC 2026
Cache sync 16 at Fri Apr 10 21:11:07 UTC 2026
Cache sync 17 at Fri Apr 10 21:11:07 UTC 2026
Cache sync 18 at Fri Apr 10 21:11:07 UTC 2026
Cache sync 19 at Fri Apr 10 21:11:07 UTC 2026
Cache sync 20 at Fri Apr 10 21:11:07 UTC 2026
Cache sync 21 at Fri Apr 10 21:11:07 UTC 2026
Cache sync 22 at Fri Apr 10 21:11:07 UTC 2026
Cache sync 23 at Fri Apr 10 21:11:07 UTC 2026
Cache sync 24 at Fri Apr 10 21:11:07 UTC 2026
Cache sync 25 at Fri Apr 10 21:11:07 UTC 2026
Cache sync 26 at Fri Apr 10 21:11:07 UTC 2026
Cache sync 27 at Fri Apr 10 21:11:07 UTC 2026
Cache sync 28 at Fri Apr 10 21:11:07 UTC 2026
Cache sync 29 at Fri Apr 10 21:11:07 UTC 2026
Cache sync 30 at Fri Apr 10 21:11:07 UTC 2026
Cache sync 31 at Fri Apr 10 21:11:07 UTC 2026
Cache sync 32 at Fri Apr 10 21:11:07 UTC 2026
Cache sync 33 at Fri Apr 10 21:11:07 UTC 2026
Cache sync 34 at Fri Apr 10 21:11:07 UTC 2026
Cache sync 35 at Fri Apr 10 21:11:07 UTC 2026
Cache sync 36 at Fri Apr 10 21:11:07 UTC 2026
Cache sync 37 at Fri Apr 10 21:11:07 UTC 2026
Cache sync 38 at Fri Apr 10 21:11:07 UTC 2026
Cache sync 39 at Fri Apr 10 21:11:07 UTC 2026
Cache sync 40 at Fri Apr 10 21:11:07 UTC 2026
Cache sync 41 at Fri Apr 10 21:11:07 UTC 2026
Cache sync 42 at Fri Apr 10 21:11:07 UTC 2026
Cache sync 43 at Fri Apr 10 21:11:07 UTC 2026
Cache sync 44 at Fri Apr 10 21:11:07 UTC 2026
Cache sync 45 at Fri Apr 10 21:11:07 UTC 2026
Cache sync 46 at Fri Apr 10 21:11:07 UTC 2026
Cache sync 47 at Fri Apr 10 21:11:07 UTC 2026
Cache sync 48 at Fri Apr 10 21:11:07 UTC 2026
Cache sync 49 at Fri Apr 10 21:11:07 UTC 2026
Cache sync 50 at Fri Apr 10 21:11:07 UTC 2026
Cache sync 51 at Fri Apr 10 21:11:07 UTC 2026
Cache sync 52 at Fri Apr 10 21:11:07 UTC 2026
Cache sync 53 at Fri Apr 10 21:11:07 UTC 2026
Cache sync 54 at Fri Apr 10 21:11:07 UTC 2026
Cache sync 55 at Fri Apr 10 21:11:07 UTC 2026
Cache sync 56 at Fri Apr 10 21:11:07 UTC 2026
Cache sync 57 at Fri Apr 10 21:11:07 UTC 2026
Cache sync 58 at Fri Apr 10 21:11:07 UTC 2026
Cache sync 59 at Fri Apr 10 21:11:07 UTC 2026
Cache sync 60 at Fri Apr 10 21:11:07 UTC 2026
Cache sync 61 at Fri Apr 10 21:11:07 UTC 2026
Cache sync 62 at Fri Apr 10 21:11:07 UTC 2026
Cache sync 63 at Fri Apr 10 21:11:07 UTC 2026
Cache sync 64 at Fri Apr 10 21:11:07 UTC 2026
Cache sync 65 at Fri Apr 10 21:11:07 UTC 2026
Cache sync 66 at Fri Apr 10 21:11:07 UTC 2026
Cache sync 67 at Fri Apr 10 21:11:07 UTC 2026
Cache sync 68 at Fri Apr 10 21:11:07 UTC 2026
Cache sync 69 at Fri Apr 10 21:11:07 UTC 2026
Cache sync 70 at Fri Apr 10 21:11:07 UTC 2026
Cache sync 71 at Fri Apr 10 21:11:07 UTC 2026
Cache sync 72 at Fri Apr 10 21:11:07 UTC 2026
Cache sync 73 at Fri Apr 10 21:11:07 UTC 2026
Cache sync 74 at Fri Apr 10 21:11:07 UTC 2026
Cache sync 75 at Fri Apr 10 21:11:07 UTC 2026
Cache sync 76 at Fri Apr 10 21:11:07 UTC 2026
Cache sync 77 at Fri Apr 10 21:11:08 UTC 2026
Cache sync 78 at Fri Apr 10 21:11:08 UTC 2026
Cache sync 79 at Fri Apr 10 21:11:08 UTC 2026
Cache sync 80 at Fri Apr 10 21:11:08 UTC 2026
Cache sync 81 at Fri Apr 10 21:11:08 UTC 2026
Cache sync 1 at Sat Apr 11 03:50:00 UTC 2026
Cache sync 2 at Sat Apr 11 03:50:00 UTC 2026
Cache sync 3 at Sat Apr 11 03:50:00 UTC 2026
Cache sync 4 at Sat Apr 11 03:50:00 UTC 2026
Cache sync 5 at Sat Apr 11 03:50:00 UTC 2026
Cache sync 6 at Sat Apr 11 03:50:00 UTC 2026
Cache sync 7 at Sat Apr 11 03:50:00 UTC 2026
Cache sync 8 at Sat Apr 11 03:50:00 UTC 2026
Cache sync 9 at Sat Apr 11 03:50:00 UTC 2026
Cache sync 10 at Sat Apr 11 03:50:00 UTC 2026
Cache sync 11 at Sat Apr 11 03:50:00 UTC 2026
Cache sync 12 at Sat Apr 11 03:50:00 UTC 2026
Cache sync 13 at Sat Apr 11 03:50:00 UTC 2026
Cache sync 14 at Sat Apr 11 03:50:00 UTC 2026
Cache sync 15 at Sat Apr 11 03:50:00 UTC 2026
Cache sync 16 at Sat Apr 11 03:50:00 UTC 2026
Cache sync 17 at Sat Apr 11 03:50:00 UTC 2026
Cache sync 18 at Sat Apr 11 03:50:00 UTC 2026
Cache sync 19 at Sat Apr 11 03:50:00 UTC 2026
Cache sync 20 at Sat Apr 11 03:50:00 UTC 2026
Cache sync 21 at Sat Apr 11 03:50:00 UTC 2026
Cache sync 22 at Sat Apr 11 03:50:00 UTC 2026
Cache sync 23 at Sat Apr 11 03:50:00 UTC 2026
Cache sync 24 at Sat Apr 11 03:50:00 UTC 2026
Cache sync 25 at Sat Apr 11 03:50:00 UTC 2026
Cache sync 26 at Sat Apr 11 03:50:00 UTC 2026
Cache sync 27 at Sat Apr 11 03:50:00 UTC 2026
Cache sync 28 at Sat Apr 11 03:50:00 UTC 2026
Cache sync 29 at Sat Apr 11 03:50:00 UTC 2026
Cache sync 30 at Sat Apr 11 03:50:00 UTC 2026
Cache sync 31 at Sat Apr 11 03:50:00 UTC 2026
Cache sync 32 at Sat Apr 11 03:50:00 UTC 2026
Cache sync 33 at Sat Apr 11 03:50:00 UTC 2026
Cache sync 34 at Sat Apr 11 03:50:00 UTC 2026
Cache sync 35 at Sat Apr 11 03:50:00 UTC 2026
Cache sync 36 at Sat Apr 11 03:50:00 UTC 2026
Cache sync 37 at Sat Apr 11 03:50:00 UTC 2026
Cache sync 38 at Sat Apr 11 03:50:00 UTC 2026
Cache sync 39 at Sat Apr 11 03:50:00 UTC 2026
Cache sync 40 at Sat Apr 11 03:50:00 UTC 2026
Cache sync 41 at Sat Apr 11 03:50:00 UTC 2026
Cache sync 42 at Sat Apr 11 03:50:00 UTC 2026
Cache sync 43 at Sat Apr 11 03:50:01 UTC 2026
Cache sync 44 at Sat Apr 11 03:50:01 UTC 2026
Cache sync 45 at Sat Apr 11 03:50:01 UTC 2026
Cache sync 46 at Sat Apr 11 03:50:01 UTC 2026
Cache sync 47 at Sat Apr 11 03:50:01 UTC 2026
Cache sync 48 at Sat Apr 11 03:50:01 UTC 2026
Cache sync 49 at Sat Apr 11 03:50:01 UTC 2026
Cache sync 50 at Sat Apr 11 03:50:01 UTC 2026
Cache sync 51 at Sat Apr 11 03:50:01 UTC 2026
Cache sync 52 at Sat Apr 11 03:50:01 UTC 2026
Cache sync 53 at Sat Apr 11 03:50:01 UTC 2026
Cache sync 54 at Sat Apr 11 03:50:01 UTC 2026
Cache sync 55 at Sat Apr 11 03:50:01 UTC 2026
Cache sync 56 at Sat Apr 11 03:50:01 UTC 2026
Cache sync 57 at Sat Apr 11 03:50:01 UTC 2026
Cache sync 1 at Sat Apr 11 06:22:19 UTC 2026
Cache sync 2 at Sat Apr 11 06:22:19 UTC 2026
Cache sync 3 at Sat Apr 11 06:22:19 UTC 2026
Cache sync 4 at Sat Apr 11 06:22:19 UTC 2026
Cache sync 5 at Sat Apr 11 06:22:19 UTC 2026
Cache sync 6 at Sat Apr 11 06:22:19 UTC 2026
Cache sync 7 at Sat Apr 11 06:22:19 UTC 2026
Cache sync 8 at Sat Apr 11 06:22:19 UTC 2026
Cache sync 9 at Sat Apr 11 06:22:19 UTC 2026
Cache sync 10 at Sat Apr 11 06:22:19 UTC 2026
Cache sync 11 at Sat Apr 11 06:22:19 UTC 2026
Cache sync 12 at Sat Apr 11 06:22:19 UTC 2026
Cache sync 13 at Sat Apr 11 06:22:19 UTC 2026
Cache sync 14 at Sat Apr 11 06:22:19 UTC 2026
Cache sync 15 at Sat Apr 11 06:22:19 UTC 2026
Cache sync 16 at Sat Apr 11 06:22:19 UTC 2026
Cache sync 17 at Sat Apr 11 06:22:19 UTC 2026
Cache sync 18 at Sat Apr 11 06:22:19 UTC 2026
Cache sync 19 at Sat Apr 11 06:22:19 UTC 2026
Cache sync 20 at Sat Apr 11 06:22:19 UTC 2026
Cache sync 21 at Sat Apr 11 06:22:19 UTC 2026
Cache sync 22 at Sat Apr 11 06:22:19 UTC 2026
Cache sync 23 at Sat Apr 11 06:22:19 UTC 2026
Cache sync 24 at Sat Apr 11 06:22:20 UTC 2026
Cache sync 25 at Sat Apr 11 06:22:20 UTC 2026
Cache sync 26 at Sat Apr 11 06:22:20 UTC 2026
Cache sync 27 at Sat Apr 11 06:22:20 UTC 2026
Cache sync 28 at Sat Apr 11 06:22:20 UTC 2026
Cache sync 29 at Sat Apr 11 06:22:20 UTC 2026
Cache sync 30 at Sat Apr 11 06:22:20 UTC 2026
Cache sync 31 at Sat Apr 11 06:22:20 UTC 2026
Cache sync 32 at Sat Apr 11 06:22:20 UTC 2026
Cache sync 33 at Sat Apr 11 06:22:20 UTC 2026
Cache sync 34 at Sat Apr 11 06:22:20 UTC 2026
Cache sync 35 at Sat Apr 11 06:22:20 UTC 2026
Cache sync 36 at Sat Apr 11 06:22:20 UTC 2026
Cache sync 37 at Sat Apr 11 06:22:20 UTC 2026
Cache sync 38 at Sat Apr 11 06:22:20 UTC 2026
Cache sync 39 at Sat Apr 11 06:22:20 UTC 2026
Cache sync 40 at Sat Apr 11 06:22:20 UTC 2026
Cache sync 41 at Sat Apr 11 06:22:20 UTC 2026
Cache sync 42 at Sat Apr 11 06:22:20 UTC 2026
Cache sync 43 at Sat Apr 11 06:22:20 UTC 2026
Cache sync 44 at Sat Apr 11 06:22:20 UTC 2026
Cache sync 45 at Sat Apr 11 06:22:20 UTC 2026
Cache sync 46 at Sat Apr 11 06:22:20 UTC 2026
Cache sync 47 at Sat Apr 11 06:22:20 UTC 2026
Cache sync 48 at Sat Apr 11 06:22:20 UTC 2026
Cache sync 49 at Sat Apr 11 06:22:20 UTC 2026
Cache sync 50 at Sat Apr 11 06:22:20 UTC 2026
Cache sync 51 at Sat Apr 11 06:22:20 UTC 2026
Cache sync 52 at Sat Apr 11 06:22:20 UTC 2026
Cache sync 53 at Sat Apr 11 06:22:20 UTC 2026
Cache sync 54 at Sat Apr 11 06:22:20 UTC 2026
Cache sync 55 at Sat Apr 11 06:22:20 UTC 2026
Cache sync 56 at Sat Apr 11 06:22:20 UTC 2026
Cache sync 57 at Sat Apr 11 06:22:20 UTC 2026
Cache sync 58 at Sat Apr 11 06:22:20 UTC 2026
Cache sync 59 at Sat Apr 11 06:22:20 UTC 2026
Cache sync 60 at Sat Apr 11 06:22:20 UTC 2026
Cache sync 61 at Sat Apr 11 06:22:20 UTC 2026
Cache sync 62 at Sat Apr 11 06:22:20 UTC 2026
Cache sync 63 at Sat Apr 11 06:22:20 UTC 2026
Cache sync 64 at Sat Apr 11 06:22:20 UTC 2026
Cache sync 65 at Sat Apr 11 06:22:20 UTC 2026
Cache sync 66 at Sat Apr 11 06:22:20 UTC 2026
Cache sync 67 at Sat Apr 11 06:22:20 UTC 2026
Cache sync 68 at Sat Apr 11 06:22:20 UTC 2026
Cache sync 69 at Sat Apr 11 06:22:20 UTC 2026
Cache sync 70 at Sat Apr 11 06:22:20 UTC 2026
Cache sync 71 at Sat Apr 11 06:22:20 UTC 2026
Cache sync 72 at Sat Apr 11 06:22:20 UTC 2026
Cache sync 73 at Sat Apr 11 06:22:20 UTC 2026
Cache sync 1 at Sat Apr 11 09:14:50 UTC 2026
Cache sync 2 at Sat Apr 11 09:14:50 UTC 2026
Cache sync 3 at Sat Apr 11 09:14:50 UTC 2026
Cache sync 4 at Sat Apr 11 09:14:50 UTC 2026
Cache sync 5 at Sat Apr 11 09:14:50 UTC 2026
Cache sync 6 at Sat Apr 11 09:14:50 UTC 2026
Cache sync 7 at Sat Apr 11 09:14:50 UTC 2026
Cache sync 8 at Sat Apr 11 09:14:50 UTC 2026
Cache sync 9 at Sat Apr 11 09:14:50 UTC 2026
Cache sync 10 at Sat Apr 11 09:14:50 UTC 2026
Cache sync 11 at Sat Apr 11 09:14:50 UTC 2026
Cache sync 12 at Sat Apr 11 09:14:50 UTC 2026
Cache sync 13 at Sat Apr 11 09:14:50 UTC 2026
Cache sync 14 at Sat Apr 11 09:14:50 UTC 2026
Cache sync 15 at Sat Apr 11 09:14:50 UTC 2026
Cache sync 16 at Sat Apr 11 09:14:50 UTC 2026
Cache sync 17 at Sat Apr 11 09:14:50 UTC 2026
Cache sync 18 at Sat Apr 11 09:14:50 UTC 2026
Cache sync 19 at Sat Apr 11 09:14:50 UTC 2026
Cache sync 20 at Sat Apr 11 09:14:50 UTC 2026
Cache sync 21 at Sat Apr 11 09:14:50 UTC 2026
Cache sync 22 at Sat Apr 11 09:14:50 UTC 2026
Cache sync 23 at Sat Apr 11 09:14:50 UTC 2026
Cache sync 24 at Sat Apr 11 09:14:50 UTC 2026
Cache sync 25 at Sat Apr 11 09:14:50 UTC 2026
Cache sync 26 at Sat Apr 11 09:14:50 UTC 2026
Cache sync 27 at Sat Apr 11 09:14:50 UTC 2026
Cache sync 28 at Sat Apr 11 09:14:50 UTC 2026
Cache sync 29 at Sat Apr 11 09:14:50 UTC 2026
Cache sync 30 at Sat Apr 11 09:14:50 UTC 2026
Cache sync 31 at Sat Apr 11 09:14:50 UTC 2026
Cache sync 32 at Sat Apr 11 09:14:50 UTC 2026
Cache sync 33 at Sat Apr 11 09:14:50 UTC 2026
Cache sync 34 at Sat Apr 11 09:14:50 UTC 2026
Cache sync 35 at Sat Apr 11 09:14:50 UTC 2026
Cache sync 36 at Sat Apr 11 09:14:50 UTC 2026
Cache sync 37 at Sat Apr 11 09:14:50 UTC 2026
Cache sync 38 at Sat Apr 11 09:14:50 UTC 2026
Cache sync 39 at Sat Apr 11 09:14:50 UTC 2026
Cache sync 40 at Sat Apr 11 09:14:50 UTC 2026
Cache sync 41 at Sat Apr 11 09:14:51 UTC 2026
Cache sync 42 at Sat Apr 11 09:14:51 UTC 2026
Cache sync 43 at Sat Apr 11 09:14:51 UTC 2026
Cache sync 44 at Sat Apr 11 09:14:51 UTC 2026
Cache sync 45 at Sat Apr 11 09:14:51 UTC 2026
Cache sync 46 at Sat Apr 11 09:14:51 UTC 2026
Cache sync 47 at Sat Apr 11 09:14:51 UTC 2026
Cache sync 48 at Sat Apr 11 09:14:51 UTC 2026
Cache sync 49 at Sat Apr 11 09:14:51 UTC 2026
Cache sync 50 at Sat Apr 11 09:14:51 UTC 2026
Cache sync 1 at Sat Apr 11 15:10:31 UTC 2026
Cache sync 2 at Sat Apr 11 15:10:31 UTC 2026
Cache sync 3 at Sat Apr 11 15:10:31 UTC 2026
Cache sync 4 at Sat Apr 11 15:10:31 UTC 2026
Cache sync 5 at Sat Apr 11 15:10:31 UTC 2026
Cache sync 6 at Sat Apr 11 15:10:31 UTC 2026
Cache sync 7 at Sat Apr 11 15:10:31 UTC 2026
Cache sync 8 at Sat Apr 11 15:10:31 UTC 2026
Cache sync 9 at Sat Apr 11 15:10:31 UTC 2026
Cache sync 10 at Sat Apr 11 15:10:31 UTC 2026
Cache sync 11 at Sat Apr 11 15:10:31 UTC 2026
Cache sync 12 at Sat Apr 11 15:10:31 UTC 2026
Cache sync 13 at Sat Apr 11 15:10:31 UTC 2026
Cache sync 14 at Sat Apr 11 15:10:31 UTC 2026
Cache sync 15 at Sat Apr 11 15:10:31 UTC 2026
Cache sync 16 at Sat Apr 11 15:10:31 UTC 2026
Cache sync 17 at Sat Apr 11 15:10:31 UTC 2026
Cache sync 18 at Sat Apr 11 15:10:31 UTC 2026
Cache sync 19 at Sat Apr 11 15:10:31 UTC 2026
Cache sync 20 at Sat Apr 11 15:10:32 UTC 2026
Cache sync 21 at Sat Apr 11 15:10:32 UTC 2026
Cache sync 22 at Sat Apr 11 15:10:32 UTC 2026
Cache sync 23 at Sat Apr 11 15:10:32 UTC 2026
Cache sync 24 at Sat Apr 11 15:10:32 UTC 2026
Cache sync 25 at Sat Apr 11 15:10:32 UTC 2026
Cache sync 26 at Sat Apr 11 15:10:32 UTC 2026
Cache sync 27 at Sat Apr 11 15:10:32 UTC 2026
Cache sync 28 at Sat Apr 11 15:10:32 UTC 2026
Cache sync 29 at Sat Apr 11 15:10:32 UTC 2026
Cache sync 30 at Sat Apr 11 15:10:32 UTC 2026
Cache sync 31 at Sat Apr 11 15:10:32 UTC 2026
Cache sync 32 at Sat Apr 11 15:10:32 UTC 2026
Cache sync 33 at Sat Apr 11 15:10:32 UTC 2026
Cache sync 34 at Sat Apr 11 15:10:32 UTC 2026
Cache sync 35 at Sat Apr 11 15:10:32 UTC 2026
Cache sync 36 at Sat Apr 11 15:10:32 UTC 2026
Cache sync 37 at Sat Apr 11 15:10:32 UTC 2026
Cache sync 38 at Sat Apr 11 15:10:32 UTC 2026
Cache sync 39 at Sat Apr 11 15:10:32 UTC 2026
Cache sync 40 at Sat Apr 11 15:10:32 UTC 2026
Cache sync 41 at Sat Apr 11 15:10:32 UTC 2026
Cache sync 42 at Sat Apr 11 15:10:32 UTC 2026
Cache sync 43 at Sat Apr 11 15:10:32 UTC 2026
Cache sync 44 at Sat Apr 11 15:10:32 UTC 2026
Cache sync 45 at Sat Apr 11 15:10:32 UTC 2026
Cache sync 46 at Sat Apr 11 15:10:32 UTC 2026
Cache sync 47 at Sat Apr 11 15:10:32 UTC 2026
Cache sync 48 at Sat Apr 11 15:10:32 UTC 2026
Cache sync 49 at Sat Apr 11 15:10:32 UTC 2026
Cache sync 50 at Sat Apr 11 15:10:32 UTC 2026
Cache sync 51 at Sat Apr 11 15:10:32 UTC 2026
Cache sync 52 at Sat Apr 11 15:10:32 UTC 2026
Cache sync 53 at Sat Apr 11 15:10:32 UTC 2026
Cache sync 1 at Sat Apr 11 18:09:26 UTC 2026
Cache sync 2 at Sat Apr 11 18:09:26 UTC 2026
Cache sync 3 at Sat Apr 11 18:09:26 UTC 2026
Cache sync 4 at Sat Apr 11 18:09:26 UTC 2026
Cache sync 5 at Sat Apr 11 18:09:26 UTC 2026
Cache sync 6 at Sat Apr 11 18:09:26 UTC 2026
Cache sync 7 at Sat Apr 11 18:09:26 UTC 2026
Cache sync 1 at Sat Apr 11 21:08:50 UTC 2026
Cache sync 2 at Sat Apr 11 21:08:50 UTC 2026
Cache sync 3 at Sat Apr 11 21:08:50 UTC 2026
Cache sync 4 at Sat Apr 11 21:08:50 UTC 2026
Cache sync 5 at Sat Apr 11 21:08:50 UTC 2026
Cache sync 6 at Sat Apr 11 21:08:50 UTC 2026
Cache sync 7 at Sat Apr 11 21:08:50 UTC 2026
Cache sync 8 at Sat Apr 11 21:08:50 UTC 2026
Cache sync 9 at Sat Apr 11 21:08:50 UTC 2026
Cache sync 10 at Sat Apr 11 21:08:50 UTC 2026
Cache sync 11 at Sat Apr 11 21:08:50 UTC 2026
Cache sync 12 at Sat Apr 11 21:08:50 UTC 2026
Cache sync 13 at Sat Apr 11 21:08:50 UTC 2026
Cache sync 1 at Sun Apr 12 00:23:22 UTC 2026
Cache sync 2 at Sun Apr 12 00:23:22 UTC 2026
Cache sync 3 at Sun Apr 12 00:23:22 UTC 2026
Cache sync 4 at Sun Apr 12 00:23:22 UTC 2026
Cache sync 5 at Sun Apr 12 00:23:22 UTC 2026
Cache sync 1 at Sun Apr 12 04:02:19 UTC 2026
Cache sync 2 at Sun Apr 12 04:02:19 UTC 2026
Cache sync 3 at Sun Apr 12 04:02:19 UTC 2026
Cache sync 4 at Sun Apr 12 04:02:19 UTC 2026
Cache sync 5 at Sun Apr 12 04:02:19 UTC 2026
Cache sync 1 at Sun Apr 12 06:31:38 UTC 2026
Cache sync 2 at Sun Apr 12 06:31:38 UTC 2026
Cache sync 3 at Sun Apr 12 06:31:38 UTC 2026
Cache sync 4 at Sun Apr 12 06:31:38 UTC 2026
Cache sync 5 at Sun Apr 12 06:31:38 UTC 2026
Cache sync 6 at Sun Apr 12 06:31:38 UTC 2026
Cache sync 7 at Sun Apr 12 06:31:38 UTC 2026
Cache sync 8 at Sun Apr 12 06:31:38 UTC 2026
Cache sync 9 at Sun Apr 12 06:31:38 UTC 2026
Cache sync 10 at Sun Apr 12 06:31:38 UTC 2026
Cache sync 11 at Sun Apr 12 06:31:38 UTC 2026
Cache sync 12 at Sun Apr 12 06:31:38 UTC 2026
Cache sync 13 at Sun Apr 12 06:31:38 UTC 2026
Cache sync 14 at Sun Apr 12 06:31:38 UTC 2026
Cache sync 15 at Sun Apr 12 06:31:38 UTC 2026
Cache sync 16 at Sun Apr 12 06:31:38 UTC 2026
Cache sync 17 at Sun Apr 12 06:31:38 UTC 2026
Cache sync 18 at Sun Apr 12 06:31:39 UTC 2026
Cache sync 19 at Sun Apr 12 06:31:39 UTC 2026
Cache sync 20 at Sun Apr 12 06:31:39 UTC 2026
Cache sync 21 at Sun Apr 12 06:31:39 UTC 2026
Cache sync 22 at Sun Apr 12 06:31:39 UTC 2026
Cache sync 23 at Sun Apr 12 06:31:39 UTC 2026
Cache sync 24 at Sun Apr 12 06:31:39 UTC 2026
Cache sync 25 at Sun Apr 12 06:31:39 UTC 2026
Cache sync 26 at Sun Apr 12 06:31:39 UTC 2026
Cache sync 27 at Sun Apr 12 06:31:39 UTC 2026
Cache sync 28 at Sun Apr 12 06:31:39 UTC 2026
Cache sync 29 at Sun Apr 12 06:31:39 UTC 2026
Cache sync 30 at Sun Apr 12 06:31:39 UTC 2026
Cache sync 31 at Sun Apr 12 06:31:39 UTC 2026
Cache sync 32 at Sun Apr 12 06:31:39 UTC 2026
Cache sync 33 at Sun Apr 12 06:31:39 UTC 2026
Cache sync 34 at Sun Apr 12 06:31:39 UTC 2026
Cache sync 35 at Sun Apr 12 06:31:39 UTC 2026
Cache sync 36 at Sun Apr 12 06:31:39 UTC 2026
Cache sync 37 at Sun Apr 12 06:31:39 UTC 2026
Cache sync 38 at Sun Apr 12 06:31:39 UTC 2026
Cache sync 39 at Sun Apr 12 06:31:39 UTC 2026
Cache sync 40 at Sun Apr 12 06:31:39 UTC 2026
Cache sync 41 at Sun Apr 12 06:31:39 UTC 2026
Cache sync 42 at Sun Apr 12 06:31:39 UTC 2026
Cache sync 43 at Sun Apr 12 06:31:39 UTC 2026
Cache sync 44 at Sun Apr 12 06:31:39 UTC 2026
Cache sync 45 at Sun Apr 12 06:31:39 UTC 2026
Cache sync 1 at Sun Apr 12 09:16:38 UTC 2026
Cache sync 2 at Sun Apr 12 09:16:38 UTC 2026
Cache sync 3 at Sun Apr 12 09:16:38 UTC 2026
Cache sync 4 at Sun Apr 12 09:16:38 UTC 2026
Cache sync 5 at Sun Apr 12 09:16:38 UTC 2026
Cache sync 6 at Sun Apr 12 09:16:38 UTC 2026
Cache sync 7 at Sun Apr 12 09:16:38 UTC 2026
Cache sync 8 at Sun Apr 12 09:16:38 UTC 2026
Cache sync 9 at Sun Apr 12 09:16:38 UTC 2026
Cache sync 10 at Sun Apr 12 09:16:38 UTC 2026
Cache sync 11 at Sun Apr 12 09:16:38 UTC 2026
Cache sync 12 at Sun Apr 12 09:16:38 UTC 2026
Cache sync 13 at Sun Apr 12 09:16:38 UTC 2026
Cache sync 14 at Sun Apr 12 09:16:38 UTC 2026
Cache sync 15 at Sun Apr 12 09:16:39 UTC 2026
Cache sync 16 at Sun Apr 12 09:16:39 UTC 2026
Cache sync 17 at Sun Apr 12 09:16:39 UTC 2026
Cache sync 18 at Sun Apr 12 09:16:39 UTC 2026
Cache sync 19 at Sun Apr 12 09:16:39 UTC 2026
Cache sync 20 at Sun Apr 12 09:16:39 UTC 2026
Cache sync 21 at Sun Apr 12 09:16:39 UTC 2026
Cache sync 22 at Sun Apr 12 09:16:39 UTC 2026
Cache sync 23 at Sun Apr 12 09:16:39 UTC 2026
Cache sync 24 at Sun Apr 12 09:16:39 UTC 2026
Cache sync 25 at Sun Apr 12 09:16:39 UTC 2026
Cache sync 26 at Sun Apr 12 09:16:39 UTC 2026
Cache sync 27 at Sun Apr 12 09:16:39 UTC 2026
Cache sync 28 at Sun Apr 12 09:16:39 UTC 2026
Cache sync 29 at Sun Apr 12 09:16:39 UTC 2026
Cache sync 30 at Sun Apr 12 09:16:39 UTC 2026
Cache sync 31 at Sun Apr 12 09:16:39 UTC 2026
Cache sync 32 at Sun Apr 12 09:16:39 UTC 2026
Cache sync 33 at Sun Apr 12 09:16:39 UTC 2026
Cache sync 34 at Sun Apr 12 09:16:39 UTC 2026
Cache sync 35 at Sun Apr 12 09:16:39 UTC 2026
Cache sync 36 at Sun Apr 12 09:16:39 UTC 2026
Cache sync 37 at Sun Apr 12 09:16:39 UTC 2026
Cache sync 38 at Sun Apr 12 09:16:39 UTC 2026
Cache sync 39 at Sun Apr 12 09:16:39 UTC 2026
Cache sync 40 at Sun Apr 12 09:16:39 UTC 2026
Cache sync 41 at Sun Apr 12 09:16:39 UTC 2026
Cache sync 42 at Sun Apr 12 09:16:39 UTC 2026
Cache sync 43 at Sun Apr 12 09:16:39 UTC 2026
Cache sync 44 at Sun Apr 12 09:16:39 UTC 2026
Cache sync 45 at Sun Apr 12 09:16:39 UTC 2026
Cache sync 46 at Sun Apr 12 09:16:39 UTC 2026
Cache sync 47 at Sun Apr 12 09:16:39 UTC 2026
Cache sync 48 at Sun Apr 12 09:16:39 UTC 2026
Cache sync 49 at Sun Apr 12 09:16:39 UTC 2026
Cache sync 50 at Sun Apr 12 09:16:39 UTC 2026
Cache sync 51 at Sun Apr 12 09:16:39 UTC 2026
Cache sync 52 at Sun Apr 12 09:16:39 UTC 2026
Cache sync 53 at Sun Apr 12 09:16:39 UTC 2026
Cache sync 54 at Sun Apr 12 09:16:39 UTC 2026
Cache sync 55 at Sun Apr 12 09:16:39 UTC 2026
Cache sync 56 at Sun Apr 12 09:16:39 UTC 2026
Cache sync 57 at Sun Apr 12 09:16:39 UTC 2026
Cache sync 58 at Sun Apr 12 09:16:39 UTC 2026
Cache sync 59 at Sun Apr 12 09:16:39 UTC 2026
Cache sync 60 at Sun Apr 12 09:16:39 UTC 2026
Cache sync 61 at Sun Apr 12 09:16:39 UTC 2026
Cache sync 62 at Sun Apr 12 09:16:39 UTC 2026
Cache sync 63 at Sun Apr 12 09:16:39 UTC 2026
Cache sync 64 at Sun Apr 12 09:16:39 UTC 2026
Cache sync 65 at Sun Apr 12 09:16:39 UTC 2026
Cache sync 66 at Sun Apr 12 09:16:39 UTC 2026
Cache sync 67 at Sun Apr 12 09:16:39 UTC 2026
Cache sync 68 at Sun Apr 12 09:16:39 UTC 2026
Cache sync 69 at Sun Apr 12 09:16:39 UTC 2026
Cache sync 70 at Sun Apr 12 09:16:39 UTC 2026
Cache sync 71 at Sun Apr 12 09:16:39 UTC 2026
Cache sync 72 at Sun Apr 12 09:16:39 UTC 2026
Cache sync 73 at Sun Apr 12 09:16:39 UTC 2026
Cache sync 74 at Sun Apr 12 09:16:39 UTC 2026
Cache sync 75 at Sun Apr 12 09:16:39 UTC 2026
Cache sync 76 at Sun Apr 12 09:16:39 UTC 2026
Cache sync 77 at Sun Apr 12 09:16:39 UTC 2026
Cache sync 78 at Sun Apr 12 09:16:39 UTC 2026
Cache sync 79 at Sun Apr 12 09:16:40 UTC 2026
Cache sync 80 at Sun Apr 12 09:16:40 UTC 2026
Cache sync 81 at Sun Apr 12 09:16:40 UTC 2026
Cache sync 82 at Sun Apr 12 09:16:40 UTC 2026
Cache sync 1 at Sun Apr 12 12:10:59 UTC 2026
Cache sync 2 at Sun Apr 12 12:10:59 UTC 2026
Cache sync 3 at Sun Apr 12 12:10:59 UTC 2026
Cache sync 4 at Sun Apr 12 12:10:59 UTC 2026
Cache sync 5 at Sun Apr 12 12:10:59 UTC 2026
Cache sync 6 at Sun Apr 12 12:10:59 UTC 2026
Cache sync 7 at Sun Apr 12 12:10:59 UTC 2026
Cache sync 8 at Sun Apr 12 12:10:59 UTC 2026
Cache sync 9 at Sun Apr 12 12:10:59 UTC 2026
Cache sync 10 at Sun Apr 12 12:10:59 UTC 2026
Cache sync 11 at Sun Apr 12 12:10:59 UTC 2026
Cache sync 12 at Sun Apr 12 12:10:59 UTC 2026
Cache sync 13 at Sun Apr 12 12:10:59 UTC 2026
Cache sync 14 at Sun Apr 12 12:10:59 UTC 2026
Cache sync 15 at Sun Apr 12 12:10:59 UTC 2026
Cache sync 16 at Sun Apr 12 12:10:59 UTC 2026
Cache sync 17 at Sun Apr 12 12:10:59 UTC 2026
Cache sync 18 at Sun Apr 12 12:10:59 UTC 2026
Cache sync 19 at Sun Apr 12 12:10:59 UTC 2026
Cache sync 20 at Sun Apr 12 12:10:59 UTC 2026
Cache sync 21 at Sun Apr 12 12:10:59 UTC 2026
Cache sync 22 at Sun Apr 12 12:10:59 UTC 2026
Cache sync 23 at Sun Apr 12 12:10:59 UTC 2026
Cache sync 24 at Sun Apr 12 12:10:59 UTC 2026
Cache sync 25 at Sun Apr 12 12:10:59 UTC 2026
Cache sync 1 at Sun Apr 12 15:12:59 UTC 2026
Cache sync 2 at Sun Apr 12 15:12:59 UTC 2026
Cache sync 3 at Sun Apr 12 15:12:59 UTC 2026
Cache sync 4 at Sun Apr 12 15:12:59 UTC 2026
Cache sync 5 at Sun Apr 12 15:12:59 UTC 2026
Cache sync 6 at Sun Apr 12 15:12:59 UTC 2026
Cache sync 7 at Sun Apr 12 15:12:59 UTC 2026
Cache sync 8 at Sun Apr 12 15:12:59 UTC 2026
Cache sync 9 at Sun Apr 12 15:12:59 UTC 2026
Cache sync 10 at Sun Apr 12 15:12:59 UTC 2026
Cache sync 11 at Sun Apr 12 15:12:59 UTC 2026
Cache sync 12 at Sun Apr 12 15:12:59 UTC 2026
Cache sync 13 at Sun Apr 12 15:12:59 UTC 2026
Cache sync 14 at Sun Apr 12 15:12:59 UTC 2026
Cache sync 15 at Sun Apr 12 15:12:59 UTC 2026
Cache sync 16 at Sun Apr 12 15:12:59 UTC 2026
Cache sync 17 at Sun Apr 12 15:13:00 UTC 2026
Cache sync 18 at Sun Apr 12 15:13:00 UTC 2026
Cache sync 19 at Sun Apr 12 15:13:00 UTC 2026
Cache sync 20 at Sun Apr 12 15:13:00 UTC 2026
Cache sync 21 at Sun Apr 12 15:13:00 UTC 2026
Cache sync 22 at Sun Apr 12 15:13:00 UTC 2026
Cache sync 23 at Sun Apr 12 15:13:00 UTC 2026
Cache sync 24 at Sun Apr 12 15:13:00 UTC 2026
Cache sync 25 at Sun Apr 12 15:13:00 UTC 2026
Cache sync 26 at Sun Apr 12 15:13:00 UTC 2026
Cache sync 27 at Sun Apr 12 15:13:00 UTC 2026
Cache sync 28 at Sun Apr 12 15:13:00 UTC 2026
Cache sync 29 at Sun Apr 12 15:13:00 UTC 2026
Cache sync 30 at Sun Apr 12 15:13:00 UTC 2026
Cache sync 31 at Sun Apr 12 15:13:00 UTC 2026
Cache sync 32 at Sun Apr 12 15:13:00 UTC 2026
Cache sync 33 at Sun Apr 12 15:13:00 UTC 2026
Cache sync 34 at Sun Apr 12 15:13:00 UTC 2026
Cache sync 35 at Sun Apr 12 15:13:00 UTC 2026
Cache sync 36 at Sun Apr 12 15:13:00 UTC 2026
Cache sync 37 at Sun Apr 12 15:13:00 UTC 2026
Cache sync 38 at Sun Apr 12 15:13:00 UTC 2026
Cache sync 39 at Sun Apr 12 15:13:00 UTC 2026
Cache sync 40 at Sun Apr 12 15:13:00 UTC 2026
Cache sync 41 at Sun Apr 12 15:13:00 UTC 2026
Cache sync 42 at Sun Apr 12 15:13:00 UTC 2026
Cache sync 43 at Sun Apr 12 15:13:00 UTC 2026
Cache sync 44 at Sun Apr 12 15:13:00 UTC 2026
Cache sync 45 at Sun Apr 12 15:13:00 UTC 2026
Cache sync 46 at Sun Apr 12 15:13:00 UTC 2026
Cache sync 47 at Sun Apr 12 15:13:00 UTC 2026
Cache sync 48 at Sun Apr 12 15:13:00 UTC 2026
Cache sync 49 at Sun Apr 12 15:13:00 UTC 2026
Cache sync 50 at Sun Apr 12 15:13:00 UTC 2026
Cache sync 51 at Sun Apr 12 15:13:00 UTC 2026
Cache sync 52 at Sun Apr 12 15:13:00 UTC 2026
Cache sync 53 at Sun Apr 12 15:13:00 UTC 2026
Cache sync 54 at Sun Apr 12 15:13:00 UTC 2026
Cache sync 55 at Sun Apr 12 15:13:00 UTC 2026
Cache sync 56 at Sun Apr 12 15:13:00 UTC 2026
Cache sync 57 at Sun Apr 12 15:13:00 UTC 2026
Cache sync 58 at Sun Apr 12 15:13:00 UTC 2026
Cache sync 59 at Sun Apr 12 15:13:00 UTC 2026
Cache sync 60 at Sun Apr 12 15:13:00 UTC 2026
Cache sync 61 at Sun Apr 12 15:13:00 UTC 2026
Cache sync 62 at Sun Apr 12 15:13:00 UTC 2026
Cache sync 63 at Sun Apr 12 15:13:00 UTC 2026
Cache sync 64 at Sun Apr 12 15:13:00 UTC 2026
Cache sync 65 at Sun Apr 12 15:13:00 UTC 2026
Cache sync 66 at Sun Apr 12 15:13:00 UTC 2026
Cache sync 67 at Sun Apr 12 15:13:00 UTC 2026
Cache sync 68 at Sun Apr 12 15:13:00 UTC 2026
Cache sync 69 at Sun Apr 12 15:13:00 UTC 2026
Cache sync 70 at Sun Apr 12 15:13:00 UTC 2026
Cache sync 71 at Sun Apr 12 15:13:00 UTC 2026
Cache sync 72 at Sun Apr 12 15:13:00 UTC 2026
Cache sync 1 at Sun Apr 12 18:12:08 UTC 2026
Cache sync 2 at Sun Apr 12 18:12:08 UTC 2026
Cache sync 3 at Sun Apr 12 18:12:08 UTC 2026
Cache sync 4 at Sun Apr 12 18:12:08 UTC 2026
Cache sync 5 at Sun Apr 12 18:12:08 UTC 2026
Cache sync 6 at Sun Apr 12 18:12:08 UTC 2026
Cache sync 7 at Sun Apr 12 18:12:08 UTC 2026
Cache sync 8 at Sun Apr 12 18:12:08 UTC 2026
Cache sync 9 at Sun Apr 12 18:12:08 UTC 2026
Cache sync 10 at Sun Apr 12 18:12:09 UTC 2026
Cache sync 11 at Sun Apr 12 18:12:09 UTC 2026
Cache sync 12 at Sun Apr 12 18:12:09 UTC 2026
Cache sync 13 at Sun Apr 12 18:12:09 UTC 2026
Cache sync 14 at Sun Apr 12 18:12:09 UTC 2026
Cache sync 15 at Sun Apr 12 18:12:09 UTC 2026
Cache sync 16 at Sun Apr 12 18:12:09 UTC 2026
Cache sync 17 at Sun Apr 12 18:12:09 UTC 2026
Cache sync 18 at Sun Apr 12 18:12:09 UTC 2026
Cache sync 19 at Sun Apr 12 18:12:09 UTC 2026
Cache sync 20 at Sun Apr 12 18:12:09 UTC 2026
Cache sync 21 at Sun Apr 12 18:12:09 UTC 2026
Cache sync 22 at Sun Apr 12 18:12:09 UTC 2026
Cache sync 23 at Sun Apr 12 18:12:09 UTC 2026
Cache sync 24 at Sun Apr 12 18:12:09 UTC 2026
Cache sync 25 at Sun Apr 12 18:12:09 UTC 2026
Cache sync 26 at Sun Apr 12 18:12:09 UTC 2026
Cache sync 27 at Sun Apr 12 18:12:09 UTC 2026
Cache sync 28 at Sun Apr 12 18:12:09 UTC 2026
Cache sync 29 at Sun Apr 12 18:12:09 UTC 2026
Cache sync 30 at Sun Apr 12 18:12:09 UTC 2026
Cache sync 31 at Sun Apr 12 18:12:09 UTC 2026
Cache sync 32 at Sun Apr 12 18:12:09 UTC 2026
Cache sync 33 at Sun Apr 12 18:12:09 UTC 2026
Cache sync 34 at Sun Apr 12 18:12:09 UTC 2026
Cache sync 35 at Sun Apr 12 18:12:09 UTC 2026
Cache sync 36 at Sun Apr 12 18:12:09 UTC 2026
Cache sync 37 at Sun Apr 12 18:12:09 UTC 2026
Cache sync 38 at Sun Apr 12 18:12:09 UTC 2026
Cache sync 39 at Sun Apr 12 18:12:09 UTC 2026
Cache sync 40 at Sun Apr 12 18:12:09 UTC 2026
Cache sync 41 at Sun Apr 12 18:12:09 UTC 2026
Cache sync 42 at Sun Apr 12 18:12:09 UTC 2026
Cache sync 43 at Sun Apr 12 18:12:09 UTC 2026
Cache sync 44 at Sun Apr 12 18:12:09 UTC 2026
Cache sync 45 at Sun Apr 12 18:12:09 UTC 2026
Cache sync 46 at Sun Apr 12 18:12:09 UTC 2026
Cache sync 47 at Sun Apr 12 18:12:09 UTC 2026
Cache sync 48 at Sun Apr 12 18:12:09 UTC 2026
Cache sync 49 at Sun Apr 12 18:12:09 UTC 2026
Cache sync 50 at Sun Apr 12 18:12:09 UTC 2026
Cache sync 51 at Sun Apr 12 18:12:09 UTC 2026
Cache sync 52 at Sun Apr 12 18:12:09 UTC 2026
Cache sync 53 at Sun Apr 12 18:12:09 UTC 2026
Cache sync 54 at Sun Apr 12 18:12:09 UTC 2026
Cache sync 55 at Sun Apr 12 18:12:09 UTC 2026
Cache sync 56 at Sun Apr 12 18:12:09 UTC 2026
Cache sync 57 at Sun Apr 12 18:12:09 UTC 2026
Cache sync 58 at Sun Apr 12 18:12:09 UTC 2026
Cache sync 59 at Sun Apr 12 18:12:09 UTC 2026
Cache sync 60 at Sun Apr 12 18:12:09 UTC 2026
Cache sync 61 at Sun Apr 12 18:12:09 UTC 2026
Cache sync 62 at Sun Apr 12 18:12:09 UTC 2026
Cache sync 63 at Sun Apr 12 18:12:09 UTC 2026
Cache sync 64 at Sun Apr 12 18:12:09 UTC 2026
Cache sync 65 at Sun Apr 12 18:12:09 UTC 2026
Cache sync 66 at Sun Apr 12 18:12:09 UTC 2026
Cache sync 67 at Sun Apr 12 18:12:09 UTC 2026
Cache sync 68 at Sun Apr 12 18:12:09 UTC 2026
Cache sync 69 at Sun Apr 12 18:12:09 UTC 2026
Cache sync 70 at Sun Apr 12 18:12:10 UTC 2026
Cache sync 71 at Sun Apr 12 18:12:10 UTC 2026
Cache sync 72 at Sun Apr 12 18:12:10 UTC 2026
Cache sync 73 at Sun Apr 12 18:12:10 UTC 2026
Cache sync 74 at Sun Apr 12 18:12:10 UTC 2026
Cache sync 75 at Sun Apr 12 18:12:10 UTC 2026
Cache sync 76 at Sun Apr 12 18:12:10 UTC 2026
Cache sync 77 at Sun Apr 12 18:12:10 UTC 2026
Cache sync 78 at Sun Apr 12 18:12:10 UTC 2026
Cache sync 79 at Sun Apr 12 18:12:10 UTC 2026
Cache sync 80 at Sun Apr 12 18:12:10 UTC 2026
Cache sync 81 at Sun Apr 12 18:12:10 UTC 2026
Cache sync 1 at Sun Apr 12 21:09:35 UTC 2026
Cache sync 2 at Sun Apr 12 21:09:35 UTC 2026
Cache sync 3 at Sun Apr 12 21:09:35 UTC 2026
Cache sync 4 at Sun Apr 12 21:09:35 UTC 2026
Cache sync 5 at Sun Apr 12 21:09:35 UTC 2026
Cache sync 6 at Sun Apr 12 21:09:35 UTC 2026
Cache sync 7 at Sun Apr 12 21:09:35 UTC 2026
Cache sync 8 at Sun Apr 12 21:09:35 UTC 2026
Cache sync 9 at Sun Apr 12 21:09:35 UTC 2026
Cache sync 10 at Sun Apr 12 21:09:35 UTC 2026
Cache sync 11 at Sun Apr 12 21:09:35 UTC 2026
Cache sync 12 at Sun Apr 12 21:09:35 UTC 2026
Cache sync 13 at Sun Apr 12 21:09:35 UTC 2026
Cache sync 14 at Sun Apr 12 21:09:35 UTC 2026
Cache sync 15 at Sun Apr 12 21:09:35 UTC 2026
Cache sync 16 at Sun Apr 12 21:09:35 UTC 2026
Cache sync 17 at Sun Apr 12 21:09:35 UTC 2026
Cache sync 18 at Sun Apr 12 21:09:35 UTC 2026
Cache sync 19 at Sun Apr 12 21:09:35 UTC 2026
Cache sync 20 at Sun Apr 12 21:09:35 UTC 2026
Cache sync 21 at Sun Apr 12 21:09:35 UTC 2026
Cache sync 22 at Sun Apr 12 21:09:35 UTC 2026
Cache sync 23 at Sun Apr 12 21:09:35 UTC 2026
Cache sync 24 at Sun Apr 12 21:09:35 UTC 2026
Cache sync 25 at Sun Apr 12 21:09:35 UTC 2026
Cache sync 26 at Sun Apr 12 21:09:35 UTC 2026
Cache sync 27 at Sun Apr 12 21:09:35 UTC 2026
Cache sync 28 at Sun Apr 12 21:09:35 UTC 2026
Cache sync 29 at Sun Apr 12 21:09:36 UTC 2026
Cache sync 30 at Sun Apr 12 21:09:36 UTC 2026
Cache sync 31 at Sun Apr 12 21:09:36 UTC 2026
Cache sync 32 at Sun Apr 12 21:09:36 UTC 2026
Cache sync 33 at Sun Apr 12 21:09:36 UTC 2026
Cache sync 34 at Sun Apr 12 21:09:36 UTC 2026
Cache sync 35 at Sun Apr 12 21:09:36 UTC 2026
Cache sync 36 at Sun Apr 12 21:09:36 UTC 2026
Cache sync 37 at Sun Apr 12 21:09:36 UTC 2026
Cache sync 38 at Sun Apr 12 21:09:36 UTC 2026
Cache sync 39 at Sun Apr 12 21:09:36 UTC 2026
Cache sync 40 at Sun Apr 12 21:09:36 UTC 2026
Cache sync 41 at Sun Apr 12 21:09:36 UTC 2026
Cache sync 42 at Sun Apr 12 21:09:36 UTC 2026
Cache sync 43 at Sun Apr 12 21:09:36 UTC 2026
Cache sync 44 at Sun Apr 12 21:09:36 UTC 2026
Cache sync 45 at Sun Apr 12 21:09:36 UTC 2026
Cache sync 46 at Sun Apr 12 21:09:36 UTC 2026
Cache sync 47 at Sun Apr 12 21:09:36 UTC 2026
Cache sync 48 at Sun Apr 12 21:09:36 UTC 2026
Cache sync 49 at Sun Apr 12 21:09:36 UTC 2026
Cache sync 50 at Sun Apr 12 21:09:36 UTC 2026
Cache sync 51 at Sun Apr 12 21:09:36 UTC 2026
Cache sync 52 at Sun Apr 12 21:09:36 UTC 2026
Cache sync 53 at Sun Apr 12 21:09:36 UTC 2026
Cache sync 54 at Sun Apr 12 21:09:36 UTC 2026
Cache sync 55 at Sun Apr 12 21:09:36 UTC 2026
Cache sync 56 at Sun Apr 12 21:09:36 UTC 2026
Cache sync 57 at Sun Apr 12 21:09:36 UTC 2026
Cache sync 58 at Sun Apr 12 21:09:36 UTC 2026
Cache sync 59 at Sun Apr 12 21:09:36 UTC 2026
Cache sync 60 at Sun Apr 12 21:09:36 UTC 2026
Cache sync 61 at Sun Apr 12 21:09:36 UTC 2026
Cache sync 1 at Mon Apr 13 00:24:26 UTC 2026
Cache sync 2 at Mon Apr 13 00:24:26 UTC 2026
Cache sync 3 at Mon Apr 13 00:24:26 UTC 2026
Cache sync 4 at Mon Apr 13 00:24:26 UTC 2026
Cache sync 5 at Mon Apr 13 00:24:26 UTC 2026
Cache sync 6 at Mon Apr 13 00:24:26 UTC 2026
Cache sync 7 at Mon Apr 13 00:24:26 UTC 2026
Cache sync 8 at Mon Apr 13 00:24:26 UTC 2026
Cache sync 9 at Mon Apr 13 00:24:26 UTC 2026
Cache sync 10 at Mon Apr 13 00:24:26 UTC 2026
Cache sync 11 at Mon Apr 13 00:24:26 UTC 2026
Cache sync 12 at Mon Apr 13 00:24:26 UTC 2026
Cache sync 13 at Mon Apr 13 00:24:26 UTC 2026
Cache sync 14 at Mon Apr 13 00:24:26 UTC 2026
Cache sync 15 at Mon Apr 13 00:24:26 UTC 2026
Cache sync 16 at Mon Apr 13 00:24:26 UTC 2026
Cache sync 17 at Mon Apr 13 00:24:26 UTC 2026
Cache sync 18 at Mon Apr 13 00:24:26 UTC 2026
Cache sync 19 at Mon Apr 13 00:24:26 UTC 2026
Cache sync 20 at Mon Apr 13 00:24:26 UTC 2026
Cache sync 21 at Mon Apr 13 00:24:27 UTC 2026
Cache sync 22 at Mon Apr 13 00:24:27 UTC 2026
Cache sync 23 at Mon Apr 13 00:24:27 UTC 2026
Cache sync 24 at Mon Apr 13 00:24:27 UTC 2026
Cache sync 25 at Mon Apr 13 00:24:27 UTC 2026
Cache sync 26 at Mon Apr 13 00:24:27 UTC 2026
Cache sync 27 at Mon Apr 13 00:24:27 UTC 2026
Cache sync 28 at Mon Apr 13 00:24:27 UTC 2026
Cache sync 29 at Mon Apr 13 00:24:27 UTC 2026
Cache sync 30 at Mon Apr 13 00:24:27 UTC 2026
Cache sync 31 at Mon Apr 13 00:24:27 UTC 2026
Cache sync 32 at Mon Apr 13 00:24:27 UTC 2026
Cache sync 33 at Mon Apr 13 00:24:27 UTC 2026
Cache sync 34 at Mon Apr 13 00:24:27 UTC 2026
Cache sync 35 at Mon Apr 13 00:24:27 UTC 2026
Cache sync 36 at Mon Apr 13 00:24:27 UTC 2026
Cache sync 37 at Mon Apr 13 00:24:27 UTC 2026
Cache sync 38 at Mon Apr 13 00:24:27 UTC 2026
Cache sync 39 at Mon Apr 13 00:24:27 UTC 2026
Cache sync 40 at Mon Apr 13 00:24:27 UTC 2026
Cache sync 41 at Mon Apr 13 00:24:27 UTC 2026
Cache sync 42 at Mon Apr 13 00:24:27 UTC 2026
Cache sync 43 at Mon Apr 13 00:24:27 UTC 2026
Cache sync 44 at Mon Apr 13 00:24:27 UTC 2026
Cache sync 45 at Mon Apr 13 00:24:27 UTC 2026
Cache sync 46 at Mon Apr 13 00:24:27 UTC 2026
Cache sync 47 at Mon Apr 13 00:24:27 UTC 2026
Cache sync 48 at Mon Apr 13 00:24:27 UTC 2026
Cache sync 49 at Mon Apr 13 00:24:27 UTC 2026
Cache sync 50 at Mon Apr 13 00:24:27 UTC 2026
Cache sync 51 at Mon Apr 13 00:24:27 UTC 2026
Cache sync 52 at Mon Apr 13 00:24:27 UTC 2026
Cache sync 53 at Mon Apr 13 00:24:27 UTC 2026
Cache sync 54 at Mon Apr 13 00:24:27 UTC 2026
Cache sync 55 at Mon Apr 13 00:24:27 UTC 2026
Cache sync 56 at Mon Apr 13 00:24:27 UTC 2026
Cache sync 57 at Mon Apr 13 00:24:27 UTC 2026
Cache sync 58 at Mon Apr 13 00:24:27 UTC 2026
Cache sync 59 at Mon Apr 13 00:24:27 UTC 2026
Cache sync 60 at Mon Apr 13 00:24:27 UTC 2026
Cache sync 61 at Mon Apr 13 00:24:27 UTC 2026
Cache sync 62 at Mon Apr 13 00:24:27 UTC 2026
Cache sync 63 at Mon Apr 13 00:24:27 UTC 2026
Cache sync 64 at Mon Apr 13 00:24:27 UTC 2026
Cache sync 65 at Mon Apr 13 00:24:27 UTC 2026
Cache sync 1 at Mon Apr 13 04:06:24 UTC 2026
Cache sync 2 at Mon Apr 13 04:06:24 UTC 2026
Cache sync 1 at Mon Apr 13 06:43:06 UTC 2026
Cache sync 2 at Mon Apr 13 06:43:06 UTC 2026
Cache sync 3 at Mon Apr 13 06:43:06 UTC 2026
Cache sync 4 at Mon Apr 13 06:43:06 UTC 2026
Cache sync 5 at Mon Apr 13 06:43:06 UTC 2026
Cache sync 6 at Mon Apr 13 06:43:06 UTC 2026
Cache sync 7 at Mon Apr 13 06:43:06 UTC 2026
Cache sync 8 at Mon Apr 13 06:43:06 UTC 2026
Cache sync 9 at Mon Apr 13 06:43:06 UTC 2026
Cache sync 10 at Mon Apr 13 06:43:06 UTC 2026
Cache sync 11 at Mon Apr 13 06:43:06 UTC 2026
Cache sync 12 at Mon Apr 13 06:43:06 UTC 2026
Cache sync 13 at Mon Apr 13 06:43:06 UTC 2026
Cache sync 14 at Mon Apr 13 06:43:06 UTC 2026
Cache sync 15 at Mon Apr 13 06:43:06 UTC 2026
Cache sync 16 at Mon Apr 13 06:43:06 UTC 2026
Cache sync 17 at Mon Apr 13 06:43:06 UTC 2026
Cache sync 18 at Mon Apr 13 06:43:06 UTC 2026
Cache sync 19 at Mon Apr 13 06:43:06 UTC 2026
Cache sync 20 at Mon Apr 13 06:43:06 UTC 2026
Cache sync 21 at Mon Apr 13 06:43:06 UTC 2026
Cache sync 22 at Mon Apr 13 06:43:06 UTC 2026
Cache sync 23 at Mon Apr 13 06:43:06 UTC 2026
Cache sync 24 at Mon Apr 13 06:43:06 UTC 2026
Cache sync 25 at Mon Apr 13 06:43:06 UTC 2026
Cache sync 26 at Mon Apr 13 06:43:06 UTC 2026
Cache sync 27 at Mon Apr 13 06:43:06 UTC 2026
Cache sync 28 at Mon Apr 13 06:43:06 UTC 2026
Cache sync 29 at Mon Apr 13 06:43:06 UTC 2026
Cache sync 30 at Mon Apr 13 06:43:06 UTC 2026
Cache sync 31 at Mon Apr 13 06:43:06 UTC 2026
Cache sync 32 at Mon Apr 13 06:43:06 UTC 2026
Cache sync 33 at Mon Apr 13 06:43:06 UTC 2026
Cache sync 34 at Mon Apr 13 06:43:06 UTC 2026
Cache sync 35 at Mon Apr 13 06:43:06 UTC 2026
Cache sync 36 at Mon Apr 13 06:43:06 UTC 2026
Cache sync 37 at Mon Apr 13 06:43:06 UTC 2026
Cache sync 38 at Mon Apr 13 06:43:06 UTC 2026
Cache sync 39 at Mon Apr 13 06:43:06 UTC 2026
Cache sync 40 at Mon Apr 13 06:43:06 UTC 2026
Cache sync 41 at Mon Apr 13 06:43:06 UTC 2026
Cache sync 42 at Mon Apr 13 06:43:06 UTC 2026
Cache sync 43 at Mon Apr 13 06:43:06 UTC 2026
Cache sync 44 at Mon Apr 13 06:43:06 UTC 2026
Cache sync 45 at Mon Apr 13 06:43:06 UTC 2026
Cache sync 46 at Mon Apr 13 06:43:07 UTC 2026
Cache sync 47 at Mon Apr 13 06:43:07 UTC 2026
Cache sync 48 at Mon Apr 13 06:43:07 UTC 2026
Cache sync 49 at Mon Apr 13 06:43:07 UTC 2026
Cache sync 50 at Mon Apr 13 06:43:07 UTC 2026
Cache sync 51 at Mon Apr 13 06:43:07 UTC 2026
Cache sync 52 at Mon Apr 13 06:43:07 UTC 2026
Cache sync 53 at Mon Apr 13 06:43:07 UTC 2026
Cache sync 54 at Mon Apr 13 06:43:07 UTC 2026
Cache sync 55 at Mon Apr 13 06:43:07 UTC 2026
Cache sync 56 at Mon Apr 13 06:43:07 UTC 2026
Cache sync 57 at Mon Apr 13 06:43:07 UTC 2026
Cache sync 58 at Mon Apr 13 06:43:07 UTC 2026
Cache sync 59 at Mon Apr 13 06:43:07 UTC 2026
Cache sync 60 at Mon Apr 13 06:43:07 UTC 2026
Cache sync 61 at Mon Apr 13 06:43:07 UTC 2026
Cache sync 62 at Mon Apr 13 06:43:07 UTC 2026
Cache sync 63 at Mon Apr 13 06:43:07 UTC 2026
Cache sync 64 at Mon Apr 13 06:43:07 UTC 2026
Cache sync 65 at Mon Apr 13 06:43:07 UTC 2026
Cache sync 66 at Mon Apr 13 06:43:07 UTC 2026
Cache sync 67 at Mon Apr 13 06:43:07 UTC 2026
Cache sync 68 at Mon Apr 13 06:43:07 UTC 2026
Cache sync 69 at Mon Apr 13 06:43:07 UTC 2026
Cache sync 70 at Mon Apr 13 06:43:07 UTC 2026
Cache sync 71 at Mon Apr 13 06:43:07 UTC 2026
Cache sync 72 at Mon Apr 13 06:43:07 UTC 2026
Cache sync 73 at Mon Apr 13 06:43:07 UTC 2026
Cache sync 74 at Mon Apr 13 06:43:07 UTC 2026
Cache sync 75 at Mon Apr 13 06:43:07 UTC 2026
Cache sync 76 at Mon Apr 13 06:43:07 UTC 2026
Cache sync 77 at Mon Apr 13 06:43:07 UTC 2026
Cache sync 78 at Mon Apr 13 06:43:07 UTC 2026
Cache sync 79 at Mon Apr 13 06:43:07 UTC 2026
Cache sync 80 at Mon Apr 13 06:43:07 UTC 2026
Cache sync 1 at Mon Apr 13 09:35:46 UTC 2026
Cache sync 2 at Mon Apr 13 09:35:46 UTC 2026
Cache sync 3 at Mon Apr 13 09:35:46 UTC 2026
Cache sync 4 at Mon Apr 13 09:35:46 UTC 2026
Cache sync 5 at Mon Apr 13 09:35:46 UTC 2026
Cache sync 6 at Mon Apr 13 09:35:46 UTC 2026
Cache sync 7 at Mon Apr 13 09:35:46 UTC 2026
Cache sync 8 at Mon Apr 13 09:35:46 UTC 2026
Cache sync 9 at Mon Apr 13 09:35:46 UTC 2026
Cache sync 10 at Mon Apr 13 09:35:46 UTC 2026
Cache sync 11 at Mon Apr 13 09:35:46 UTC 2026
Cache sync 12 at Mon Apr 13 09:35:46 UTC 2026
Cache sync 13 at Mon Apr 13 09:35:46 UTC 2026
Cache sync 14 at Mon Apr 13 09:35:46 UTC 2026
Cache sync 15 at Mon Apr 13 09:35:46 UTC 2026
Cache sync 16 at Mon Apr 13 09:35:46 UTC 2026
Cache sync 17 at Mon Apr 13 09:35:46 UTC 2026
Cache sync 18 at Mon Apr 13 09:35:46 UTC 2026
Cache sync 19 at Mon Apr 13 09:35:46 UTC 2026
Cache sync 20 at Mon Apr 13 09:35:46 UTC 2026
Cache sync 21 at Mon Apr 13 09:35:46 UTC 2026
Cache sync 22 at Mon Apr 13 09:35:46 UTC 2026
Cache sync 23 at Mon Apr 13 09:35:46 UTC 2026
Cache sync 24 at Mon Apr 13 09:35:46 UTC 2026
Cache sync 25 at Mon Apr 13 09:35:46 UTC 2026
Cache sync 26 at Mon Apr 13 09:35:46 UTC 2026
Cache sync 27 at Mon Apr 13 09:35:46 UTC 2026
Cache sync 28 at Mon Apr 13 09:35:46 UTC 2026
Cache sync 29 at Mon Apr 13 09:35:46 UTC 2026
Cache sync 30 at Mon Apr 13 09:35:46 UTC 2026
Cache sync 31 at Mon Apr 13 09:35:46 UTC 2026
Cache sync 32 at Mon Apr 13 09:35:46 UTC 2026
Cache sync 33 at Mon Apr 13 09:35:46 UTC 2026
Cache sync 34 at Mon Apr 13 09:35:46 UTC 2026
Cache sync 35 at Mon Apr 13 09:35:46 UTC 2026
Cache sync 36 at Mon Apr 13 09:35:46 UTC 2026
Cache sync 37 at Mon Apr 13 09:35:46 UTC 2026
Cache sync 38 at Mon Apr 13 09:35:46 UTC 2026
Cache sync 39 at Mon Apr 13 09:35:46 UTC 2026
Cache sync 40 at Mon Apr 13 09:35:46 UTC 2026
Cache sync 1 at Mon Apr 13 12:22:24 UTC 2026
Cache sync 2 at Mon Apr 13 12:22:24 UTC 2026
Cache sync 3 at Mon Apr 13 12:22:24 UTC 2026
Cache sync 4 at Mon Apr 13 12:22:24 UTC 2026
Cache sync 5 at Mon Apr 13 12:22:24 UTC 2026
Cache sync 6 at Mon Apr 13 12:22:25 UTC 2026
Cache sync 7 at Mon Apr 13 12:22:25 UTC 2026
Cache sync 8 at Mon Apr 13 12:22:25 UTC 2026
Cache sync 9 at Mon Apr 13 12:22:25 UTC 2026
Cache sync 10 at Mon Apr 13 12:22:25 UTC 2026
Cache sync 11 at Mon Apr 13 12:22:25 UTC 2026
Cache sync 12 at Mon Apr 13 12:22:25 UTC 2026
Cache sync 13 at Mon Apr 13 12:22:25 UTC 2026
Cache sync 14 at Mon Apr 13 12:22:25 UTC 2026
Cache sync 15 at Mon Apr 13 12:22:25 UTC 2026
Cache sync 16 at Mon Apr 13 12:22:25 UTC 2026
Cache sync 17 at Mon Apr 13 12:22:25 UTC 2026
Cache sync 18 at Mon Apr 13 12:22:25 UTC 2026
Cache sync 19 at Mon Apr 13 12:22:25 UTC 2026
Cache sync 20 at Mon Apr 13 12:22:25 UTC 2026
Cache sync 21 at Mon Apr 13 12:22:25 UTC 2026
Cache sync 22 at Mon Apr 13 12:22:25 UTC 2026
Cache sync 23 at Mon Apr 13 12:22:25 UTC 2026
Cache sync 24 at Mon Apr 13 12:22:25 UTC 2026
Cache sync 25 at Mon Apr 13 12:22:25 UTC 2026
Cache sync 26 at Mon Apr 13 12:22:25 UTC 2026
Cache sync 27 at Mon Apr 13 12:22:25 UTC 2026
Cache sync 28 at Mon Apr 13 12:22:25 UTC 2026
Cache sync 29 at Mon Apr 13 12:22:25 UTC 2026
Cache sync 30 at Mon Apr 13 12:22:25 UTC 2026
Cache sync 31 at Mon Apr 13 12:22:25 UTC 2026
Cache sync 32 at Mon Apr 13 12:22:25 UTC 2026
Cache sync 33 at Mon Apr 13 12:22:25 UTC 2026
Cache sync 34 at Mon Apr 13 12:22:25 UTC 2026
Cache sync 35 at Mon Apr 13 12:22:25 UTC 2026
Cache sync 36 at Mon Apr 13 12:22:25 UTC 2026
Cache sync 37 at Mon Apr 13 12:22:25 UTC 2026
Cache sync 38 at Mon Apr 13 12:22:25 UTC 2026
Cache sync 39 at Mon Apr 13 12:22:25 UTC 2026
Cache sync 40 at Mon Apr 13 12:22:25 UTC 2026
Cache sync 41 at Mon Apr 13 12:22:25 UTC 2026
Cache sync 42 at Mon Apr 13 12:22:25 UTC 2026
Cache sync 43 at Mon Apr 13 12:22:25 UTC 2026
Cache sync 44 at Mon Apr 13 12:22:25 UTC 2026
Cache sync 45 at Mon Apr 13 12:22:25 UTC 2026
Cache sync 46 at Mon Apr 13 12:22:25 UTC 2026
Cache sync 47 at Mon Apr 13 12:22:25 UTC 2026
Cache sync 48 at Mon Apr 13 12:22:25 UTC 2026
Cache sync 49 at Mon Apr 13 12:22:25 UTC 2026
Cache sync 50 at Mon Apr 13 12:22:25 UTC 2026
Cache sync 51 at Mon Apr 13 12:22:25 UTC 2026
Cache sync 52 at Mon Apr 13 12:22:25 UTC 2026
Cache sync 53 at Mon Apr 13 12:22:25 UTC 2026
Cache sync 54 at Mon Apr 13 12:22:25 UTC 2026
Cache sync 55 at Mon Apr 13 12:22:25 UTC 2026
Cache sync 56 at Mon Apr 13 12:22:25 UTC 2026
Cache sync 57 at Mon Apr 13 12:22:25 UTC 2026
Cache sync 58 at Mon Apr 13 12:22:25 UTC 2026
Cache sync 59 at Mon Apr 13 12:22:25 UTC 2026
Cache sync 60 at Mon Apr 13 12:22:25 UTC 2026
Cache sync 61 at Mon Apr 13 12:22:25 UTC 2026
Cache sync 62 at Mon Apr 13 12:22:25 UTC 2026
Cache sync 63 at Mon Apr 13 12:22:25 UTC 2026
Cache sync 64 at Mon Apr 13 12:22:25 UTC 2026
Cache sync 65 at Mon Apr 13 12:22:25 UTC 2026
Cache sync 66 at Mon Apr 13 12:22:25 UTC 2026
Cache sync 67 at Mon Apr 13 12:22:25 UTC 2026
Cache sync 68 at Mon Apr 13 12:22:25 UTC 2026
Cache sync 69 at Mon Apr 13 12:22:25 UTC 2026
Cache sync 70 at Mon Apr 13 12:22:26 UTC 2026
Cache sync 71 at Mon Apr 13 12:22:26 UTC 2026
Cache sync 72 at Mon Apr 13 12:22:26 UTC 2026
Cache sync 73 at Mon Apr 13 12:22:26 UTC 2026
Cache sync 74 at Mon Apr 13 12:22:26 UTC 2026
Cache sync 75 at Mon Apr 13 12:22:26 UTC 2026
Cache sync 76 at Mon Apr 13 12:22:26 UTC 2026
Cache sync 77 at Mon Apr 13 12:22:26 UTC 2026
Cache sync 78 at Mon Apr 13 12:22:26 UTC 2026
Cache sync 79 at Mon Apr 13 12:22:26 UTC 2026
Cache sync 1 at Mon Apr 13 15:29:32 UTC 2026
Cache sync 2 at Mon Apr 13 15:29:32 UTC 2026
Cache sync 3 at Mon Apr 13 15:29:32 UTC 2026
Cache sync 4 at Mon Apr 13 15:29:32 UTC 2026
Cache sync 5 at Mon Apr 13 15:29:32 UTC 2026
Cache sync 6 at Mon Apr 13 15:29:32 UTC 2026
Cache sync 7 at Mon Apr 13 15:29:32 UTC 2026
Cache sync 8 at Mon Apr 13 15:29:32 UTC 2026
Cache sync 9 at Mon Apr 13 15:29:32 UTC 2026
Cache sync 10 at Mon Apr 13 15:29:32 UTC 2026
Cache sync 11 at Mon Apr 13 15:29:32 UTC 2026
Cache sync 12 at Mon Apr 13 15:29:32 UTC 2026
Cache sync 13 at Mon Apr 13 15:29:32 UTC 2026
Cache sync 14 at Mon Apr 13 15:29:32 UTC 2026
Cache sync 15 at Mon Apr 13 15:29:32 UTC 2026
Cache sync 16 at Mon Apr 13 15:29:32 UTC 2026
Cache sync 17 at Mon Apr 13 15:29:32 UTC 2026
Cache sync 18 at Mon Apr 13 15:29:32 UTC 2026
Cache sync 19 at Mon Apr 13 15:29:32 UTC 2026
Cache sync 20 at Mon Apr 13 15:29:32 UTC 2026
Cache sync 21 at Mon Apr 13 15:29:32 UTC 2026
Cache sync 22 at Mon Apr 13 15:29:32 UTC 2026
Cache sync 23 at Mon Apr 13 15:29:32 UTC 2026
Cache sync 24 at Mon Apr 13 15:29:32 UTC 2026
Cache sync 25 at Mon Apr 13 15:29:32 UTC 2026
Cache sync 26 at Mon Apr 13 15:29:32 UTC 2026
Cache sync 27 at Mon Apr 13 15:29:32 UTC 2026
Cache sync 28 at Mon Apr 13 15:29:32 UTC 2026
Cache sync 29 at Mon Apr 13 15:29:32 UTC 2026
Cache sync 30 at Mon Apr 13 15:29:32 UTC 2026
Cache sync 31 at Mon Apr 13 15:29:32 UTC 2026
Cache sync 32 at Mon Apr 13 15:29:32 UTC 2026
Cache sync 33 at Mon Apr 13 15:29:32 UTC 2026
Cache sync 34 at Mon Apr 13 15:29:32 UTC 2026
Cache sync 35 at Mon Apr 13 15:29:32 UTC 2026
Cache sync 36 at Mon Apr 13 15:29:33 UTC 2026
Cache sync 37 at Mon Apr 13 15:29:33 UTC 2026
Cache sync 38 at Mon Apr 13 15:29:33 UTC 2026
Cache sync 39 at Mon Apr 13 15:29:33 UTC 2026
Cache sync 40 at Mon Apr 13 15:29:33 UTC 2026
Cache sync 41 at Mon Apr 13 15:29:33 UTC 2026
Cache sync 42 at Mon Apr 13 15:29:33 UTC 2026
Cache sync 43 at Mon Apr 13 15:29:33 UTC 2026
Cache sync 44 at Mon Apr 13 15:29:33 UTC 2026
Cache sync 45 at Mon Apr 13 15:29:33 UTC 2026
Cache sync 46 at Mon Apr 13 15:29:33 UTC 2026
Cache sync 47 at Mon Apr 13 15:29:33 UTC 2026
Cache sync 48 at Mon Apr 13 15:29:33 UTC 2026
Cache sync 49 at Mon Apr 13 15:29:33 UTC 2026
Cache sync 50 at Mon Apr 13 15:29:33 UTC 2026
Cache sync 51 at Mon Apr 13 15:29:33 UTC 2026
Cache sync 52 at Mon Apr 13 15:29:33 UTC 2026
Cache sync 53 at Mon Apr 13 15:29:33 UTC 2026
Cache sync 54 at Mon Apr 13 15:29:33 UTC 2026
Cache sync 55 at Mon Apr 13 15:29:33 UTC 2026
Cache sync 56 at Mon Apr 13 15:29:33 UTC 2026
Cache sync 57 at Mon Apr 13 15:29:33 UTC 2026
Cache sync 58 at Mon Apr 13 15:29:33 UTC 2026
Cache sync 59 at Mon Apr 13 15:29:33 UTC 2026
Cache sync 60 at Mon Apr 13 15:29:33 UTC 2026
Cache sync 61 at Mon Apr 13 15:29:33 UTC 2026
Cache sync 62 at Mon Apr 13 15:29:33 UTC 2026
Cache sync 63 at Mon Apr 13 15:29:33 UTC 2026
Cache sync 64 at Mon Apr 13 15:29:33 UTC 2026
Cache sync 65 at Mon Apr 13 15:29:33 UTC 2026
Cache sync 66 at Mon Apr 13 15:29:33 UTC 2026
Cache sync 67 at Mon Apr 13 15:29:33 UTC 2026
Cache sync 68 at Mon Apr 13 15:29:33 UTC 2026
Cache sync 69 at Mon Apr 13 15:29:33 UTC 2026
Cache sync 70 at Mon Apr 13 15:29:33 UTC 2026
Cache sync 71 at Mon Apr 13 15:29:33 UTC 2026
Cache sync 72 at Mon Apr 13 15:29:33 UTC 2026
Cache sync 73 at Mon Apr 13 15:29:33 UTC 2026
Cache sync 74 at Mon Apr 13 15:29:33 UTC 2026
Cache sync 75 at Mon Apr 13 15:29:33 UTC 2026
Cache sync 76 at Mon Apr 13 15:29:33 UTC 2026
Cache sync 77 at Mon Apr 13 15:29:33 UTC 2026
Cache sync 78 at Mon Apr 13 15:29:33 UTC 2026
Cache sync 1 at Mon Apr 13 18:25:06 UTC 2026
Cache sync 2 at Mon Apr 13 18:25:06 UTC 2026
Cache sync 3 at Mon Apr 13 18:25:06 UTC 2026
Cache sync 4 at Mon Apr 13 18:25:06 UTC 2026
Cache sync 5 at Mon Apr 13 18:25:06 UTC 2026
Cache sync 6 at Mon Apr 13 18:25:06 UTC 2026
Cache sync 7 at Mon Apr 13 18:25:06 UTC 2026
Cache sync 8 at Mon Apr 13 18:25:06 UTC 2026
Cache sync 9 at Mon Apr 13 18:25:06 UTC 2026
Cache sync 10 at Mon Apr 13 18:25:06 UTC 2026
Cache sync 11 at Mon Apr 13 18:25:06 UTC 2026
Cache sync 12 at Mon Apr 13 18:25:06 UTC 2026
Cache sync 13 at Mon Apr 13 18:25:06 UTC 2026
Cache sync 14 at Mon Apr 13 18:25:06 UTC 2026
Cache sync 15 at Mon Apr 13 18:25:06 UTC 2026
Cache sync 16 at Mon Apr 13 18:25:06 UTC 2026
Cache sync 17 at Mon Apr 13 18:25:06 UTC 2026
Cache sync 18 at Mon Apr 13 18:25:07 UTC 2026
Cache sync 19 at Mon Apr 13 18:25:07 UTC 2026
Cache sync 20 at Mon Apr 13 18:25:07 UTC 2026
Cache sync 21 at Mon Apr 13 18:25:07 UTC 2026
Cache sync 22 at Mon Apr 13 18:25:07 UTC 2026
Cache sync 23 at Mon Apr 13 18:25:07 UTC 2026
Cache sync 24 at Mon Apr 13 18:25:07 UTC 2026
Cache sync 25 at Mon Apr 13 18:25:07 UTC 2026
Cache sync 26 at Mon Apr 13 18:25:07 UTC 2026
Cache sync 27 at Mon Apr 13 18:25:07 UTC 2026
Cache sync 28 at Mon Apr 13 18:25:07 UTC 2026
Cache sync 29 at Mon Apr 13 18:25:07 UTC 2026
Cache sync 30 at Mon Apr 13 18:25:07 UTC 2026
Cache sync 31 at Mon Apr 13 18:25:07 UTC 2026
Cache sync 32 at Mon Apr 13 18:25:07 UTC 2026
Cache sync 33 at Mon Apr 13 18:25:07 UTC 2026
Cache sync 34 at Mon Apr 13 18:25:07 UTC 2026
Cache sync 35 at Mon Apr 13 18:25:07 UTC 2026
Cache sync 36 at Mon Apr 13 18:25:07 UTC 2026
Cache sync 37 at Mon Apr 13 18:25:07 UTC 2026
Cache sync 38 at Mon Apr 13 18:25:07 UTC 2026
Cache sync 39 at Mon Apr 13 18:25:07 UTC 2026
Cache sync 40 at Mon Apr 13 18:25:07 UTC 2026
Cache sync 41 at Mon Apr 13 18:25:07 UTC 2026
Cache sync 42 at Mon Apr 13 18:25:07 UTC 2026
Cache sync 43 at Mon Apr 13 18:25:07 UTC 2026
Cache sync 44 at Mon Apr 13 18:25:07 UTC 2026
Cache sync 45 at Mon Apr 13 18:25:07 UTC 2026
Cache sync 46 at Mon Apr 13 18:25:07 UTC 2026
Cache sync 47 at Mon Apr 13 18:25:07 UTC 2026
Cache sync 48 at Mon Apr 13 18:25:07 UTC 2026
Cache sync 49 at Mon Apr 13 18:25:07 UTC 2026
Cache sync 50 at Mon Apr 13 18:25:07 UTC 2026
Cache sync 51 at Mon Apr 13 18:25:07 UTC 2026
Cache sync 52 at Mon Apr 13 18:25:07 UTC 2026
Cache sync 53 at Mon Apr 13 18:25:07 UTC 2026
Cache sync 54 at Mon Apr 13 18:25:07 UTC 2026
Cache sync 55 at Mon Apr 13 18:25:07 UTC 2026
Cache sync 56 at Mon Apr 13 18:25:07 UTC 2026
Cache sync 57 at Mon Apr 13 18:25:07 UTC 2026
Cache sync 58 at Mon Apr 13 18:25:07 UTC 2026
Cache sync 59 at Mon Apr 13 18:25:07 UTC 2026
Cache sync 60 at Mon Apr 13 18:25:07 UTC 2026
Cache sync 61 at Mon Apr 13 18:25:07 UTC 2026
Cache sync 62 at Mon Apr 13 18:25:07 UTC 2026
Cache sync 63 at Mon Apr 13 18:25:07 UTC 2026
Cache sync 64 at Mon Apr 13 18:25:07 UTC 2026
Cache sync 65 at Mon Apr 13 18:25:07 UTC 2026
Cache sync 66 at Mon Apr 13 18:25:07 UTC 2026
Cache sync 67 at Mon Apr 13 18:25:07 UTC 2026
Cache sync 68 at Mon Apr 13 18:25:07 UTC 2026
Cache sync 69 at Mon Apr 13 18:25:07 UTC 2026
Cache sync 1 at Mon Apr 13 21:16:01 UTC 2026
Cache sync 2 at Mon Apr 13 21:16:01 UTC 2026
Cache sync 3 at Mon Apr 13 21:16:01 UTC 2026
Cache sync 4 at Mon Apr 13 21:16:01 UTC 2026
Cache sync 5 at Mon Apr 13 21:16:01 UTC 2026
Cache sync 6 at Mon Apr 13 21:16:01 UTC 2026
Cache sync 7 at Mon Apr 13 21:16:01 UTC 2026
Cache sync 8 at Mon Apr 13 21:16:01 UTC 2026
Cache sync 9 at Mon Apr 13 21:16:01 UTC 2026
Cache sync 10 at Mon Apr 13 21:16:01 UTC 2026
Cache sync 11 at Mon Apr 13 21:16:01 UTC 2026
Cache sync 1 at Tue Apr 14 00:26:52 UTC 2026
Cache sync 2 at Tue Apr 14 00:26:52 UTC 2026
Cache sync 3 at Tue Apr 14 00:26:52 UTC 2026
Cache sync 4 at Tue Apr 14 00:26:52 UTC 2026
Cache sync 5 at Tue Apr 14 00:26:52 UTC 2026
Cache sync 6 at Tue Apr 14 00:26:52 UTC 2026
Cache sync 7 at Tue Apr 14 00:26:52 UTC 2026
Cache sync 8 at Tue Apr 14 00:26:52 UTC 2026
Cache sync 9 at Tue Apr 14 00:26:52 UTC 2026
Cache sync 10 at Tue Apr 14 00:26:52 UTC 2026
Cache sync 11 at Tue Apr 14 00:26:52 UTC 2026
Cache sync 12 at Tue Apr 14 00:26:52 UTC 2026
Cache sync 13 at Tue Apr 14 00:26:52 UTC 2026
Cache sync 14 at Tue Apr 14 00:26:52 UTC 2026
Cache sync 15 at Tue Apr 14 00:26:52 UTC 2026
Cache sync 16 at Tue Apr 14 00:26:52 UTC 2026
Cache sync 17 at Tue Apr 14 00:26:52 UTC 2026
Cache sync 18 at Tue Apr 14 00:26:52 UTC 2026
Cache sync 19 at Tue Apr 14 00:26:52 UTC 2026
Cache sync 20 at Tue Apr 14 00:26:52 UTC 2026
Cache sync 21 at Tue Apr 14 00:26:52 UTC 2026
Cache sync 22 at Tue Apr 14 00:26:52 UTC 2026
Cache sync 23 at Tue Apr 14 00:26:52 UTC 2026
Cache sync 24 at Tue Apr 14 00:26:52 UTC 2026
Cache sync 25 at Tue Apr 14 00:26:52 UTC 2026
Cache sync 26 at Tue Apr 14 00:26:52 UTC 2026
Cache sync 27 at Tue Apr 14 00:26:52 UTC 2026
Cache sync 28 at Tue Apr 14 00:26:52 UTC 2026
Cache sync 29 at Tue Apr 14 00:26:52 UTC 2026
Cache sync 30 at Tue Apr 14 00:26:52 UTC 2026
Cache sync 31 at Tue Apr 14 00:26:52 UTC 2026
Cache sync 32 at Tue Apr 14 00:26:52 UTC 2026
Cache sync 33 at Tue Apr 14 00:26:52 UTC 2026
Cache sync 34 at Tue Apr 14 00:26:52 UTC 2026
Cache sync 35 at Tue Apr 14 00:26:52 UTC 2026
Cache sync 36 at Tue Apr 14 00:26:52 UTC 2026
Cache sync 37 at Tue Apr 14 00:26:52 UTC 2026
Cache sync 38 at Tue Apr 14 00:26:52 UTC 2026
Cache sync 39 at Tue Apr 14 00:26:52 UTC 2026
Cache sync 40 at Tue Apr 14 00:26:52 UTC 2026
Cache sync 41 at Tue Apr 14 00:26:52 UTC 2026
Cache sync 42 at Tue Apr 14 00:26:52 UTC 2026
Cache sync 43 at Tue Apr 14 00:26:52 UTC 2026
Cache sync 44 at Tue Apr 14 00:26:52 UTC 2026
Cache sync 45 at Tue Apr 14 00:26:52 UTC 2026
Cache sync 46 at Tue Apr 14 00:26:52 UTC 2026
Cache sync 47 at Tue Apr 14 00:26:52 UTC 2026
Cache sync 48 at Tue Apr 14 00:26:52 UTC 2026
Cache sync 49 at Tue Apr 14 00:26:52 UTC 2026
Cache sync 50 at Tue Apr 14 00:26:52 UTC 2026
Cache sync 51 at Tue Apr 14 00:26:53 UTC 2026
Cache sync 52 at Tue Apr 14 00:26:53 UTC 2026
Cache sync 53 at Tue Apr 14 00:26:53 UTC 2026
Cache sync 54 at Tue Apr 14 00:26:53 UTC 2026
Cache sync 55 at Tue Apr 14 00:26:53 UTC 2026
Cache sync 56 at Tue Apr 14 00:26:53 UTC 2026
Cache sync 57 at Tue Apr 14 00:26:53 UTC 2026
Cache sync 58 at Tue Apr 14 00:26:53 UTC 2026
Cache sync 59 at Tue Apr 14 00:26:53 UTC 2026
Cache sync 60 at Tue Apr 14 00:26:53 UTC 2026
Cache sync 61 at Tue Apr 14 00:26:53 UTC 2026
Cache sync 62 at Tue Apr 14 00:26:53 UTC 2026
Cache sync 63 at Tue Apr 14 00:26:53 UTC 2026
Cache sync 64 at Tue Apr 14 00:26:53 UTC 2026
Cache sync 1 at Tue Apr 14 04:01:52 UTC 2026
Cache sync 2 at Tue Apr 14 04:01:52 UTC 2026
Cache sync 3 at Tue Apr 14 04:01:52 UTC 2026
Cache sync 4 at Tue Apr 14 04:01:52 UTC 2026
Cache sync 5 at Tue Apr 14 04:01:52 UTC 2026
Cache sync 6 at Tue Apr 14 04:01:52 UTC 2026
Cache sync 7 at Tue Apr 14 04:01:52 UTC 2026
Cache sync 8 at Tue Apr 14 04:01:52 UTC 2026
Cache sync 9 at Tue Apr 14 04:01:52 UTC 2026
Cache sync 10 at Tue Apr 14 04:01:52 UTC 2026
Cache sync 11 at Tue Apr 14 04:01:52 UTC 2026
Cache sync 12 at Tue Apr 14 04:01:52 UTC 2026
Cache sync 13 at Tue Apr 14 04:01:52 UTC 2026
Cache sync 14 at Tue Apr 14 04:01:52 UTC 2026
Cache sync 15 at Tue Apr 14 04:01:52 UTC 2026
Cache sync 16 at Tue Apr 14 04:01:52 UTC 2026
Cache sync 17 at Tue Apr 14 04:01:52 UTC 2026
Cache sync 18 at Tue Apr 14 04:01:53 UTC 2026
Cache sync 19 at Tue Apr 14 04:01:53 UTC 2026
Cache sync 20 at Tue Apr 14 04:01:53 UTC 2026
Cache sync 21 at Tue Apr 14 04:01:53 UTC 2026
Cache sync 22 at Tue Apr 14 04:01:53 UTC 2026
Cache sync 23 at Tue Apr 14 04:01:53 UTC 2026
Cache sync 24 at Tue Apr 14 04:01:53 UTC 2026
Cache sync 25 at Tue Apr 14 04:01:53 UTC 2026
Cache sync 26 at Tue Apr 14 04:01:53 UTC 2026
Cache sync 27 at Tue Apr 14 04:01:53 UTC 2026
Cache sync 28 at Tue Apr 14 04:01:53 UTC 2026
Cache sync 29 at Tue Apr 14 04:01:53 UTC 2026
Cache sync 30 at Tue Apr 14 04:01:53 UTC 2026
Cache sync 31 at Tue Apr 14 04:01:53 UTC 2026
Cache sync 32 at Tue Apr 14 04:01:53 UTC 2026
Cache sync 33 at Tue Apr 14 04:01:53 UTC 2026
Cache sync 34 at Tue Apr 14 04:01:53 UTC 2026
Cache sync 35 at Tue Apr 14 04:01:53 UTC 2026
Cache sync 36 at Tue Apr 14 04:01:53 UTC 2026
Cache sync 37 at Tue Apr 14 04:01:53 UTC 2026
Cache sync 38 at Tue Apr 14 04:01:53 UTC 2026
Cache sync 39 at Tue Apr 14 04:01:53 UTC 2026
Cache sync 40 at Tue Apr 14 04:01:53 UTC 2026
Cache sync 41 at Tue Apr 14 04:01:53 UTC 2026
Cache sync 42 at Tue Apr 14 04:01:53 UTC 2026
Cache sync 43 at Tue Apr 14 04:01:53 UTC 2026
Cache sync 44 at Tue Apr 14 04:01:53 UTC 2026
Cache sync 45 at Tue Apr 14 04:01:53 UTC 2026
Cache sync 46 at Tue Apr 14 04:01:53 UTC 2026
Cache sync 47 at Tue Apr 14 04:01:53 UTC 2026
Cache sync 48 at Tue Apr 14 04:01:53 UTC 2026
Cache sync 49 at Tue Apr 14 04:01:53 UTC 2026
Cache sync 50 at Tue Apr 14 04:01:53 UTC 2026
Cache sync 51 at Tue Apr 14 04:01:53 UTC 2026
Cache sync 52 at Tue Apr 14 04:01:53 UTC 2026
Cache sync 53 at Tue Apr 14 04:01:53 UTC 2026
Cache sync 54 at Tue Apr 14 04:01:53 UTC 2026
Cache sync 55 at Tue Apr 14 04:01:53 UTC 2026
Cache sync 56 at Tue Apr 14 04:01:53 UTC 2026
Cache sync 57 at Tue Apr 14 04:01:53 UTC 2026
Cache sync 58 at Tue Apr 14 04:01:53 UTC 2026
Cache sync 59 at Tue Apr 14 04:01:53 UTC 2026
Cache sync 60 at Tue Apr 14 04:01:53 UTC 2026
Cache sync 61 at Tue Apr 14 04:01:53 UTC 2026
Cache sync 62 at Tue Apr 14 04:01:53 UTC 2026
Cache sync 63 at Tue Apr 14 04:01:53 UTC 2026
Cache sync 64 at Tue Apr 14 04:01:53 UTC 2026
Cache sync 65 at Tue Apr 14 04:01:53 UTC 2026
Cache sync 66 at Tue Apr 14 04:01:53 UTC 2026
Cache sync 67 at Tue Apr 14 04:01:53 UTC 2026
Cache sync 68 at Tue Apr 14 04:01:53 UTC 2026
Cache sync 69 at Tue Apr 14 04:01:53 UTC 2026
Cache sync 70 at Tue Apr 14 04:01:53 UTC 2026
Cache sync 71 at Tue Apr 14 04:01:53 UTC 2026
Cache sync 72 at Tue Apr 14 04:01:53 UTC 2026
Cache sync 73 at Tue Apr 14 04:01:53 UTC 2026
Cache sync 74 at Tue Apr 14 04:01:53 UTC 2026
Cache sync 75 at Tue Apr 14 04:01:53 UTC 2026
Cache sync 76 at Tue Apr 14 04:01:54 UTC 2026
Cache sync 77 at Tue Apr 14 04:01:54 UTC 2026
Cache sync 78 at Tue Apr 14 04:01:54 UTC 2026
Cache sync 79 at Tue Apr 14 04:01:54 UTC 2026
Cache sync 80 at Tue Apr 14 04:01:54 UTC 2026
Cache sync 81 at Tue Apr 14 04:01:54 UTC 2026
Cache sync 82 at Tue Apr 14 04:01:54 UTC 2026
Cache sync 83 at Tue Apr 14 04:01:54 UTC 2026
Cache sync 1 at Tue Apr 14 06:36:23 UTC 2026
Cache sync 2 at Tue Apr 14 06:36:23 UTC 2026
Cache sync 3 at Tue Apr 14 06:36:23 UTC 2026
Cache sync 4 at Tue Apr 14 06:36:23 UTC 2026
Cache sync 5 at Tue Apr 14 06:36:24 UTC 2026
Cache sync 6 at Tue Apr 14 06:36:24 UTC 2026
Cache sync 7 at Tue Apr 14 06:36:24 UTC 2026
Cache sync 8 at Tue Apr 14 06:36:24 UTC 2026
Cache sync 9 at Tue Apr 14 06:36:24 UTC 2026
Cache sync 10 at Tue Apr 14 06:36:24 UTC 2026
Cache sync 11 at Tue Apr 14 06:36:24 UTC 2026
Cache sync 12 at Tue Apr 14 06:36:24 UTC 2026
Cache sync 13 at Tue Apr 14 06:36:24 UTC 2026
Cache sync 14 at Tue Apr 14 06:36:24 UTC 2026
Cache sync 15 at Tue Apr 14 06:36:24 UTC 2026
Cache sync 16 at Tue Apr 14 06:36:24 UTC 2026
Cache sync 17 at Tue Apr 14 06:36:24 UTC 2026
Cache sync 18 at Tue Apr 14 06:36:24 UTC 2026
Cache sync 19 at Tue Apr 14 06:36:24 UTC 2026
Cache sync 20 at Tue Apr 14 06:36:24 UTC 2026
Cache sync 21 at Tue Apr 14 06:36:24 UTC 2026
Cache sync 22 at Tue Apr 14 06:36:24 UTC 2026
Cache sync 23 at Tue Apr 14 06:36:24 UTC 2026
Cache sync 24 at Tue Apr 14 06:36:24 UTC 2026
Cache sync 25 at Tue Apr 14 06:36:24 UTC 2026
Cache sync 26 at Tue Apr 14 06:36:24 UTC 2026
Cache sync 27 at Tue Apr 14 06:36:24 UTC 2026
Cache sync 28 at Tue Apr 14 06:36:24 UTC 2026
Cache sync 29 at Tue Apr 14 06:36:24 UTC 2026
Cache sync 30 at Tue Apr 14 06:36:24 UTC 2026
Cache sync 31 at Tue Apr 14 06:36:24 UTC 2026
Cache sync 32 at Tue Apr 14 06:36:24 UTC 2026
Cache sync 33 at Tue Apr 14 06:36:24 UTC 2026
Cache sync 34 at Tue Apr 14 06:36:24 UTC 2026
Cache sync 35 at Tue Apr 14 06:36:24 UTC 2026
Cache sync 36 at Tue Apr 14 06:36:24 UTC 2026
Cache sync 37 at Tue Apr 14 06:36:24 UTC 2026
Cache sync 38 at Tue Apr 14 06:36:24 UTC 2026
Cache sync 39 at Tue Apr 14 06:36:24 UTC 2026
Cache sync 40 at Tue Apr 14 06:36:24 UTC 2026
Cache sync 41 at Tue Apr 14 06:36:24 UTC 2026
Cache sync 42 at Tue Apr 14 06:36:24 UTC 2026
Cache sync 43 at Tue Apr 14 06:36:24 UTC 2026
Cache sync 44 at Tue Apr 14 06:36:24 UTC 2026
Cache sync 45 at Tue Apr 14 06:36:24 UTC 2026
Cache sync 46 at Tue Apr 14 06:36:24 UTC 2026
Cache sync 47 at Tue Apr 14 06:36:24 UTC 2026
Cache sync 48 at Tue Apr 14 06:36:24 UTC 2026
Cache sync 49 at Tue Apr 14 06:36:24 UTC 2026
Cache sync 50 at Tue Apr 14 06:36:24 UTC 2026
Cache sync 51 at Tue Apr 14 06:36:24 UTC 2026
Cache sync 52 at Tue Apr 14 06:36:24 UTC 2026
Cache sync 53 at Tue Apr 14 06:36:24 UTC 2026
Cache sync 54 at Tue Apr 14 06:36:24 UTC 2026
Cache sync 1 at Tue Apr 14 09:32:00 UTC 2026
Cache sync 2 at Tue Apr 14 09:32:00 UTC 2026
Cache sync 3 at Tue Apr 14 09:32:00 UTC 2026
Cache sync 4 at Tue Apr 14 09:32:00 UTC 2026
Cache sync 5 at Tue Apr 14 09:32:00 UTC 2026
Cache sync 6 at Tue Apr 14 09:32:00 UTC 2026
Cache sync 7 at Tue Apr 14 09:32:00 UTC 2026
Cache sync 8 at Tue Apr 14 09:32:00 UTC 2026
Cache sync 9 at Tue Apr 14 09:32:00 UTC 2026
Cache sync 10 at Tue Apr 14 09:32:00 UTC 2026
Cache sync 11 at Tue Apr 14 09:32:01 UTC 2026
Cache sync 12 at Tue Apr 14 09:32:01 UTC 2026
Cache sync 13 at Tue Apr 14 09:32:01 UTC 2026
Cache sync 14 at Tue Apr 14 09:32:01 UTC 2026
Cache sync 15 at Tue Apr 14 09:32:01 UTC 2026
Cache sync 16 at Tue Apr 14 09:32:01 UTC 2026
Cache sync 17 at Tue Apr 14 09:32:01 UTC 2026
Cache sync 18 at Tue Apr 14 09:32:01 UTC 2026
Cache sync 19 at Tue Apr 14 09:32:01 UTC 2026
Cache sync 20 at Tue Apr 14 09:32:01 UTC 2026
Cache sync 21 at Tue Apr 14 09:32:01 UTC 2026
Cache sync 22 at Tue Apr 14 09:32:01 UTC 2026
Cache sync 23 at Tue Apr 14 09:32:01 UTC 2026
Cache sync 24 at Tue Apr 14 09:32:01 UTC 2026
Cache sync 25 at Tue Apr 14 09:32:01 UTC 2026
Cache sync 26 at Tue Apr 14 09:32:01 UTC 2026
Cache sync 27 at Tue Apr 14 09:32:01 UTC 2026
Cache sync 28 at Tue Apr 14 09:32:01 UTC 2026
Cache sync 29 at Tue Apr 14 09:32:01 UTC 2026
Cache sync 30 at Tue Apr 14 09:32:01 UTC 2026
Cache sync 31 at Tue Apr 14 09:32:01 UTC 2026
Cache sync 32 at Tue Apr 14 09:32:01 UTC 2026
Cache sync 33 at Tue Apr 14 09:32:01 UTC 2026
Cache sync 34 at Tue Apr 14 09:32:01 UTC 2026
Cache sync 35 at Tue Apr 14 09:32:01 UTC 2026
Cache sync 36 at Tue Apr 14 09:32:01 UTC 2026
Cache sync 37 at Tue Apr 14 09:32:01 UTC 2026
Cache sync 38 at Tue Apr 14 09:32:01 UTC 2026
Cache sync 39 at Tue Apr 14 09:32:01 UTC 2026
Cache sync 40 at Tue Apr 14 09:32:01 UTC 2026
Cache sync 41 at Tue Apr 14 09:32:01 UTC 2026
Cache sync 42 at Tue Apr 14 09:32:01 UTC 2026
Cache sync 43 at Tue Apr 14 09:32:01 UTC 2026
Cache sync 44 at Tue Apr 14 09:32:01 UTC 2026
Cache sync 45 at Tue Apr 14 09:32:01 UTC 2026
Cache sync 46 at Tue Apr 14 09:32:01 UTC 2026
Cache sync 47 at Tue Apr 14 09:32:01 UTC 2026
Cache sync 48 at Tue Apr 14 09:32:01 UTC 2026
Cache sync 49 at Tue Apr 14 09:32:01 UTC 2026
Cache sync 50 at Tue Apr 14 09:32:01 UTC 2026
Cache sync 51 at Tue Apr 14 09:32:01 UTC 2026
Cache sync 52 at Tue Apr 14 09:32:01 UTC 2026
Cache sync 53 at Tue Apr 14 09:32:01 UTC 2026
Cache sync 54 at Tue Apr 14 09:32:01 UTC 2026
Cache sync 55 at Tue Apr 14 09:32:01 UTC 2026
Cache sync 56 at Tue Apr 14 09:32:01 UTC 2026
Cache sync 57 at Tue Apr 14 09:32:01 UTC 2026
Cache sync 58 at Tue Apr 14 09:32:01 UTC 2026
Cache sync 59 at Tue Apr 14 09:32:01 UTC 2026
Cache sync 60 at Tue Apr 14 09:32:01 UTC 2026
Cache sync 61 at Tue Apr 14 09:32:01 UTC 2026
Cache sync 62 at Tue Apr 14 09:32:01 UTC 2026
Cache sync 63 at Tue Apr 14 09:32:01 UTC 2026
Cache sync 64 at Tue Apr 14 09:32:01 UTC 2026
Cache sync 65 at Tue Apr 14 09:32:01 UTC 2026
Cache sync 66 at Tue Apr 14 09:32:01 UTC 2026
Cache sync 67 at Tue Apr 14 09:32:01 UTC 2026
Cache sync 68 at Tue Apr 14 09:32:01 UTC 2026
Cache sync 69 at Tue Apr 14 09:32:01 UTC 2026
Cache sync 70 at Tue Apr 14 09:32:01 UTC 2026
Cache sync 71 at Tue Apr 14 09:32:01 UTC 2026
Cache sync 72 at Tue Apr 14 09:32:02 UTC 2026
Cache sync 73 at Tue Apr 14 09:32:02 UTC 2026
Cache sync 74 at Tue Apr 14 09:32:02 UTC 2026
Cache sync 75 at Tue Apr 14 09:32:02 UTC 2026
Cache sync 76 at Tue Apr 14 09:32:02 UTC 2026
Cache sync 77 at Tue Apr 14 09:32:02 UTC 2026
Cache sync 78 at Tue Apr 14 09:32:02 UTC 2026
Cache sync 79 at Tue Apr 14 09:32:02 UTC 2026
Cache sync 80 at Tue Apr 14 09:32:02 UTC 2026
Cache sync 81 at Tue Apr 14 09:32:02 UTC 2026
Cache sync 82 at Tue Apr 14 09:32:02 UTC 2026
Cache sync 83 at Tue Apr 14 09:32:02 UTC 2026
Cache sync 84 at Tue Apr 14 09:32:02 UTC 2026
Cache sync 1 at Tue Apr 14 12:20:32 UTC 2026
Cache sync 2 at Tue Apr 14 12:20:32 UTC 2026
Cache sync 3 at Tue Apr 14 12:20:32 UTC 2026
Cache sync 4 at Tue Apr 14 12:20:32 UTC 2026
Cache sync 5 at Tue Apr 14 12:20:32 UTC 2026
Cache sync 6 at Tue Apr 14 12:20:32 UTC 2026
Cache sync 7 at Tue Apr 14 12:20:32 UTC 2026
Cache sync 8 at Tue Apr 14 12:20:32 UTC 2026
Cache sync 9 at Tue Apr 14 12:20:32 UTC 2026
Cache sync 10 at Tue Apr 14 12:20:32 UTC 2026
Cache sync 11 at Tue Apr 14 12:20:32 UTC 2026
Cache sync 12 at Tue Apr 14 12:20:32 UTC 2026
Cache sync 13 at Tue Apr 14 12:20:33 UTC 2026
Cache sync 14 at Tue Apr 14 12:20:33 UTC 2026
Cache sync 15 at Tue Apr 14 12:20:33 UTC 2026
Cache sync 16 at Tue Apr 14 12:20:33 UTC 2026
Cache sync 17 at Tue Apr 14 12:20:33 UTC 2026
Cache sync 18 at Tue Apr 14 12:20:33 UTC 2026
Cache sync 19 at Tue Apr 14 12:20:33 UTC 2026
Cache sync 20 at Tue Apr 14 12:20:33 UTC 2026
Cache sync 21 at Tue Apr 14 12:20:33 UTC 2026
Cache sync 22 at Tue Apr 14 12:20:33 UTC 2026
Cache sync 23 at Tue Apr 14 12:20:33 UTC 2026
Cache sync 24 at Tue Apr 14 12:20:33 UTC 2026
Cache sync 25 at Tue Apr 14 12:20:33 UTC 2026
Cache sync 26 at Tue Apr 14 12:20:33 UTC 2026
Cache sync 27 at Tue Apr 14 12:20:33 UTC 2026
Cache sync 28 at Tue Apr 14 12:20:33 UTC 2026
Cache sync 29 at Tue Apr 14 12:20:33 UTC 2026
Cache sync 30 at Tue Apr 14 12:20:33 UTC 2026
Cache sync 31 at Tue Apr 14 12:20:33 UTC 2026
Cache sync 32 at Tue Apr 14 12:20:33 UTC 2026
Cache sync 33 at Tue Apr 14 12:20:33 UTC 2026
Cache sync 34 at Tue Apr 14 12:20:33 UTC 2026
Cache sync 35 at Tue Apr 14 12:20:33 UTC 2026
Cache sync 36 at Tue Apr 14 12:20:33 UTC 2026
Cache sync 37 at Tue Apr 14 12:20:33 UTC 2026
Cache sync 38 at Tue Apr 14 12:20:33 UTC 2026
Cache sync 39 at Tue Apr 14 12:20:33 UTC 2026
Cache sync 40 at Tue Apr 14 12:20:33 UTC 2026
Cache sync 41 at Tue Apr 14 12:20:33 UTC 2026
Cache sync 42 at Tue Apr 14 12:20:33 UTC 2026
Cache sync 43 at Tue Apr 14 12:20:33 UTC 2026
Cache sync 1 at Tue Apr 14 15:26:27 UTC 2026
Cache sync 2 at Tue Apr 14 15:26:27 UTC 2026
Cache sync 3 at Tue Apr 14 15:26:27 UTC 2026
Cache sync 4 at Tue Apr 14 15:26:27 UTC 2026
Cache sync 5 at Tue Apr 14 15:26:27 UTC 2026
Cache sync 6 at Tue Apr 14 15:26:27 UTC 2026
Cache sync 7 at Tue Apr 14 15:26:27 UTC 2026
Cache sync 8 at Tue Apr 14 15:26:27 UTC 2026
Cache sync 9 at Tue Apr 14 15:26:27 UTC 2026
Cache sync 10 at Tue Apr 14 15:26:27 UTC 2026
Cache sync 11 at Tue Apr 14 15:26:27 UTC 2026
Cache sync 12 at Tue Apr 14 15:26:27 UTC 2026
Cache sync 13 at Tue Apr 14 15:26:27 UTC 2026
Cache sync 14 at Tue Apr 14 15:26:27 UTC 2026
Cache sync 15 at Tue Apr 14 15:26:27 UTC 2026
Cache sync 16 at Tue Apr 14 15:26:27 UTC 2026
Cache sync 17 at Tue Apr 14 15:26:27 UTC 2026
Cache sync 18 at Tue Apr 14 15:26:27 UTC 2026
Cache sync 19 at Tue Apr 14 15:26:27 UTC 2026
Cache sync 20 at Tue Apr 14 15:26:27 UTC 2026
Cache sync 21 at Tue Apr 14 15:26:27 UTC 2026
Cache sync 22 at Tue Apr 14 15:26:27 UTC 2026
Cache sync 23 at Tue Apr 14 15:26:27 UTC 2026
Cache sync 24 at Tue Apr 14 15:26:27 UTC 2026
Cache sync 25 at Tue Apr 14 15:26:27 UTC 2026
Cache sync 26 at Tue Apr 14 15:26:27 UTC 2026
Cache sync 27 at Tue Apr 14 15:26:27 UTC 2026
Cache sync 28 at Tue Apr 14 15:26:27 UTC 2026
Cache sync 29 at Tue Apr 14 15:26:27 UTC 2026
Cache sync 30 at Tue Apr 14 15:26:27 UTC 2026
Cache sync 31 at Tue Apr 14 15:26:27 UTC 2026
Cache sync 32 at Tue Apr 14 15:26:27 UTC 2026
Cache sync 33 at Tue Apr 14 15:26:27 UTC 2026
Cache sync 34 at Tue Apr 14 15:26:27 UTC 2026
Cache sync 1 at Tue Apr 14 18:24:19 UTC 2026
Cache sync 2 at Tue Apr 14 18:24:19 UTC 2026
Cache sync 3 at Tue Apr 14 18:24:19 UTC 2026
Cache sync 4 at Tue Apr 14 18:24:19 UTC 2026
Cache sync 5 at Tue Apr 14 18:24:19 UTC 2026
Cache sync 6 at Tue Apr 14 18:24:19 UTC 2026
Cache sync 7 at Tue Apr 14 18:24:19 UTC 2026
Cache sync 8 at Tue Apr 14 18:24:19 UTC 2026
Cache sync 9 at Tue Apr 14 18:24:19 UTC 2026
Cache sync 10 at Tue Apr 14 18:24:19 UTC 2026
Cache sync 11 at Tue Apr 14 18:24:19 UTC 2026
Cache sync 12 at Tue Apr 14 18:24:19 UTC 2026
Cache sync 13 at Tue Apr 14 18:24:20 UTC 2026
Cache sync 14 at Tue Apr 14 18:24:20 UTC 2026
Cache sync 15 at Tue Apr 14 18:24:20 UTC 2026
Cache sync 16 at Tue Apr 14 18:24:20 UTC 2026
Cache sync 17 at Tue Apr 14 18:24:20 UTC 2026
Cache sync 18 at Tue Apr 14 18:24:20 UTC 2026
Cache sync 19 at Tue Apr 14 18:24:20 UTC 2026
Cache sync 20 at Tue Apr 14 18:24:20 UTC 2026
Cache sync 21 at Tue Apr 14 18:24:20 UTC 2026
Cache sync 22 at Tue Apr 14 18:24:20 UTC 2026
Cache sync 23 at Tue Apr 14 18:24:20 UTC 2026
Cache sync 24 at Tue Apr 14 18:24:20 UTC 2026
Cache sync 25 at Tue Apr 14 18:24:20 UTC 2026
Cache sync 26 at Tue Apr 14 18:24:20 UTC 2026
Cache sync 27 at Tue Apr 14 18:24:20 UTC 2026
Cache sync 28 at Tue Apr 14 18:24:20 UTC 2026
Cache sync 29 at Tue Apr 14 18:24:20 UTC 2026
Cache sync 30 at Tue Apr 14 18:24:20 UTC 2026
Cache sync 31 at Tue Apr 14 18:24:20 UTC 2026
Cache sync 32 at Tue Apr 14 18:24:20 UTC 2026
Cache sync 33 at Tue Apr 14 18:24:20 UTC 2026
Cache sync 34 at Tue Apr 14 18:24:20 UTC 2026
Cache sync 35 at Tue Apr 14 18:24:20 UTC 2026
Cache sync 36 at Tue Apr 14 18:24:20 UTC 2026
Cache sync 37 at Tue Apr 14 18:24:20 UTC 2026
Cache sync 38 at Tue Apr 14 18:24:20 UTC 2026
Cache sync 39 at Tue Apr 14 18:24:20 UTC 2026
Cache sync 40 at Tue Apr 14 18:24:20 UTC 2026
Cache sync 41 at Tue Apr 14 18:24:20 UTC 2026
Cache sync 42 at Tue Apr 14 18:24:20 UTC 2026
Cache sync 43 at Tue Apr 14 18:24:20 UTC 2026
Cache sync 44 at Tue Apr 14 18:24:20 UTC 2026
Cache sync 45 at Tue Apr 14 18:24:20 UTC 2026
Cache sync 46 at Tue Apr 14 18:24:20 UTC 2026
Cache sync 47 at Tue Apr 14 18:24:20 UTC 2026
Cache sync 48 at Tue Apr 14 18:24:20 UTC 2026
Cache sync 49 at Tue Apr 14 18:24:20 UTC 2026
Cache sync 50 at Tue Apr 14 18:24:20 UTC 2026
Cache sync 51 at Tue Apr 14 18:24:20 UTC 2026
Cache sync 52 at Tue Apr 14 18:24:20 UTC 2026
Cache sync 53 at Tue Apr 14 18:24:20 UTC 2026
Cache sync 54 at Tue Apr 14 18:24:20 UTC 2026
Cache sync 55 at Tue Apr 14 18:24:20 UTC 2026
Cache sync 56 at Tue Apr 14 18:24:20 UTC 2026
Cache sync 57 at Tue Apr 14 18:24:20 UTC 2026
Cache sync 58 at Tue Apr 14 18:24:20 UTC 2026
Cache sync 59 at Tue Apr 14 18:24:20 UTC 2026
Cache sync 1 at Tue Apr 14 21:16:59 UTC 2026
Cache sync 2 at Tue Apr 14 21:16:59 UTC 2026
Cache sync 3 at Tue Apr 14 21:16:59 UTC 2026
Cache sync 4 at Tue Apr 14 21:16:59 UTC 2026
Cache sync 5 at Tue Apr 14 21:16:59 UTC 2026
Cache sync 6 at Tue Apr 14 21:16:59 UTC 2026
Cache sync 7 at Tue Apr 14 21:16:59 UTC 2026
Cache sync 8 at Tue Apr 14 21:16:59 UTC 2026
Cache sync 9 at Tue Apr 14 21:16:59 UTC 2026
Cache sync 10 at Tue Apr 14 21:16:59 UTC 2026
Cache sync 11 at Tue Apr 14 21:16:59 UTC 2026
Cache sync 12 at Tue Apr 14 21:16:59 UTC 2026
Cache sync 13 at Tue Apr 14 21:16:59 UTC 2026
Cache sync 14 at Tue Apr 14 21:16:59 UTC 2026
Cache sync 15 at Tue Apr 14 21:17:00 UTC 2026
Cache sync 16 at Tue Apr 14 21:17:00 UTC 2026
Cache sync 17 at Tue Apr 14 21:17:00 UTC 2026
Cache sync 1 at Wed Apr 15 00:27:19 UTC 2026
Cache sync 2 at Wed Apr 15 00:27:19 UTC 2026
Cache sync 3 at Wed Apr 15 00:27:19 UTC 2026
Cache sync 4 at Wed Apr 15 00:27:19 UTC 2026
Cache sync 5 at Wed Apr 15 00:27:19 UTC 2026
Cache sync 6 at Wed Apr 15 00:27:19 UTC 2026
Cache sync 7 at Wed Apr 15 00:27:19 UTC 2026
Cache sync 8 at Wed Apr 15 00:27:19 UTC 2026
Cache sync 9 at Wed Apr 15 00:27:19 UTC 2026
Cache sync 10 at Wed Apr 15 00:27:19 UTC 2026
Cache sync 11 at Wed Apr 15 00:27:19 UTC 2026
Cache sync 12 at Wed Apr 15 00:27:19 UTC 2026
Cache sync 13 at Wed Apr 15 00:27:19 UTC 2026
Cache sync 14 at Wed Apr 15 00:27:19 UTC 2026
Cache sync 15 at Wed Apr 15 00:27:19 UTC 2026
Cache sync 16 at Wed Apr 15 00:27:19 UTC 2026
Cache sync 17 at Wed Apr 15 00:27:19 UTC 2026
Cache sync 18 at Wed Apr 15 00:27:19 UTC 2026
Cache sync 19 at Wed Apr 15 00:27:19 UTC 2026
Cache sync 20 at Wed Apr 15 00:27:19 UTC 2026
Cache sync 21 at Wed Apr 15 00:27:19 UTC 2026
Cache sync 22 at Wed Apr 15 00:27:19 UTC 2026
Cache sync 23 at Wed Apr 15 00:27:19 UTC 2026
Cache sync 24 at Wed Apr 15 00:27:19 UTC 2026
Cache sync 25 at Wed Apr 15 00:27:19 UTC 2026
Cache sync 26 at Wed Apr 15 00:27:19 UTC 2026
Cache sync 27 at Wed Apr 15 00:27:19 UTC 2026
Cache sync 28 at Wed Apr 15 00:27:19 UTC 2026
Cache sync 29 at Wed Apr 15 00:27:19 UTC 2026
Cache sync 30 at Wed Apr 15 00:27:19 UTC 2026
Cache sync 31 at Wed Apr 15 00:27:19 UTC 2026
Cache sync 32 at Wed Apr 15 00:27:19 UTC 2026
Cache sync 33 at Wed Apr 15 00:27:19 UTC 2026
Cache sync 34 at Wed Apr 15 00:27:19 UTC 2026
Cache sync 35 at Wed Apr 15 00:27:19 UTC 2026
Cache sync 36 at Wed Apr 15 00:27:20 UTC 2026
Cache sync 37 at Wed Apr 15 00:27:20 UTC 2026
Cache sync 38 at Wed Apr 15 00:27:20 UTC 2026
Cache sync 39 at Wed Apr 15 00:27:20 UTC 2026
Cache sync 40 at Wed Apr 15 00:27:20 UTC 2026
Cache sync 41 at Wed Apr 15 00:27:20 UTC 2026
Cache sync 42 at Wed Apr 15 00:27:20 UTC 2026
Cache sync 43 at Wed Apr 15 00:27:20 UTC 2026
Cache sync 44 at Wed Apr 15 00:27:20 UTC 2026
Cache sync 45 at Wed Apr 15 00:27:20 UTC 2026
Cache sync 46 at Wed Apr 15 00:27:20 UTC 2026
Cache sync 1 at Wed Apr 15 04:01:37 UTC 2026
Cache sync 2 at Wed Apr 15 04:01:37 UTC 2026
Cache sync 3 at Wed Apr 15 04:01:37 UTC 2026
Cache sync 4 at Wed Apr 15 04:01:37 UTC 2026
Cache sync 5 at Wed Apr 15 04:01:37 UTC 2026
Cache sync 6 at Wed Apr 15 04:01:37 UTC 2026
Cache sync 7 at Wed Apr 15 04:01:37 UTC 2026
Cache sync 8 at Wed Apr 15 04:01:37 UTC 2026
Cache sync 9 at Wed Apr 15 04:01:37 UTC 2026
Cache sync 10 at Wed Apr 15 04:01:37 UTC 2026
Cache sync 11 at Wed Apr 15 04:01:37 UTC 2026
Cache sync 12 at Wed Apr 15 04:01:37 UTC 2026
Cache sync 1 at Wed Apr 15 06:36:49 UTC 2026
Cache sync 2 at Wed Apr 15 06:36:49 UTC 2026
Cache sync 3 at Wed Apr 15 06:36:49 UTC 2026
Cache sync 4 at Wed Apr 15 06:36:49 UTC 2026
Cache sync 5 at Wed Apr 15 06:36:49 UTC 2026
Cache sync 6 at Wed Apr 15 06:36:49 UTC 2026
Cache sync 7 at Wed Apr 15 06:36:49 UTC 2026
Cache sync 8 at Wed Apr 15 06:36:49 UTC 2026
Cache sync 9 at Wed Apr 15 06:36:49 UTC 2026
Cache sync 10 at Wed Apr 15 06:36:49 UTC 2026
Cache sync 11 at Wed Apr 15 06:36:49 UTC 2026
Cache sync 12 at Wed Apr 15 06:36:49 UTC 2026
Cache sync 13 at Wed Apr 15 06:36:49 UTC 2026
Cache sync 14 at Wed Apr 15 06:36:49 UTC 2026
Cache sync 15 at Wed Apr 15 06:36:49 UTC 2026
Cache sync 16 at Wed Apr 15 06:36:49 UTC 2026
Cache sync 17 at Wed Apr 15 06:36:49 UTC 2026
Cache sync 18 at Wed Apr 15 06:36:49 UTC 2026
Cache sync 19 at Wed Apr 15 06:36:49 UTC 2026
Cache sync 20 at Wed Apr 15 06:36:49 UTC 2026
Cache sync 21 at Wed Apr 15 06:36:49 UTC 2026
Cache sync 22 at Wed Apr 15 06:36:49 UTC 2026
Cache sync 23 at Wed Apr 15 06:36:49 UTC 2026
Cache sync 24 at Wed Apr 15 06:36:49 UTC 2026
Cache sync 25 at Wed Apr 15 06:36:49 UTC 2026
Cache sync 26 at Wed Apr 15 06:36:49 UTC 2026
Cache sync 27 at Wed Apr 15 06:36:49 UTC 2026
Cache sync 28 at Wed Apr 15 06:36:49 UTC 2026
Cache sync 29 at Wed Apr 15 06:36:49 UTC 2026
Cache sync 30 at Wed Apr 15 06:36:49 UTC 2026
Cache sync 31 at Wed Apr 15 06:36:49 UTC 2026
Cache sync 32 at Wed Apr 15 06:36:49 UTC 2026
Cache sync 33 at Wed Apr 15 06:36:49 UTC 2026
Cache sync 34 at Wed Apr 15 06:36:49 UTC 2026
Cache sync 1 at Wed Apr 15 09:32:11 UTC 2026
Cache sync 2 at Wed Apr 15 09:32:11 UTC 2026
Cache sync 3 at Wed Apr 15 09:32:11 UTC 2026
Cache sync 4 at Wed Apr 15 09:32:11 UTC 2026
Cache sync 5 at Wed Apr 15 09:32:11 UTC 2026
Cache sync 6 at Wed Apr 15 09:32:11 UTC 2026
Cache sync 7 at Wed Apr 15 09:32:11 UTC 2026
Cache sync 8 at Wed Apr 15 09:32:11 UTC 2026
Cache sync 9 at Wed Apr 15 09:32:11 UTC 2026
Cache sync 10 at Wed Apr 15 09:32:11 UTC 2026
Cache sync 11 at Wed Apr 15 09:32:11 UTC 2026
Cache sync 12 at Wed Apr 15 09:32:11 UTC 2026
Cache sync 13 at Wed Apr 15 09:32:11 UTC 2026
Cache sync 14 at Wed Apr 15 09:32:11 UTC 2026
Cache sync 15 at Wed Apr 15 09:32:11 UTC 2026
Cache sync 16 at Wed Apr 15 09:32:11 UTC 2026
Cache sync 17 at Wed Apr 15 09:32:11 UTC 2026
Cache sync 18 at Wed Apr 15 09:32:11 UTC 2026
Cache sync 19 at Wed Apr 15 09:32:11 UTC 2026
Cache sync 20 at Wed Apr 15 09:32:11 UTC 2026
Cache sync 21 at Wed Apr 15 09:32:11 UTC 2026
Cache sync 22 at Wed Apr 15 09:32:11 UTC 2026
Cache sync 23 at Wed Apr 15 09:32:11 UTC 2026
Cache sync 24 at Wed Apr 15 09:32:11 UTC 2026
Cache sync 25 at Wed Apr 15 09:32:11 UTC 2026
Cache sync 26 at Wed Apr 15 09:32:11 UTC 2026
Cache sync 27 at Wed Apr 15 09:32:11 UTC 2026
Cache sync 28 at Wed Apr 15 09:32:11 UTC 2026
Cache sync 29 at Wed Apr 15 09:32:11 UTC 2026
Cache sync 30 at Wed Apr 15 09:32:11 UTC 2026
Cache sync 31 at Wed Apr 15 09:32:11 UTC 2026
Cache sync 32 at Wed Apr 15 09:32:11 UTC 2026
Cache sync 33 at Wed Apr 15 09:32:11 UTC 2026
Cache sync 34 at Wed Apr 15 09:32:11 UTC 2026
Cache sync 35 at Wed Apr 15 09:32:11 UTC 2026
Cache sync 36 at Wed Apr 15 09:32:11 UTC 2026
Cache sync 37 at Wed Apr 15 09:32:11 UTC 2026
Cache sync 38 at Wed Apr 15 09:32:11 UTC 2026
Cache sync 39 at Wed Apr 15 09:32:11 UTC 2026
Cache sync 40 at Wed Apr 15 09:32:11 UTC 2026
Cache sync 41 at Wed Apr 15 09:32:11 UTC 2026
Cache sync 42 at Wed Apr 15 09:32:11 UTC 2026
Cache sync 43 at Wed Apr 15 09:32:12 UTC 2026
Cache sync 44 at Wed Apr 15 09:32:12 UTC 2026
Cache sync 45 at Wed Apr 15 09:32:12 UTC 2026
Cache sync 46 at Wed Apr 15 09:32:12 UTC 2026
Cache sync 47 at Wed Apr 15 09:32:12 UTC 2026
Cache sync 48 at Wed Apr 15 09:32:12 UTC 2026
Cache sync 49 at Wed Apr 15 09:32:12 UTC 2026
Cache sync 50 at Wed Apr 15 09:32:12 UTC 2026
Cache sync 51 at Wed Apr 15 09:32:12 UTC 2026
Cache sync 52 at Wed Apr 15 09:32:12 UTC 2026
Cache sync 53 at Wed Apr 15 09:32:12 UTC 2026
Cache sync 54 at Wed Apr 15 09:32:12 UTC 2026
Cache sync 55 at Wed Apr 15 09:32:12 UTC 2026
Cache sync 56 at Wed Apr 15 09:32:12 UTC 2026
Cache sync 57 at Wed Apr 15 09:32:12 UTC 2026
Cache sync 58 at Wed Apr 15 09:32:12 UTC 2026
Cache sync 59 at Wed Apr 15 09:32:12 UTC 2026
Cache sync 60 at Wed Apr 15 09:32:12 UTC 2026
Cache sync 61 at Wed Apr 15 09:32:12 UTC 2026
Cache sync 62 at Wed Apr 15 09:32:12 UTC 2026
Cache sync 63 at Wed Apr 15 09:32:12 UTC 2026
Cache sync 64 at Wed Apr 15 09:32:12 UTC 2026
Cache sync 65 at Wed Apr 15 09:32:12 UTC 2026
Cache sync 66 at Wed Apr 15 09:32:12 UTC 2026
Cache sync 67 at Wed Apr 15 09:32:12 UTC 2026
Cache sync 68 at Wed Apr 15 09:32:12 UTC 2026
Cache sync 69 at Wed Apr 15 09:32:12 UTC 2026
Cache sync 70 at Wed Apr 15 09:32:12 UTC 2026
Cache sync 71 at Wed Apr 15 09:32:12 UTC 2026
Cache sync 72 at Wed Apr 15 09:32:12 UTC 2026
Cache sync 73 at Wed Apr 15 09:32:12 UTC 2026
Cache sync 74 at Wed Apr 15 09:32:12 UTC 2026
Cache sync 75 at Wed Apr 15 09:32:12 UTC 2026
Cache sync 76 at Wed Apr 15 09:32:12 UTC 2026
Cache sync 77 at Wed Apr 15 09:32:12 UTC 2026
Cache sync 78 at Wed Apr 15 09:32:12 UTC 2026
Cache sync 79 at Wed Apr 15 09:32:12 UTC 2026
Cache sync 80 at Wed Apr 15 09:32:12 UTC 2026
Cache sync 81 at Wed Apr 15 09:32:12 UTC 2026
Cache sync 82 at Wed Apr 15 09:32:12 UTC 2026
Cache sync 1 at Wed Apr 15 12:20:04 UTC 2026
Cache sync 2 at Wed Apr 15 12:20:04 UTC 2026
Cache sync 3 at Wed Apr 15 12:20:04 UTC 2026
Cache sync 4 at Wed Apr 15 12:20:04 UTC 2026
Cache sync 5 at Wed Apr 15 12:20:04 UTC 2026
Cache sync 6 at Wed Apr 15 12:20:04 UTC 2026
Cache sync 7 at Wed Apr 15 12:20:04 UTC 2026
Cache sync 8 at Wed Apr 15 12:20:04 UTC 2026
Cache sync 9 at Wed Apr 15 12:20:04 UTC 2026
Cache sync 10 at Wed Apr 15 12:20:04 UTC 2026
Cache sync 11 at Wed Apr 15 12:20:04 UTC 2026
Cache sync 12 at Wed Apr 15 12:20:04 UTC 2026
Cache sync 13 at Wed Apr 15 12:20:04 UTC 2026
Cache sync 14 at Wed Apr 15 12:20:04 UTC 2026
Cache sync 15 at Wed Apr 15 12:20:04 UTC 2026
Cache sync 16 at Wed Apr 15 12:20:05 UTC 2026
Cache sync 17 at Wed Apr 15 12:20:05 UTC 2026
Cache sync 18 at Wed Apr 15 12:20:05 UTC 2026
Cache sync 19 at Wed Apr 15 12:20:05 UTC 2026
Cache sync 20 at Wed Apr 15 12:20:05 UTC 2026
Cache sync 21 at Wed Apr 15 12:20:05 UTC 2026
Cache sync 22 at Wed Apr 15 12:20:05 UTC 2026
Cache sync 23 at Wed Apr 15 12:20:05 UTC 2026
Cache sync 24 at Wed Apr 15 12:20:05 UTC 2026
Cache sync 25 at Wed Apr 15 12:20:05 UTC 2026
Cache sync 26 at Wed Apr 15 12:20:05 UTC 2026
Cache sync 27 at Wed Apr 15 12:20:05 UTC 2026
Cache sync 28 at Wed Apr 15 12:20:05 UTC 2026
Cache sync 29 at Wed Apr 15 12:20:05 UTC 2026
Cache sync 30 at Wed Apr 15 12:20:05 UTC 2026
Cache sync 31 at Wed Apr 15 12:20:05 UTC 2026
Cache sync 1 at Wed Apr 15 15:27:10 UTC 2026
Cache sync 2 at Wed Apr 15 15:27:10 UTC 2026
Cache sync 3 at Wed Apr 15 15:27:10 UTC 2026
Cache sync 4 at Wed Apr 15 15:27:10 UTC 2026
Cache sync 5 at Wed Apr 15 15:27:10 UTC 2026
Cache sync 6 at Wed Apr 15 15:27:10 UTC 2026
Cache sync 7 at Wed Apr 15 15:27:10 UTC 2026
Cache sync 8 at Wed Apr 15 15:27:10 UTC 2026
Cache sync 9 at Wed Apr 15 15:27:10 UTC 2026
Cache sync 10 at Wed Apr 15 15:27:10 UTC 2026
Cache sync 11 at Wed Apr 15 15:27:10 UTC 2026
Cache sync 12 at Wed Apr 15 15:27:10 UTC 2026
Cache sync 13 at Wed Apr 15 15:27:10 UTC 2026
Cache sync 14 at Wed Apr 15 15:27:10 UTC 2026
Cache sync 15 at Wed Apr 15 15:27:10 UTC 2026
Cache sync 16 at Wed Apr 15 15:27:10 UTC 2026
Cache sync 17 at Wed Apr 15 15:27:10 UTC 2026
Cache sync 18 at Wed Apr 15 15:27:10 UTC 2026
Cache sync 19 at Wed Apr 15 15:27:10 UTC 2026
Cache sync 20 at Wed Apr 15 15:27:10 UTC 2026
Cache sync 21 at Wed Apr 15 15:27:11 UTC 2026
Cache sync 22 at Wed Apr 15 15:27:11 UTC 2026
Cache sync 23 at Wed Apr 15 15:27:11 UTC 2026
Cache sync 1 at Wed Apr 15 18:24:25 UTC 2026
Cache sync 2 at Wed Apr 15 18:24:25 UTC 2026
Cache sync 3 at Wed Apr 15 18:24:25 UTC 2026
Cache sync 4 at Wed Apr 15 18:24:25 UTC 2026
Cache sync 5 at Wed Apr 15 18:24:25 UTC 2026
Cache sync 6 at Wed Apr 15 18:24:25 UTC 2026
Cache sync 1 at Wed Apr 15 21:17:47 UTC 2026
Cache sync 2 at Wed Apr 15 21:17:47 UTC 2026
Cache sync 3 at Wed Apr 15 21:17:47 UTC 2026
Cache sync 4 at Wed Apr 15 21:17:47 UTC 2026
Cache sync 5 at Wed Apr 15 21:17:47 UTC 2026
Cache sync 6 at Wed Apr 15 21:17:47 UTC 2026
Cache sync 7 at Wed Apr 15 21:17:47 UTC 2026
Cache sync 8 at Wed Apr 15 21:17:47 UTC 2026
Cache sync 9 at Wed Apr 15 21:17:47 UTC 2026
Cache sync 10 at Wed Apr 15 21:17:47 UTC 2026
Cache sync 11 at Wed Apr 15 21:17:47 UTC 2026
Cache sync 12 at Wed Apr 15 21:17:47 UTC 2026
Cache sync 13 at Wed Apr 15 21:17:47 UTC 2026
Cache sync 14 at Wed Apr 15 21:17:47 UTC 2026
Cache sync 15 at Wed Apr 15 21:17:47 UTC 2026
Cache sync 16 at Wed Apr 15 21:17:47 UTC 2026
Cache sync 17 at Wed Apr 15 21:17:47 UTC 2026
Cache sync 18 at Wed Apr 15 21:17:47 UTC 2026
Cache sync 19 at Wed Apr 15 21:17:47 UTC 2026
Cache sync 20 at Wed Apr 15 21:17:47 UTC 2026
Cache sync 21 at Wed Apr 15 21:17:47 UTC 2026
Cache sync 22 at Wed Apr 15 21:17:47 UTC 2026
Cache sync 23 at Wed Apr 15 21:17:47 UTC 2026
Cache sync 24 at Wed Apr 15 21:17:47 UTC 2026
Cache sync 25 at Wed Apr 15 21:17:47 UTC 2026
Cache sync 26 at Wed Apr 15 21:17:47 UTC 2026
Cache sync 27 at Wed Apr 15 21:17:47 UTC 2026
Cache sync 28 at Wed Apr 15 21:17:47 UTC 2026
Cache sync 29 at Wed Apr 15 21:17:47 UTC 2026
Cache sync 30 at Wed Apr 15 21:17:47 UTC 2026
Cache sync 31 at Wed Apr 15 21:17:47 UTC 2026
Cache sync 32 at Wed Apr 15 21:17:47 UTC 2026
Cache sync 33 at Wed Apr 15 21:17:47 UTC 2026
Cache sync 34 at Wed Apr 15 21:17:47 UTC 2026
Cache sync 35 at Wed Apr 15 21:17:47 UTC 2026
Cache sync 36 at Wed Apr 15 21:17:47 UTC 2026
Cache sync 37 at Wed Apr 15 21:17:47 UTC 2026
Cache sync 38 at Wed Apr 15 21:17:47 UTC 2026
Cache sync 39 at Wed Apr 15 21:17:47 UTC 2026
Cache sync 40 at Wed Apr 15 21:17:47 UTC 2026
Cache sync 41 at Wed Apr 15 21:17:47 UTC 2026
Cache sync 42 at Wed Apr 15 21:17:47 UTC 2026
Cache sync 43 at Wed Apr 15 21:17:47 UTC 2026
Cache sync 44 at Wed Apr 15 21:17:47 UTC 2026
Cache sync 45 at Wed Apr 15 21:17:47 UTC 2026
Cache sync 46 at Wed Apr 15 21:17:47 UTC 2026
Cache sync 47 at Wed Apr 15 21:17:47 UTC 2026
Cache sync 48 at Wed Apr 15 21:17:47 UTC 2026
Cache sync 49 at Wed Apr 15 21:17:47 UTC 2026
Cache sync 50 at Wed Apr 15 21:17:47 UTC 2026
Cache sync 51 at Wed Apr 15 21:17:47 UTC 2026
Cache sync 52 at Wed Apr 15 21:17:48 UTC 2026
Cache sync 53 at Wed Apr 15 21:17:48 UTC 2026
Cache sync 54 at Wed Apr 15 21:17:48 UTC 2026
Cache sync 55 at Wed Apr 15 21:17:48 UTC 2026
Cache sync 56 at Wed Apr 15 21:17:48 UTC 2026
Cache sync 57 at Wed Apr 15 21:17:48 UTC 2026
Cache sync 58 at Wed Apr 15 21:17:48 UTC 2026
Cache sync 59 at Wed Apr 15 21:17:48 UTC 2026
Cache sync 60 at Wed Apr 15 21:17:48 UTC 2026
Cache sync 61 at Wed Apr 15 21:17:48 UTC 2026
Cache sync 62 at Wed Apr 15 21:17:48 UTC 2026
Cache sync 1 at Thu Apr 16 00:27:46 UTC 2026
Cache sync 2 at Thu Apr 16 00:27:46 UTC 2026
Cache sync 3 at Thu Apr 16 00:27:46 UTC 2026
Cache sync 4 at Thu Apr 16 00:27:46 UTC 2026
Cache sync 5 at Thu Apr 16 00:27:46 UTC 2026
Cache sync 6 at Thu Apr 16 00:27:46 UTC 2026
Cache sync 7 at Thu Apr 16 00:27:46 UTC 2026
Cache sync 8 at Thu Apr 16 00:27:46 UTC 2026
Cache sync 9 at Thu Apr 16 00:27:46 UTC 2026
Cache sync 10 at Thu Apr 16 00:27:46 UTC 2026
Cache sync 11 at Thu Apr 16 00:27:46 UTC 2026
Cache sync 12 at Thu Apr 16 00:27:46 UTC 2026
Cache sync 13 at Thu Apr 16 00:27:46 UTC 2026
Cache sync 14 at Thu Apr 16 00:27:46 UTC 2026
Cache sync 15 at Thu Apr 16 00:27:46 UTC 2026
Cache sync 16 at Thu Apr 16 00:27:46 UTC 2026
Cache sync 17 at Thu Apr 16 00:27:46 UTC 2026
Cache sync 18 at Thu Apr 16 00:27:46 UTC 2026
Cache sync 19 at Thu Apr 16 00:27:46 UTC 2026
Cache sync 20 at Thu Apr 16 00:27:46 UTC 2026
Cache sync 21 at Thu Apr 16 00:27:46 UTC 2026
Cache sync 22 at Thu Apr 16 00:27:46 UTC 2026
Cache sync 23 at Thu Apr 16 00:27:46 UTC 2026
Cache sync 24 at Thu Apr 16 00:27:46 UTC 2026
Cache sync 25 at Thu Apr 16 00:27:46 UTC 2026
Cache sync 26 at Thu Apr 16 00:27:47 UTC 2026
Cache sync 27 at Thu Apr 16 00:27:47 UTC 2026
Cache sync 28 at Thu Apr 16 00:27:47 UTC 2026
Cache sync 29 at Thu Apr 16 00:27:47 UTC 2026
Cache sync 30 at Thu Apr 16 00:27:47 UTC 2026
Cache sync 31 at Thu Apr 16 00:27:47 UTC 2026
Cache sync 32 at Thu Apr 16 00:27:47 UTC 2026
Cache sync 33 at Thu Apr 16 00:27:47 UTC 2026
Cache sync 34 at Thu Apr 16 00:27:47 UTC 2026
Cache sync 35 at Thu Apr 16 00:27:47 UTC 2026
Cache sync 36 at Thu Apr 16 00:27:47 UTC 2026
Cache sync 37 at Thu Apr 16 00:27:47 UTC 2026
Cache sync 38 at Thu Apr 16 00:27:47 UTC 2026
Cache sync 39 at Thu Apr 16 00:27:47 UTC 2026
Cache sync 1 at Thu Apr 16 04:03:21 UTC 2026
Cache sync 2 at Thu Apr 16 04:03:21 UTC 2026
Cache sync 3 at Thu Apr 16 04:03:21 UTC 2026
Cache sync 4 at Thu Apr 16 04:03:21 UTC 2026
Cache sync 1 at Thu Apr 16 09:31:52 UTC 2026
Cache sync 2 at Thu Apr 16 09:31:52 UTC 2026
Cache sync 3 at Thu Apr 16 09:31:52 UTC 2026
Cache sync 4 at Thu Apr 16 09:31:52 UTC 2026
Cache sync 5 at Thu Apr 16 09:31:52 UTC 2026
Cache sync 6 at Thu Apr 16 09:31:53 UTC 2026
Cache sync 7 at Thu Apr 16 09:31:53 UTC 2026
Cache sync 8 at Thu Apr 16 09:31:53 UTC 2026
Cache sync 9 at Thu Apr 16 09:31:53 UTC 2026
Cache sync 10 at Thu Apr 16 09:31:53 UTC 2026
Cache sync 11 at Thu Apr 16 09:31:53 UTC 2026
Cache sync 12 at Thu Apr 16 09:31:53 UTC 2026
Cache sync 13 at Thu Apr 16 09:31:53 UTC 2026
Cache sync 14 at Thu Apr 16 09:31:53 UTC 2026
Cache sync 15 at Thu Apr 16 09:31:53 UTC 2026
Cache sync 16 at Thu Apr 16 09:31:53 UTC 2026
Cache sync 17 at Thu Apr 16 09:31:53 UTC 2026
Cache sync 18 at Thu Apr 16 09:31:53 UTC 2026
Cache sync 19 at Thu Apr 16 09:31:53 UTC 2026
Cache sync 20 at Thu Apr 16 09:31:53 UTC 2026
Cache sync 21 at Thu Apr 16 09:31:53 UTC 2026
Cache sync 22 at Thu Apr 16 09:31:53 UTC 2026
Cache sync 23 at Thu Apr 16 09:31:53 UTC 2026
Cache sync 24 at Thu Apr 16 09:31:53 UTC 2026
Cache sync 25 at Thu Apr 16 09:31:53 UTC 2026
Cache sync 26 at Thu Apr 16 09:31:53 UTC 2026
Cache sync 27 at Thu Apr 16 09:31:53 UTC 2026
Cache sync 28 at Thu Apr 16 09:31:53 UTC 2026
Cache sync 29 at Thu Apr 16 09:31:53 UTC 2026
Cache sync 30 at Thu Apr 16 09:31:53 UTC 2026
Cache sync 31 at Thu Apr 16 09:31:53 UTC 2026
Cache sync 32 at Thu Apr 16 09:31:53 UTC 2026
Cache sync 33 at Thu Apr 16 09:31:53 UTC 2026
Cache sync 34 at Thu Apr 16 09:31:53 UTC 2026
Cache sync 35 at Thu Apr 16 09:31:53 UTC 2026
Cache sync 36 at Thu Apr 16 09:31:53 UTC 2026
Cache sync 37 at Thu Apr 16 09:31:53 UTC 2026
Cache sync 38 at Thu Apr 16 09:31:53 UTC 2026
Cache sync 39 at Thu Apr 16 09:31:53 UTC 2026
Cache sync 40 at Thu Apr 16 09:31:53 UTC 2026
Cache sync 41 at Thu Apr 16 09:31:53 UTC 2026
Cache sync 42 at Thu Apr 16 09:31:53 UTC 2026
Cache sync 43 at Thu Apr 16 09:31:53 UTC 2026
Cache sync 44 at Thu Apr 16 09:31:53 UTC 2026
Cache sync 45 at Thu Apr 16 09:31:53 UTC 2026
Cache sync 46 at Thu Apr 16 09:31:53 UTC 2026
Cache sync 47 at Thu Apr 16 09:31:53 UTC 2026
Cache sync 1 at Thu Apr 16 12:21:59 UTC 2026
Cache sync 2 at Thu Apr 16 12:21:59 UTC 2026
Cache sync 3 at Thu Apr 16 12:21:59 UTC 2026
Cache sync 4 at Thu Apr 16 12:21:59 UTC 2026
Cache sync 5 at Thu Apr 16 12:21:59 UTC 2026
Cache sync 6 at Thu Apr 16 12:21:59 UTC 2026
Cache sync 7 at Thu Apr 16 12:21:59 UTC 2026
Cache sync 8 at Thu Apr 16 12:21:59 UTC 2026
Cache sync 9 at Thu Apr 16 12:21:59 UTC 2026
Cache sync 10 at Thu Apr 16 12:21:59 UTC 2026
Cache sync 11 at Thu Apr 16 12:21:59 UTC 2026
Cache sync 12 at Thu Apr 16 12:21:59 UTC 2026
Cache sync 13 at Thu Apr 16 12:21:59 UTC 2026
Cache sync 14 at Thu Apr 16 12:21:59 UTC 2026
Cache sync 15 at Thu Apr 16 12:21:59 UTC 2026
Cache sync 16 at Thu Apr 16 12:21:59 UTC 2026
Cache sync 17 at Thu Apr 16 12:21:59 UTC 2026
Cache sync 18 at Thu Apr 16 12:21:59 UTC 2026
Cache sync 19 at Thu Apr 16 12:21:59 UTC 2026
Cache sync 20 at Thu Apr 16 12:21:59 UTC 2026
Cache sync 21 at Thu Apr 16 12:21:59 UTC 2026
Cache sync 22 at Thu Apr 16 12:21:59 UTC 2026
Cache sync 23 at Thu Apr 16 12:21:59 UTC 2026
Cache sync 24 at Thu Apr 16 12:21:59 UTC 2026
Cache sync 25 at Thu Apr 16 12:21:59 UTC 2026
Cache sync 26 at Thu Apr 16 12:21:59 UTC 2026
Cache sync 27 at Thu Apr 16 12:21:59 UTC 2026
Cache sync 28 at Thu Apr 16 12:21:59 UTC 2026
Cache sync 29 at Thu Apr 16 12:21:59 UTC 2026
Cache sync 30 at Thu Apr 16 12:21:59 UTC 2026
Cache sync 31 at Thu Apr 16 12:21:59 UTC 2026
Cache sync 32 at Thu Apr 16 12:21:59 UTC 2026
Cache sync 33 at Thu Apr 16 12:21:59 UTC 2026
Cache sync 34 at Thu Apr 16 12:21:59 UTC 2026
Cache sync 35 at Thu Apr 16 12:21:59 UTC 2026
Cache sync 36 at Thu Apr 16 12:21:59 UTC 2026
Cache sync 37 at Thu Apr 16 12:21:59 UTC 2026
Cache sync 38 at Thu Apr 16 12:22:00 UTC 2026
Cache sync 39 at Thu Apr 16 12:22:00 UTC 2026
Cache sync 40 at Thu Apr 16 12:22:00 UTC 2026
Cache sync 41 at Thu Apr 16 12:22:00 UTC 2026
Cache sync 42 at Thu Apr 16 12:22:00 UTC 2026
Cache sync 43 at Thu Apr 16 12:22:00 UTC 2026
Cache sync 44 at Thu Apr 16 12:22:00 UTC 2026
Cache sync 45 at Thu Apr 16 12:22:00 UTC 2026
Cache sync 46 at Thu Apr 16 12:22:00 UTC 2026
Cache sync 47 at Thu Apr 16 12:22:00 UTC 2026
Cache sync 48 at Thu Apr 16 12:22:00 UTC 2026
Cache sync 49 at Thu Apr 16 12:22:00 UTC 2026
Cache sync 50 at Thu Apr 16 12:22:00 UTC 2026
Cache sync 51 at Thu Apr 16 12:22:00 UTC 2026
Cache sync 52 at Thu Apr 16 12:22:00 UTC 2026
Cache sync 53 at Thu Apr 16 12:22:00 UTC 2026
Cache sync 54 at Thu Apr 16 12:22:00 UTC 2026
Cache sync 55 at Thu Apr 16 12:22:00 UTC 2026
Cache sync 56 at Thu Apr 16 12:22:00 UTC 2026
Cache sync 57 at Thu Apr 16 12:22:00 UTC 2026
Cache sync 58 at Thu Apr 16 12:22:00 UTC 2026
Cache sync 59 at Thu Apr 16 12:22:00 UTC 2026
Cache sync 60 at Thu Apr 16 12:22:00 UTC 2026
Cache sync 61 at Thu Apr 16 12:22:00 UTC 2026
Cache sync 62 at Thu Apr 16 12:22:00 UTC 2026
Cache sync 63 at Thu Apr 16 12:22:00 UTC 2026
Cache sync 64 at Thu Apr 16 12:22:00 UTC 2026
Cache sync 65 at Thu Apr 16 12:22:00 UTC 2026
Cache sync 66 at Thu Apr 16 12:22:00 UTC 2026
Cache sync 67 at Thu Apr 16 12:22:00 UTC 2026
Cache sync 68 at Thu Apr 16 12:22:00 UTC 2026
Cache sync 69 at Thu Apr 16 12:22:00 UTC 2026
Cache sync 70 at Thu Apr 16 12:22:00 UTC 2026
Cache sync 71 at Thu Apr 16 12:22:00 UTC 2026
Cache sync 72 at Thu Apr 16 12:22:00 UTC 2026
Cache sync 73 at Thu Apr 16 12:22:00 UTC 2026
Cache sync 74 at Thu Apr 16 12:22:00 UTC 2026
Cache sync 75 at Thu Apr 16 12:22:00 UTC 2026
Cache sync 1 at Thu Apr 16 15:32:37 UTC 2026
Cache sync 2 at Thu Apr 16 15:32:37 UTC 2026
Cache sync 3 at Thu Apr 16 15:32:37 UTC 2026
Cache sync 4 at Thu Apr 16 15:32:37 UTC 2026
Cache sync 5 at Thu Apr 16 15:32:37 UTC 2026
Cache sync 6 at Thu Apr 16 15:32:37 UTC 2026
Cache sync 7 at Thu Apr 16 15:32:37 UTC 2026
Cache sync 8 at Thu Apr 16 15:32:37 UTC 2026
Cache sync 9 at Thu Apr 16 15:32:37 UTC 2026
Cache sync 10 at Thu Apr 16 15:32:37 UTC 2026
Cache sync 11 at Thu Apr 16 15:32:37 UTC 2026
Cache sync 12 at Thu Apr 16 15:32:37 UTC 2026
Cache sync 13 at Thu Apr 16 15:32:37 UTC 2026
Cache sync 14 at Thu Apr 16 15:32:37 UTC 2026
Cache sync 15 at Thu Apr 16 15:32:37 UTC 2026
Cache sync 16 at Thu Apr 16 15:32:37 UTC 2026
Cache sync 17 at Thu Apr 16 15:32:37 UTC 2026
Cache sync 18 at Thu Apr 16 15:32:37 UTC 2026
Cache sync 19 at Thu Apr 16 15:32:37 UTC 2026
Cache sync 20 at Thu Apr 16 15:32:37 UTC 2026
Cache sync 21 at Thu Apr 16 15:32:37 UTC 2026
Cache sync 22 at Thu Apr 16 15:32:37 UTC 2026
Cache sync 23 at Thu Apr 16 15:32:37 UTC 2026
Cache sync 24 at Thu Apr 16 15:32:37 UTC 2026
Cache sync 25 at Thu Apr 16 15:32:37 UTC 2026
Cache sync 26 at Thu Apr 16 15:32:37 UTC 2026
Cache sync 27 at Thu Apr 16 15:32:37 UTC 2026
Cache sync 1 at Thu Apr 16 21:16:01 UTC 2026
Cache sync 2 at Thu Apr 16 21:16:01 UTC 2026
Cache sync 3 at Thu Apr 16 21:16:01 UTC 2026
Cache sync 4 at Thu Apr 16 21:16:01 UTC 2026
Cache sync 5 at Thu Apr 16 21:16:01 UTC 2026
Cache sync 6 at Thu Apr 16 21:16:01 UTC 2026
Cache sync 7 at Thu Apr 16 21:16:01 UTC 2026
Cache sync 8 at Thu Apr 16 21:16:01 UTC 2026
Cache sync 9 at Thu Apr 16 21:16:01 UTC 2026
Cache sync 10 at Thu Apr 16 21:16:01 UTC 2026
Cache sync 11 at Thu Apr 16 21:16:01 UTC 2026
Cache sync 12 at Thu Apr 16 21:16:01 UTC 2026
Cache sync 13 at Thu Apr 16 21:16:01 UTC 2026
Cache sync 14 at Thu Apr 16 21:16:01 UTC 2026
Cache sync 15 at Thu Apr 16 21:16:01 UTC 2026
Cache sync 16 at Thu Apr 16 21:16:01 UTC 2026
Cache sync 17 at Thu Apr 16 21:16:01 UTC 2026
Cache sync 18 at Thu Apr 16 21:16:01 UTC 2026
Cache sync 19 at Thu Apr 16 21:16:01 UTC 2026
Cache sync 20 at Thu Apr 16 21:16:01 UTC 2026
Cache sync 21 at Thu Apr 16 21:16:01 UTC 2026
Cache sync 22 at Thu Apr 16 21:16:01 UTC 2026
Cache sync 23 at Thu Apr 16 21:16:01 UTC 2026
Cache sync 24 at Thu Apr 16 21:16:01 UTC 2026
Cache sync 25 at Thu Apr 16 21:16:01 UTC 2026
Cache sync 26 at Thu Apr 16 21:16:01 UTC 2026
Cache sync 27 at Thu Apr 16 21:16:01 UTC 2026
Cache sync 28 at Thu Apr 16 21:16:01 UTC 2026
Cache sync 29 at Thu Apr 16 21:16:01 UTC 2026
Cache sync 30 at Thu Apr 16 21:16:01 UTC 2026
Cache sync 31 at Thu Apr 16 21:16:01 UTC 2026
Cache sync 32 at Thu Apr 16 21:16:01 UTC 2026
Cache sync 33 at Thu Apr 16 21:16:01 UTC 2026
Cache sync 34 at Thu Apr 16 21:16:01 UTC 2026
Cache sync 35 at Thu Apr 16 21:16:01 UTC 2026
Cache sync 36 at Thu Apr 16 21:16:01 UTC 2026
Cache sync 37 at Thu Apr 16 21:16:01 UTC 2026
Cache sync 38 at Thu Apr 16 21:16:01 UTC 2026
Cache sync 39 at Thu Apr 16 21:16:01 UTC 2026
Cache sync 40 at Thu Apr 16 21:16:01 UTC 2026
Cache sync 41 at Thu Apr 16 21:16:01 UTC 2026
Cache sync 42 at Thu Apr 16 21:16:01 UTC 2026
Cache sync 43 at Thu Apr 16 21:16:01 UTC 2026
Cache sync 44 at Thu Apr 16 21:16:01 UTC 2026
Cache sync 45 at Thu Apr 16 21:16:01 UTC 2026
Cache sync 46 at Thu Apr 16 21:16:01 UTC 2026
Cache sync 47 at Thu Apr 16 21:16:01 UTC 2026
Cache sync 48 at Thu Apr 16 21:16:01 UTC 2026
Cache sync 49 at Thu Apr 16 21:16:01 UTC 2026
Cache sync 50 at Thu Apr 16 21:16:01 UTC 2026
Cache sync 51 at Thu Apr 16 21:16:01 UTC 2026
Cache sync 52 at Thu Apr 16 21:16:02 UTC 2026
Cache sync 53 at Thu Apr 16 21:16:02 UTC 2026
Cache sync 1 at Fri Apr 17 00:25:57 UTC 2026
Cache sync 2 at Fri Apr 17 00:25:57 UTC 2026
Cache sync 3 at Fri Apr 17 00:25:57 UTC 2026
Cache sync 4 at Fri Apr 17 00:25:57 UTC 2026
Cache sync 5 at Fri Apr 17 00:25:57 UTC 2026
Cache sync 6 at Fri Apr 17 00:25:57 UTC 2026
Cache sync 7 at Fri Apr 17 00:25:57 UTC 2026
Cache sync 8 at Fri Apr 17 00:25:57 UTC 2026
Cache sync 9 at Fri Apr 17 00:25:57 UTC 2026
Cache sync 10 at Fri Apr 17 00:25:57 UTC 2026
Cache sync 11 at Fri Apr 17 00:25:57 UTC 2026
Cache sync 12 at Fri Apr 17 00:25:57 UTC 2026
Cache sync 13 at Fri Apr 17 00:25:57 UTC 2026
Cache sync 14 at Fri Apr 17 00:25:57 UTC 2026
Cache sync 15 at Fri Apr 17 00:25:57 UTC 2026
Cache sync 16 at Fri Apr 17 00:25:57 UTC 2026
Cache sync 17 at Fri Apr 17 00:25:57 UTC 2026
Cache sync 1 at Fri Apr 17 04:02:34 UTC 2026
Cache sync 2 at Fri Apr 17 04:02:34 UTC 2026
Cache sync 1 at Fri Apr 17 06:37:08 UTC 2026
Cache sync 2 at Fri Apr 17 06:37:08 UTC 2026
Cache sync 3 at Fri Apr 17 06:37:08 UTC 2026
Cache sync 4 at Fri Apr 17 06:37:08 UTC 2026
Cache sync 5 at Fri Apr 17 06:37:08 UTC 2026
Cache sync 6 at Fri Apr 17 06:37:08 UTC 2026
Cache sync 7 at Fri Apr 17 06:37:08 UTC 2026
Cache sync 8 at Fri Apr 17 06:37:08 UTC 2026
Cache sync 9 at Fri Apr 17 06:37:08 UTC 2026
Cache sync 10 at Fri Apr 17 06:37:08 UTC 2026
Cache sync 11 at Fri Apr 17 06:37:08 UTC 2026
Cache sync 12 at Fri Apr 17 06:37:08 UTC 2026
Cache sync 13 at Fri Apr 17 06:37:08 UTC 2026
Cache sync 14 at Fri Apr 17 06:37:08 UTC 2026
Cache sync 15 at Fri Apr 17 06:37:08 UTC 2026
Cache sync 16 at Fri Apr 17 06:37:08 UTC 2026
Cache sync 17 at Fri Apr 17 06:37:08 UTC 2026
Cache sync 18 at Fri Apr 17 06:37:08 UTC 2026
Cache sync 19 at Fri Apr 17 06:37:08 UTC 2026
Cache sync 20 at Fri Apr 17 06:37:08 UTC 2026
Cache sync 21 at Fri Apr 17 06:37:08 UTC 2026
Cache sync 22 at Fri Apr 17 06:37:08 UTC 2026
Cache sync 23 at Fri Apr 17 06:37:08 UTC 2026
Cache sync 24 at Fri Apr 17 06:37:08 UTC 2026
Cache sync 25 at Fri Apr 17 06:37:08 UTC 2026
Cache sync 26 at Fri Apr 17 06:37:08 UTC 2026
Cache sync 27 at Fri Apr 17 06:37:08 UTC 2026
Cache sync 28 at Fri Apr 17 06:37:08 UTC 2026
Cache sync 29 at Fri Apr 17 06:37:08 UTC 2026
Cache sync 30 at Fri Apr 17 06:37:08 UTC 2026
Cache sync 31 at Fri Apr 17 06:37:08 UTC 2026
Cache sync 32 at Fri Apr 17 06:37:08 UTC 2026
Cache sync 33 at Fri Apr 17 06:37:08 UTC 2026
Cache sync 34 at Fri Apr 17 06:37:08 UTC 2026
Cache sync 35 at Fri Apr 17 06:37:08 UTC 2026
Cache sync 36 at Fri Apr 17 06:37:08 UTC 2026
Cache sync 37 at Fri Apr 17 06:37:08 UTC 2026
Cache sync 38 at Fri Apr 17 06:37:08 UTC 2026
Cache sync 39 at Fri Apr 17 06:37:09 UTC 2026
Cache sync 40 at Fri Apr 17 06:37:09 UTC 2026
Cache sync 41 at Fri Apr 17 06:37:09 UTC 2026
Cache sync 42 at Fri Apr 17 06:37:09 UTC 2026
Cache sync 43 at Fri Apr 17 06:37:09 UTC 2026
Cache sync 44 at Fri Apr 17 06:37:09 UTC 2026
Cache sync 45 at Fri Apr 17 06:37:09 UTC 2026
Cache sync 46 at Fri Apr 17 06:37:09 UTC 2026
Cache sync 47 at Fri Apr 17 06:37:09 UTC 2026
Cache sync 48 at Fri Apr 17 06:37:09 UTC 2026
Cache sync 49 at Fri Apr 17 06:37:09 UTC 2026
Cache sync 50 at Fri Apr 17 06:37:09 UTC 2026
Cache sync 51 at Fri Apr 17 06:37:09 UTC 2026
Cache sync 52 at Fri Apr 17 06:37:09 UTC 2026
Cache sync 53 at Fri Apr 17 06:37:09 UTC 2026
Cache sync 54 at Fri Apr 17 06:37:09 UTC 2026
Cache sync 55 at Fri Apr 17 06:37:09 UTC 2026
Cache sync 56 at Fri Apr 17 06:37:09 UTC 2026
Cache sync 57 at Fri Apr 17 06:37:09 UTC 2026
Cache sync 58 at Fri Apr 17 06:37:09 UTC 2026
Cache sync 59 at Fri Apr 17 06:37:09 UTC 2026
Cache sync 60 at Fri Apr 17 06:37:09 UTC 2026
Cache sync 61 at Fri Apr 17 06:37:09 UTC 2026
Cache sync 62 at Fri Apr 17 06:37:09 UTC 2026
Cache sync 63 at Fri Apr 17 06:37:09 UTC 2026
Cache sync 64 at Fri Apr 17 06:37:09 UTC 2026
Cache sync 65 at Fri Apr 17 06:37:09 UTC 2026
Cache sync 66 at Fri Apr 17 06:37:09 UTC 2026
Cache sync 67 at Fri Apr 17 06:37:09 UTC 2026
Cache sync 68 at Fri Apr 17 06:37:09 UTC 2026
Cache sync 69 at Fri Apr 17 06:37:09 UTC 2026
Cache sync 70 at Fri Apr 17 06:37:09 UTC 2026
Cache sync 1 at Fri Apr 17 09:31:30 UTC 2026
Cache sync 2 at Fri Apr 17 09:31:30 UTC 2026
Cache sync 3 at Fri Apr 17 09:31:30 UTC 2026
Cache sync 4 at Fri Apr 17 09:31:30 UTC 2026
Cache sync 5 at Fri Apr 17 09:31:30 UTC 2026
Cache sync 6 at Fri Apr 17 09:31:30 UTC 2026
Cache sync 7 at Fri Apr 17 09:31:30 UTC 2026
Cache sync 8 at Fri Apr 17 09:31:30 UTC 2026
Cache sync 9 at Fri Apr 17 09:31:30 UTC 2026
Cache sync 10 at Fri Apr 17 09:31:30 UTC 2026
Cache sync 11 at Fri Apr 17 09:31:30 UTC 2026
Cache sync 12 at Fri Apr 17 09:31:30 UTC 2026
Cache sync 13 at Fri Apr 17 09:31:30 UTC 2026
Cache sync 14 at Fri Apr 17 09:31:30 UTC 2026
Cache sync 15 at Fri Apr 17 09:31:30 UTC 2026
Cache sync 16 at Fri Apr 17 09:31:30 UTC 2026
Cache sync 17 at Fri Apr 17 09:31:30 UTC 2026
Cache sync 18 at Fri Apr 17 09:31:30 UTC 2026
Cache sync 19 at Fri Apr 17 09:31:30 UTC 2026
Cache sync 20 at Fri Apr 17 09:31:30 UTC 2026
Cache sync 21 at Fri Apr 17 09:31:30 UTC 2026
Cache sync 22 at Fri Apr 17 09:31:30 UTC 2026
Cache sync 23 at Fri Apr 17 09:31:30 UTC 2026
Cache sync 24 at Fri Apr 17 09:31:30 UTC 2026
Cache sync 25 at Fri Apr 17 09:31:30 UTC 2026
Cache sync 26 at Fri Apr 17 09:31:30 UTC 2026
Cache sync 27 at Fri Apr 17 09:31:30 UTC 2026
Cache sync 28 at Fri Apr 17 09:31:30 UTC 2026
Cache sync 29 at Fri Apr 17 09:31:30 UTC 2026
Cache sync 30 at Fri Apr 17 09:31:30 UTC 2026
Cache sync 31 at Fri Apr 17 09:31:30 UTC 2026
Cache sync 32 at Fri Apr 17 09:31:30 UTC 2026
Cache sync 33 at Fri Apr 17 09:31:30 UTC 2026
Cache sync 34 at Fri Apr 17 09:31:30 UTC 2026
Cache sync 35 at Fri Apr 17 09:31:30 UTC 2026
Cache sync 36 at Fri Apr 17 09:31:30 UTC 2026
Cache sync 37 at Fri Apr 17 09:31:30 UTC 2026
Cache sync 38 at Fri Apr 17 09:31:30 UTC 2026
Cache sync 39 at Fri Apr 17 09:31:30 UTC 2026
Cache sync 40 at Fri Apr 17 09:31:30 UTC 2026
Cache sync 41 at Fri Apr 17 09:31:30 UTC 2026
Cache sync 42 at Fri Apr 17 09:31:30 UTC 2026
Cache sync 43 at Fri Apr 17 09:31:30 UTC 2026
Cache sync 44 at Fri Apr 17 09:31:30 UTC 2026
Cache sync 45 at Fri Apr 17 09:31:30 UTC 2026
Cache sync 46 at Fri Apr 17 09:31:31 UTC 2026
Cache sync 47 at Fri Apr 17 09:31:31 UTC 2026
Cache sync 48 at Fri Apr 17 09:31:31 UTC 2026
Cache sync 49 at Fri Apr 17 09:31:31 UTC 2026
Cache sync 50 at Fri Apr 17 09:31:31 UTC 2026
Cache sync 51 at Fri Apr 17 09:31:31 UTC 2026
Cache sync 52 at Fri Apr 17 09:31:31 UTC 2026
Cache sync 53 at Fri Apr 17 09:31:31 UTC 2026
Cache sync 54 at Fri Apr 17 09:31:31 UTC 2026
Cache sync 55 at Fri Apr 17 09:31:31 UTC 2026
Cache sync 56 at Fri Apr 17 09:31:31 UTC 2026
Cache sync 57 at Fri Apr 17 09:31:31 UTC 2026
Cache sync 1 at Fri Apr 17 12:19:02 UTC 2026
Cache sync 2 at Fri Apr 17 12:19:02 UTC 2026
Cache sync 3 at Fri Apr 17 12:19:02 UTC 2026
Cache sync 4 at Fri Apr 17 12:19:02 UTC 2026
Cache sync 5 at Fri Apr 17 12:19:02 UTC 2026
Cache sync 6 at Fri Apr 17 12:19:02 UTC 2026
Cache sync 7 at Fri Apr 17 12:19:02 UTC 2026
Cache sync 8 at Fri Apr 17 12:19:02 UTC 2026
Cache sync 9 at Fri Apr 17 12:19:02 UTC 2026
Cache sync 10 at Fri Apr 17 12:19:02 UTC 2026
Cache sync 11 at Fri Apr 17 12:19:02 UTC 2026
Cache sync 12 at Fri Apr 17 12:19:02 UTC 2026
Cache sync 13 at Fri Apr 17 12:19:02 UTC 2026
Cache sync 14 at Fri Apr 17 12:19:02 UTC 2026
Cache sync 15 at Fri Apr 17 12:19:02 UTC 2026
Cache sync 16 at Fri Apr 17 12:19:02 UTC 2026
Cache sync 17 at Fri Apr 17 12:19:02 UTC 2026
Cache sync 18 at Fri Apr 17 12:19:02 UTC 2026
Cache sync 19 at Fri Apr 17 12:19:02 UTC 2026
Cache sync 20 at Fri Apr 17 12:19:02 UTC 2026
Cache sync 21 at Fri Apr 17 12:19:02 UTC 2026
Cache sync 22 at Fri Apr 17 12:19:02 UTC 2026
Cache sync 23 at Fri Apr 17 12:19:02 UTC 2026
Cache sync 24 at Fri Apr 17 12:19:02 UTC 2026
Cache sync 25 at Fri Apr 17 12:19:02 UTC 2026
Cache sync 26 at Fri Apr 17 12:19:02 UTC 2026
Cache sync 27 at Fri Apr 17 12:19:02 UTC 2026
Cache sync 28 at Fri Apr 17 12:19:02 UTC 2026
Cache sync 29 at Fri Apr 17 12:19:02 UTC 2026
Cache sync 30 at Fri Apr 17 12:19:03 UTC 2026
Cache sync 31 at Fri Apr 17 12:19:03 UTC 2026
Cache sync 32 at Fri Apr 17 12:19:03 UTC 2026
Cache sync 33 at Fri Apr 17 12:19:03 UTC 2026
Cache sync 34 at Fri Apr 17 12:19:03 UTC 2026
Cache sync 35 at Fri Apr 17 12:19:03 UTC 2026
Cache sync 36 at Fri Apr 17 12:19:03 UTC 2026
Cache sync 37 at Fri Apr 17 12:19:03 UTC 2026
Cache sync 38 at Fri Apr 17 12:19:03 UTC 2026
Cache sync 39 at Fri Apr 17 12:19:03 UTC 2026
Cache sync 40 at Fri Apr 17 12:19:03 UTC 2026
Cache sync 41 at Fri Apr 17 12:19:03 UTC 2026
Cache sync 42 at Fri Apr 17 12:19:03 UTC 2026
Cache sync 43 at Fri Apr 17 12:19:03 UTC 2026
Cache sync 44 at Fri Apr 17 12:19:03 UTC 2026
Cache sync 1 at Fri Apr 17 15:22:54 UTC 2026
Cache sync 2 at Fri Apr 17 15:22:54 UTC 2026
Cache sync 3 at Fri Apr 17 15:22:54 UTC 2026
Cache sync 4 at Fri Apr 17 15:22:54 UTC 2026
Cache sync 1 at Fri Apr 17 21:15:34 UTC 2026
Cache sync 2 at Fri Apr 17 21:15:34 UTC 2026
Cache sync 3 at Fri Apr 17 21:15:34 UTC 2026
Cache sync 4 at Fri Apr 17 21:15:34 UTC 2026
Cache sync 5 at Fri Apr 17 21:15:34 UTC 2026
Cache sync 6 at Fri Apr 17 21:15:34 UTC 2026
Cache sync 7 at Fri Apr 17 21:15:34 UTC 2026
Cache sync 8 at Fri Apr 17 21:15:34 UTC 2026
Cache sync 9 at Fri Apr 17 21:15:34 UTC 2026
Cache sync 10 at Fri Apr 17 21:15:34 UTC 2026
Cache sync 11 at Fri Apr 17 21:15:34 UTC 2026
Cache sync 12 at Fri Apr 17 21:15:34 UTC 2026
Cache sync 13 at Fri Apr 17 21:15:34 UTC 2026
Cache sync 14 at Fri Apr 17 21:15:34 UTC 2026
Cache sync 15 at Fri Apr 17 21:15:34 UTC 2026
Cache sync 16 at Fri Apr 17 21:15:34 UTC 2026
Cache sync 17 at Fri Apr 17 21:15:34 UTC 2026
Cache sync 18 at Fri Apr 17 21:15:34 UTC 2026
Cache sync 19 at Fri Apr 17 21:15:34 UTC 2026
Cache sync 20 at Fri Apr 17 21:15:34 UTC 2026
Cache sync 21 at Fri Apr 17 21:15:34 UTC 2026
Cache sync 22 at Fri Apr 17 21:15:34 UTC 2026
Cache sync 23 at Fri Apr 17 21:15:34 UTC 2026
Cache sync 24 at Fri Apr 17 21:15:34 UTC 2026
Cache sync 25 at Fri Apr 17 21:15:34 UTC 2026
Cache sync 26 at Fri Apr 17 21:15:34 UTC 2026
Cache sync 27 at Fri Apr 17 21:15:34 UTC 2026
Cache sync 28 at Fri Apr 17 21:15:34 UTC 2026
Cache sync 29 at Fri Apr 17 21:15:34 UTC 2026
Cache sync 30 at Fri Apr 17 21:15:34 UTC 2026
Cache sync 31 at Fri Apr 17 21:15:34 UTC 2026
Cache sync 32 at Fri Apr 17 21:15:34 UTC 2026
Cache sync 33 at Fri Apr 17 21:15:34 UTC 2026
Cache sync 34 at Fri Apr 17 21:15:35 UTC 2026
Cache sync 35 at Fri Apr 17 21:15:35 UTC 2026
Cache sync 36 at Fri Apr 17 21:15:35 UTC 2026
Cache sync 37 at Fri Apr 17 21:15:35 UTC 2026
Cache sync 38 at Fri Apr 17 21:15:35 UTC 2026
Cache sync 39 at Fri Apr 17 21:15:35 UTC 2026
Cache sync 40 at Fri Apr 17 21:15:35 UTC 2026
Cache sync 41 at Fri Apr 17 21:15:35 UTC 2026
Cache sync 42 at Fri Apr 17 21:15:35 UTC 2026
Cache sync 43 at Fri Apr 17 21:15:35 UTC 2026
Cache sync 44 at Fri Apr 17 21:15:35 UTC 2026
Cache sync 45 at Fri Apr 17 21:15:35 UTC 2026
Cache sync 46 at Fri Apr 17 21:15:35 UTC 2026
Cache sync 47 at Fri Apr 17 21:15:35 UTC 2026
Cache sync 48 at Fri Apr 17 21:15:35 UTC 2026
Cache sync 49 at Fri Apr 17 21:15:35 UTC 2026
Cache sync 50 at Fri Apr 17 21:15:35 UTC 2026
Cache sync 51 at Fri Apr 17 21:15:35 UTC 2026
Cache sync 52 at Fri Apr 17 21:15:35 UTC 2026
Cache sync 53 at Fri Apr 17 21:15:35 UTC 2026
Cache sync 54 at Fri Apr 17 21:15:35 UTC 2026
Cache sync 55 at Fri Apr 17 21:15:35 UTC 2026
Cache sync 56 at Fri Apr 17 21:15:35 UTC 2026
Cache sync 57 at Fri Apr 17 21:15:35 UTC 2026
Cache sync 58 at Fri Apr 17 21:15:35 UTC 2026
Cache sync 59 at Fri Apr 17 21:15:35 UTC 2026
Cache sync 60 at Fri Apr 17 21:15:35 UTC 2026
Cache sync 61 at Fri Apr 17 21:15:35 UTC 2026
Cache sync 62 at Fri Apr 17 21:15:35 UTC 2026
Cache sync 63 at Fri Apr 17 21:15:35 UTC 2026
Cache sync 64 at Fri Apr 17 21:15:35 UTC 2026
Cache sync 65 at Fri Apr 17 21:15:35 UTC 2026
Cache sync 66 at Fri Apr 17 21:15:35 UTC 2026
Cache sync 67 at Fri Apr 17 21:15:35 UTC 2026
Cache sync 68 at Fri Apr 17 21:15:35 UTC 2026
Cache sync 69 at Fri Apr 17 21:15:35 UTC 2026
Cache sync 70 at Fri Apr 17 21:15:35 UTC 2026
Cache sync 71 at Fri Apr 17 21:15:35 UTC 2026
Cache sync 72 at Fri Apr 17 21:15:35 UTC 2026
Cache sync 73 at Fri Apr 17 21:15:35 UTC 2026
Cache sync 74 at Fri Apr 17 21:15:35 UTC 2026
Cache sync 75 at Fri Apr 17 21:15:35 UTC 2026
Cache sync 76 at Fri Apr 17 21:15:35 UTC 2026
Cache sync 77 at Fri Apr 17 21:15:35 UTC 2026
Cache sync 78 at Fri Apr 17 21:15:35 UTC 2026
Cache sync 79 at Fri Apr 17 21:15:35 UTC 2026
Cache sync 1 at Sat Apr 18 00:23:09 UTC 2026
Cache sync 2 at Sat Apr 18 00:23:09 UTC 2026
Cache sync 3 at Sat Apr 18 00:23:09 UTC 2026
Cache sync 4 at Sat Apr 18 00:23:09 UTC 2026
Cache sync 5 at Sat Apr 18 00:23:09 UTC 2026
Cache sync 6 at Sat Apr 18 00:23:09 UTC 2026
Cache sync 7 at Sat Apr 18 00:23:09 UTC 2026
Cache sync 1 at Sat Apr 18 03:56:39 UTC 2026
Cache sync 2 at Sat Apr 18 03:56:39 UTC 2026
Cache sync 3 at Sat Apr 18 03:56:39 UTC 2026
Cache sync 4 at Sat Apr 18 03:56:39 UTC 2026
Cache sync 5 at Sat Apr 18 03:56:39 UTC 2026
Cache sync 6 at Sat Apr 18 03:56:39 UTC 2026
Cache sync 7 at Sat Apr 18 03:56:39 UTC 2026
Cache sync 8 at Sat Apr 18 03:56:39 UTC 2026
Cache sync 9 at Sat Apr 18 03:56:39 UTC 2026
Cache sync 10 at Sat Apr 18 03:56:39 UTC 2026
Cache sync 11 at Sat Apr 18 03:56:39 UTC 2026
Cache sync 12 at Sat Apr 18 03:56:39 UTC 2026
Cache sync 13 at Sat Apr 18 03:56:39 UTC 2026
Cache sync 14 at Sat Apr 18 03:56:39 UTC 2026
Cache sync 15 at Sat Apr 18 03:56:39 UTC 2026
Cache sync 16 at Sat Apr 18 03:56:39 UTC 2026
Cache sync 1 at Sat Apr 18 06:25:27 UTC 2026
Cache sync 2 at Sat Apr 18 06:25:27 UTC 2026
Cache sync 3 at Sat Apr 18 06:25:27 UTC 2026
Cache sync 4 at Sat Apr 18 06:25:27 UTC 2026
Cache sync 5 at Sat Apr 18 06:25:27 UTC 2026
Cache sync 6 at Sat Apr 18 06:25:27 UTC 2026
Cache sync 7 at Sat Apr 18 06:25:27 UTC 2026
Cache sync 8 at Sat Apr 18 06:25:27 UTC 2026
Cache sync 9 at Sat Apr 18 06:25:27 UTC 2026
Cache sync 10 at Sat Apr 18 06:25:27 UTC 2026
Cache sync 11 at Sat Apr 18 06:25:27 UTC 2026
Cache sync 12 at Sat Apr 18 06:25:27 UTC 2026
Cache sync 13 at Sat Apr 18 06:25:27 UTC 2026
Cache sync 14 at Sat Apr 18 06:25:27 UTC 2026
Cache sync 15 at Sat Apr 18 06:25:27 UTC 2026
Cache sync 16 at Sat Apr 18 06:25:27 UTC 2026
Cache sync 17 at Sat Apr 18 06:25:27 UTC 2026
Cache sync 18 at Sat Apr 18 06:25:27 UTC 2026
Cache sync 19 at Sat Apr 18 06:25:27 UTC 2026
Cache sync 20 at Sat Apr 18 06:25:27 UTC 2026
Cache sync 21 at Sat Apr 18 06:25:27 UTC 2026
Cache sync 22 at Sat Apr 18 06:25:27 UTC 2026
Cache sync 23 at Sat Apr 18 06:25:27 UTC 2026
Cache sync 24 at Sat Apr 18 06:25:27 UTC 2026
Cache sync 25 at Sat Apr 18 06:25:27 UTC 2026
Cache sync 26 at Sat Apr 18 06:25:27 UTC 2026
Cache sync 27 at Sat Apr 18 06:25:27 UTC 2026
Cache sync 28 at Sat Apr 18 06:25:27 UTC 2026
Cache sync 29 at Sat Apr 18 06:25:27 UTC 2026
Cache sync 30 at Sat Apr 18 06:25:27 UTC 2026
Cache sync 31 at Sat Apr 18 06:25:27 UTC 2026
Cache sync 32 at Sat Apr 18 06:25:27 UTC 2026
Cache sync 33 at Sat Apr 18 06:25:27 UTC 2026
Cache sync 34 at Sat Apr 18 06:25:27 UTC 2026
Cache sync 35 at Sat Apr 18 06:25:27 UTC 2026
Cache sync 36 at Sat Apr 18 06:25:27 UTC 2026
Cache sync 37 at Sat Apr 18 06:25:27 UTC 2026
Cache sync 38 at Sat Apr 18 06:25:27 UTC 2026
Cache sync 39 at Sat Apr 18 06:25:27 UTC 2026
Cache sync 40 at Sat Apr 18 06:25:27 UTC 2026
Cache sync 41 at Sat Apr 18 06:25:27 UTC 2026
Cache sync 42 at Sat Apr 18 06:25:27 UTC 2026
Cache sync 43 at Sat Apr 18 06:25:27 UTC 2026
Cache sync 44 at Sat Apr 18 06:25:27 UTC 2026
Cache sync 45 at Sat Apr 18 06:25:27 UTC 2026
Cache sync 46 at Sat Apr 18 06:25:27 UTC 2026
Cache sync 47 at Sat Apr 18 06:25:27 UTC 2026
Cache sync 48 at Sat Apr 18 06:25:27 UTC 2026
Cache sync 49 at Sat Apr 18 06:25:27 UTC 2026
Cache sync 50 at Sat Apr 18 06:25:27 UTC 2026
Cache sync 51 at Sat Apr 18 06:25:27 UTC 2026
Cache sync 52 at Sat Apr 18 06:25:28 UTC 2026
Cache sync 53 at Sat Apr 18 06:25:28 UTC 2026
Cache sync 54 at Sat Apr 18 06:25:28 UTC 2026
Cache sync 55 at Sat Apr 18 06:25:28 UTC 2026
Cache sync 56 at Sat Apr 18 06:25:28 UTC 2026
Cache sync 57 at Sat Apr 18 06:25:28 UTC 2026
Cache sync 58 at Sat Apr 18 06:25:28 UTC 2026
Cache sync 59 at Sat Apr 18 06:25:28 UTC 2026
Cache sync 60 at Sat Apr 18 06:25:28 UTC 2026
Cache sync 61 at Sat Apr 18 06:25:28 UTC 2026
Cache sync 62 at Sat Apr 18 06:25:28 UTC 2026
Cache sync 63 at Sat Apr 18 06:25:28 UTC 2026
Cache sync 64 at Sat Apr 18 06:25:28 UTC 2026
Cache sync 65 at Sat Apr 18 06:25:28 UTC 2026
Cache sync 66 at Sat Apr 18 06:25:28 UTC 2026
Cache sync 67 at Sat Apr 18 06:25:28 UTC 2026
Cache sync 68 at Sat Apr 18 06:25:28 UTC 2026
Cache sync 69 at Sat Apr 18 06:25:28 UTC 2026
Cache sync 70 at Sat Apr 18 06:25:28 UTC 2026
Cache sync 71 at Sat Apr 18 06:25:28 UTC 2026
Cache sync 72 at Sat Apr 18 06:25:28 UTC 2026
Cache sync 73 at Sat Apr 18 06:25:28 UTC 2026
Cache sync 74 at Sat Apr 18 06:25:28 UTC 2026
Cache sync 75 at Sat Apr 18 06:25:28 UTC 2026
Cache sync 76 at Sat Apr 18 06:25:28 UTC 2026
Cache sync 77 at Sat Apr 18 06:25:28 UTC 2026
Cache sync 78 at Sat Apr 18 06:25:28 UTC 2026
Cache sync 79 at Sat Apr 18 06:25:28 UTC 2026
Cache sync 80 at Sat Apr 18 06:25:28 UTC 2026
Cache sync 1 at Sat Apr 18 09:16:38 UTC 2026
Cache sync 2 at Sat Apr 18 09:16:38 UTC 2026
Cache sync 3 at Sat Apr 18 09:16:38 UTC 2026
Cache sync 4 at Sat Apr 18 09:16:38 UTC 2026
Cache sync 5 at Sat Apr 18 09:16:38 UTC 2026
Cache sync 6 at Sat Apr 18 09:16:38 UTC 2026
Cache sync 7 at Sat Apr 18 09:16:38 UTC 2026
Cache sync 8 at Sat Apr 18 09:16:38 UTC 2026
Cache sync 9 at Sat Apr 18 09:16:38 UTC 2026
Cache sync 10 at Sat Apr 18 09:16:38 UTC 2026
Cache sync 11 at Sat Apr 18 09:16:38 UTC 2026
Cache sync 12 at Sat Apr 18 09:16:38 UTC 2026
Cache sync 13 at Sat Apr 18 09:16:38 UTC 2026
Cache sync 14 at Sat Apr 18 09:16:38 UTC 2026
Cache sync 15 at Sat Apr 18 09:16:38 UTC 2026
Cache sync 16 at Sat Apr 18 09:16:38 UTC 2026
Cache sync 17 at Sat Apr 18 09:16:38 UTC 2026
Cache sync 18 at Sat Apr 18 09:16:38 UTC 2026
Cache sync 19 at Sat Apr 18 09:16:38 UTC 2026
Cache sync 20 at Sat Apr 18 09:16:38 UTC 2026
Cache sync 1 at Sat Apr 18 12:11:18 UTC 2026
Cache sync 2 at Sat Apr 18 12:11:19 UTC 2026
Cache sync 3 at Sat Apr 18 12:11:19 UTC 2026
Cache sync 4 at Sat Apr 18 12:11:19 UTC 2026
Cache sync 5 at Sat Apr 18 12:11:19 UTC 2026
Cache sync 6 at Sat Apr 18 12:11:19 UTC 2026
Cache sync 7 at Sat Apr 18 12:11:19 UTC 2026
Cache sync 8 at Sat Apr 18 12:11:19 UTC 2026
Cache sync 9 at Sat Apr 18 12:11:19 UTC 2026
Cache sync 10 at Sat Apr 18 12:11:19 UTC 2026
Cache sync 11 at Sat Apr 18 12:11:19 UTC 2026
Cache sync 12 at Sat Apr 18 12:11:19 UTC 2026
Cache sync 13 at Sat Apr 18 12:11:19 UTC 2026
Cache sync 14 at Sat Apr 18 12:11:19 UTC 2026
Cache sync 15 at Sat Apr 18 12:11:19 UTC 2026
Cache sync 16 at Sat Apr 18 12:11:19 UTC 2026
Cache sync 17 at Sat Apr 18 12:11:19 UTC 2026
Cache sync 18 at Sat Apr 18 12:11:19 UTC 2026
Cache sync 19 at Sat Apr 18 12:11:19 UTC 2026
Cache sync 20 at Sat Apr 18 12:11:19 UTC 2026
Cache sync 21 at Sat Apr 18 12:11:19 UTC 2026
Cache sync 22 at Sat Apr 18 12:11:19 UTC 2026
Cache sync 23 at Sat Apr 18 12:11:19 UTC 2026
Cache sync 24 at Sat Apr 18 12:11:19 UTC 2026
Cache sync 25 at Sat Apr 18 12:11:19 UTC 2026
Cache sync 26 at Sat Apr 18 12:11:19 UTC 2026
Cache sync 27 at Sat Apr 18 12:11:19 UTC 2026
Cache sync 28 at Sat Apr 18 12:11:19 UTC 2026
Cache sync 29 at Sat Apr 18 12:11:19 UTC 2026
Cache sync 30 at Sat Apr 18 12:11:19 UTC 2026
Cache sync 31 at Sat Apr 18 12:11:19 UTC 2026
Cache sync 32 at Sat Apr 18 12:11:19 UTC 2026
Cache sync 33 at Sat Apr 18 12:11:19 UTC 2026
Cache sync 34 at Sat Apr 18 12:11:19 UTC 2026
Cache sync 35 at Sat Apr 18 12:11:19 UTC 2026
Cache sync 36 at Sat Apr 18 12:11:19 UTC 2026
Cache sync 37 at Sat Apr 18 12:11:19 UTC 2026
Cache sync 38 at Sat Apr 18 12:11:19 UTC 2026
Cache sync 39 at Sat Apr 18 12:11:19 UTC 2026
Cache sync 40 at Sat Apr 18 12:11:19 UTC 2026
Cache sync 41 at Sat Apr 18 12:11:19 UTC 2026
Cache sync 42 at Sat Apr 18 12:11:19 UTC 2026
Cache sync 43 at Sat Apr 18 12:11:19 UTC 2026
Cache sync 44 at Sat Apr 18 12:11:19 UTC 2026
Cache sync 45 at Sat Apr 18 12:11:19 UTC 2026
Cache sync 46 at Sat Apr 18 12:11:19 UTC 2026
Cache sync 47 at Sat Apr 18 12:11:19 UTC 2026
Cache sync 48 at Sat Apr 18 12:11:19 UTC 2026
Cache sync 49 at Sat Apr 18 12:11:19 UTC 2026
Cache sync 50 at Sat Apr 18 12:11:19 UTC 2026
Cache sync 51 at Sat Apr 18 12:11:19 UTC 2026
Cache sync 1 at Sat Apr 18 15:13:50 UTC 2026
Cache sync 2 at Sat Apr 18 15:13:50 UTC 2026
Cache sync 3 at Sat Apr 18 15:13:50 UTC 2026
Cache sync 4 at Sat Apr 18 15:13:50 UTC 2026
Cache sync 5 at Sat Apr 18 15:13:50 UTC 2026
Cache sync 1 at Sat Apr 18 18:12:08 UTC 2026
Cache sync 2 at Sat Apr 18 18:12:08 UTC 2026
Cache sync 3 at Sat Apr 18 18:12:08 UTC 2026
Cache sync 4 at Sat Apr 18 18:12:08 UTC 2026
Cache sync 5 at Sat Apr 18 18:12:08 UTC 2026
Cache sync 6 at Sat Apr 18 18:12:08 UTC 2026
Cache sync 7 at Sat Apr 18 18:12:08 UTC 2026
Cache sync 8 at Sat Apr 18 18:12:08 UTC 2026
Cache sync 9 at Sat Apr 18 18:12:08 UTC 2026
Cache sync 10 at Sat Apr 18 18:12:08 UTC 2026
Cache sync 11 at Sat Apr 18 18:12:08 UTC 2026
Cache sync 12 at Sat Apr 18 18:12:08 UTC 2026
Cache sync 13 at Sat Apr 18 18:12:08 UTC 2026
Cache sync 14 at Sat Apr 18 18:12:08 UTC 2026
Cache sync 15 at Sat Apr 18 18:12:08 UTC 2026
Cache sync 16 at Sat Apr 18 18:12:08 UTC 2026
Cache sync 17 at Sat Apr 18 18:12:08 UTC 2026
Cache sync 18 at Sat Apr 18 18:12:08 UTC 2026
Cache sync 1 at Sun Apr 19 00:24:44 UTC 2026
Cache sync 2 at Sun Apr 19 00:24:44 UTC 2026
Cache sync 3 at Sun Apr 19 00:24:44 UTC 2026
Cache sync 4 at Sun Apr 19 00:24:44 UTC 2026
Cache sync 5 at Sun Apr 19 00:24:44 UTC 2026
Cache sync 6 at Sun Apr 19 00:24:44 UTC 2026
Cache sync 7 at Sun Apr 19 00:24:44 UTC 2026
Cache sync 8 at Sun Apr 19 00:24:44 UTC 2026
Cache sync 9 at Sun Apr 19 00:24:44 UTC 2026
Cache sync 10 at Sun Apr 19 00:24:44 UTC 2026
Cache sync 1 at Sun Apr 19 04:03:14 UTC 2026
Cache sync 2 at Sun Apr 19 04:03:14 UTC 2026
Cache sync 3 at Sun Apr 19 04:03:14 UTC 2026
Cache sync 4 at Sun Apr 19 04:03:14 UTC 2026
Cache sync 5 at Sun Apr 19 04:03:14 UTC 2026
Cache sync 6 at Sun Apr 19 04:03:14 UTC 2026
Cache sync 7 at Sun Apr 19 04:03:14 UTC 2026
Cache sync 8 at Sun Apr 19 04:03:14 UTC 2026
Cache sync 9 at Sun Apr 19 04:03:14 UTC 2026
Cache sync 10 at Sun Apr 19 04:03:14 UTC 2026
Cache sync 11 at Sun Apr 19 04:03:14 UTC 2026
Cache sync 12 at Sun Apr 19 04:03:14 UTC 2026
Cache sync 13 at Sun Apr 19 04:03:14 UTC 2026
Cache sync 14 at Sun Apr 19 04:03:14 UTC 2026
Cache sync 15 at Sun Apr 19 04:03:14 UTC 2026
Cache sync 16 at Sun Apr 19 04:03:14 UTC 2026
Cache sync 17 at Sun Apr 19 04:03:14 UTC 2026
Cache sync 18 at Sun Apr 19 04:03:14 UTC 2026
Cache sync 19 at Sun Apr 19 04:03:14 UTC 2026
Cache sync 20 at Sun Apr 19 04:03:14 UTC 2026
Cache sync 21 at Sun Apr 19 04:03:14 UTC 2026
Cache sync 22 at Sun Apr 19 04:03:14 UTC 2026
Cache sync 23 at Sun Apr 19 04:03:14 UTC 2026
Cache sync 24 at Sun Apr 19 04:03:14 UTC 2026
Cache sync 25 at Sun Apr 19 04:03:14 UTC 2026
Cache sync 26 at Sun Apr 19 04:03:14 UTC 2026
Cache sync 27 at Sun Apr 19 04:03:14 UTC 2026
Cache sync 28 at Sun Apr 19 04:03:14 UTC 2026
Cache sync 29 at Sun Apr 19 04:03:14 UTC 2026
Cache sync 30 at Sun Apr 19 04:03:14 UTC 2026
Cache sync 31 at Sun Apr 19 04:03:15 UTC 2026
Cache sync 32 at Sun Apr 19 04:03:15 UTC 2026
Cache sync 33 at Sun Apr 19 04:03:15 UTC 2026
Cache sync 34 at Sun Apr 19 04:03:15 UTC 2026
Cache sync 35 at Sun Apr 19 04:03:15 UTC 2026
Cache sync 36 at Sun Apr 19 04:03:15 UTC 2026
Cache sync 37 at Sun Apr 19 04:03:15 UTC 2026
Cache sync 38 at Sun Apr 19 04:03:15 UTC 2026
Cache sync 39 at Sun Apr 19 04:03:15 UTC 2026
Cache sync 40 at Sun Apr 19 04:03:15 UTC 2026
Cache sync 41 at Sun Apr 19 04:03:15 UTC 2026
Cache sync 42 at Sun Apr 19 04:03:15 UTC 2026
Cache sync 43 at Sun Apr 19 04:03:15 UTC 2026
Cache sync 44 at Sun Apr 19 04:03:15 UTC 2026
Cache sync 45 at Sun Apr 19 04:03:15 UTC 2026
Cache sync 46 at Sun Apr 19 04:03:15 UTC 2026
Cache sync 47 at Sun Apr 19 04:03:15 UTC 2026
Cache sync 48 at Sun Apr 19 04:03:15 UTC 2026
Cache sync 49 at Sun Apr 19 04:03:15 UTC 2026
Cache sync 50 at Sun Apr 19 04:03:15 UTC 2026
Cache sync 51 at Sun Apr 19 04:03:15 UTC 2026
Cache sync 52 at Sun Apr 19 04:03:15 UTC 2026
Cache sync 53 at Sun Apr 19 04:03:15 UTC 2026
Cache sync 54 at Sun Apr 19 04:03:15 UTC 2026
Cache sync 55 at Sun Apr 19 04:03:15 UTC 2026
Cache sync 56 at Sun Apr 19 04:03:15 UTC 2026
Cache sync 57 at Sun Apr 19 04:03:15 UTC 2026
Cache sync 58 at Sun Apr 19 04:03:15 UTC 2026
Cache sync 59 at Sun Apr 19 04:03:15 UTC 2026
Cache sync 60 at Sun Apr 19 04:03:15 UTC 2026
Cache sync 61 at Sun Apr 19 04:03:15 UTC 2026
Cache sync 62 at Sun Apr 19 04:03:15 UTC 2026
Cache sync 63 at Sun Apr 19 04:03:15 UTC 2026
Cache sync 64 at Sun Apr 19 04:03:15 UTC 2026
Cache sync 65 at Sun Apr 19 04:03:15 UTC 2026
Cache sync 66 at Sun Apr 19 04:03:15 UTC 2026
Cache sync 67 at Sun Apr 19 04:03:15 UTC 2026
Cache sync 68 at Sun Apr 19 04:03:15 UTC 2026
Cache sync 1 at Sun Apr 19 06:34:26 UTC 2026
Cache sync 2 at Sun Apr 19 06:34:26 UTC 2026
Cache sync 3 at Sun Apr 19 06:34:26 UTC 2026
Cache sync 4 at Sun Apr 19 06:34:26 UTC 2026
Cache sync 5 at Sun Apr 19 06:34:26 UTC 2026
Cache sync 6 at Sun Apr 19 06:34:26 UTC 2026
Cache sync 7 at Sun Apr 19 06:34:26 UTC 2026
Cache sync 8 at Sun Apr 19 06:34:26 UTC 2026
Cache sync 9 at Sun Apr 19 06:34:27 UTC 2026
Cache sync 10 at Sun Apr 19 06:34:27 UTC 2026
Cache sync 11 at Sun Apr 19 06:34:27 UTC 2026
Cache sync 12 at Sun Apr 19 06:34:27 UTC 2026
Cache sync 13 at Sun Apr 19 06:34:27 UTC 2026
Cache sync 14 at Sun Apr 19 06:34:27 UTC 2026
Cache sync 15 at Sun Apr 19 06:34:27 UTC 2026
Cache sync 16 at Sun Apr 19 06:34:27 UTC 2026
Cache sync 1 at Sun Apr 19 09:16:46 UTC 2026
Cache sync 2 at Sun Apr 19 09:16:46 UTC 2026
Cache sync 3 at Sun Apr 19 09:16:46 UTC 2026
Cache sync 4 at Sun Apr 19 09:16:46 UTC 2026
Cache sync 5 at Sun Apr 19 09:16:46 UTC 2026
Cache sync 6 at Sun Apr 19 09:16:46 UTC 2026
Cache sync 7 at Sun Apr 19 09:16:46 UTC 2026
Cache sync 8 at Sun Apr 19 09:16:46 UTC 2026
Cache sync 9 at Sun Apr 19 09:16:46 UTC 2026
Cache sync 10 at Sun Apr 19 09:16:46 UTC 2026
Cache sync 11 at Sun Apr 19 09:16:46 UTC 2026
Cache sync 12 at Sun Apr 19 09:16:46 UTC 2026
Cache sync 13 at Sun Apr 19 09:16:46 UTC 2026
Cache sync 14 at Sun Apr 19 09:16:46 UTC 2026
Cache sync 15 at Sun Apr 19 09:16:46 UTC 2026
Cache sync 16 at Sun Apr 19 09:16:46 UTC 2026
Cache sync 17 at Sun Apr 19 09:16:46 UTC 2026
Cache sync 18 at Sun Apr 19 09:16:46 UTC 2026
Cache sync 19 at Sun Apr 19 09:16:46 UTC 2026
Cache sync 20 at Sun Apr 19 09:16:46 UTC 2026
Cache sync 21 at Sun Apr 19 09:16:46 UTC 2026
Cache sync 22 at Sun Apr 19 09:16:46 UTC 2026
Cache sync 23 at Sun Apr 19 09:16:46 UTC 2026
Cache sync 24 at Sun Apr 19 09:16:46 UTC 2026
Cache sync 25 at Sun Apr 19 09:16:46 UTC 2026
Cache sync 26 at Sun Apr 19 09:16:46 UTC 2026
Cache sync 27 at Sun Apr 19 09:16:46 UTC 2026
Cache sync 28 at Sun Apr 19 09:16:46 UTC 2026
Cache sync 29 at Sun Apr 19 09:16:46 UTC 2026
Cache sync 30 at Sun Apr 19 09:16:46 UTC 2026
Cache sync 31 at Sun Apr 19 09:16:46 UTC 2026
Cache sync 32 at Sun Apr 19 09:16:46 UTC 2026
Cache sync 33 at Sun Apr 19 09:16:46 UTC 2026
Cache sync 34 at Sun Apr 19 09:16:46 UTC 2026
Cache sync 35 at Sun Apr 19 09:16:46 UTC 2026
Cache sync 36 at Sun Apr 19 09:16:46 UTC 2026
Cache sync 37 at Sun Apr 19 09:16:46 UTC 2026
Cache sync 38 at Sun Apr 19 09:16:46 UTC 2026
Cache sync 39 at Sun Apr 19 09:16:46 UTC 2026
Cache sync 1 at Sun Apr 19 12:10:45 UTC 2026
Cache sync 2 at Sun Apr 19 12:10:45 UTC 2026
Cache sync 3 at Sun Apr 19 12:10:45 UTC 2026
Cache sync 4 at Sun Apr 19 12:10:45 UTC 2026
Cache sync 5 at Sun Apr 19 12:10:45 UTC 2026
Cache sync 6 at Sun Apr 19 12:10:45 UTC 2026
Cache sync 7 at Sun Apr 19 12:10:45 UTC 2026
Cache sync 8 at Sun Apr 19 12:10:45 UTC 2026
Cache sync 9 at Sun Apr 19 12:10:45 UTC 2026
Cache sync 10 at Sun Apr 19 12:10:45 UTC 2026
Cache sync 11 at Sun Apr 19 12:10:45 UTC 2026
Cache sync 12 at Sun Apr 19 12:10:45 UTC 2026
Cache sync 13 at Sun Apr 19 12:10:45 UTC 2026
Cache sync 14 at Sun Apr 19 12:10:45 UTC 2026
Cache sync 15 at Sun Apr 19 12:10:45 UTC 2026
Cache sync 1 at Sun Apr 19 15:13:56 UTC 2026
Cache sync 2 at Sun Apr 19 15:13:56 UTC 2026
Cache sync 3 at Sun Apr 19 15:13:56 UTC 2026
Cache sync 4 at Sun Apr 19 15:13:56 UTC 2026
Cache sync 5 at Sun Apr 19 15:13:56 UTC 2026
Cache sync 6 at Sun Apr 19 15:13:56 UTC 2026
Cache sync 7 at Sun Apr 19 15:13:56 UTC 2026
Cache sync 8 at Sun Apr 19 15:13:56 UTC 2026
Cache sync 9 at Sun Apr 19 15:13:56 UTC 2026
Cache sync 10 at Sun Apr 19 15:13:57 UTC 2026
Cache sync 11 at Sun Apr 19 15:13:57 UTC 2026
Cache sync 12 at Sun Apr 19 15:13:57 UTC 2026
Cache sync 13 at Sun Apr 19 15:13:57 UTC 2026
Cache sync 14 at Sun Apr 19 15:13:57 UTC 2026
Cache sync 15 at Sun Apr 19 15:13:57 UTC 2026
Cache sync 16 at Sun Apr 19 15:13:57 UTC 2026
Cache sync 17 at Sun Apr 19 15:13:57 UTC 2026
Cache sync 18 at Sun Apr 19 15:13:57 UTC 2026
Cache sync 19 at Sun Apr 19 15:13:57 UTC 2026
Cache sync 20 at Sun Apr 19 15:13:57 UTC 2026
Cache sync 21 at Sun Apr 19 15:13:57 UTC 2026
Cache sync 22 at Sun Apr 19 15:13:57 UTC 2026
Cache sync 23 at Sun Apr 19 15:13:57 UTC 2026
Cache sync 24 at Sun Apr 19 15:13:57 UTC 2026
Cache sync 25 at Sun Apr 19 15:13:57 UTC 2026
Cache sync 26 at Sun Apr 19 15:13:57 UTC 2026
Cache sync 27 at Sun Apr 19 15:13:57 UTC 2026
Cache sync 28 at Sun Apr 19 15:13:57 UTC 2026
Cache sync 1 at Sun Apr 19 18:12:15 UTC 2026
Cache sync 2 at Sun Apr 19 18:12:15 UTC 2026
Cache sync 3 at Sun Apr 19 18:12:15 UTC 2026
Cache sync 4 at Sun Apr 19 18:12:15 UTC 2026
Cache sync 5 at Sun Apr 19 18:12:15 UTC 2026
Cache sync 6 at Sun Apr 19 18:12:15 UTC 2026
Cache sync 7 at Sun Apr 19 18:12:15 UTC 2026
Cache sync 8 at Sun Apr 19 18:12:15 UTC 2026
Cache sync 9 at Sun Apr 19 18:12:15 UTC 2026
Cache sync 10 at Sun Apr 19 18:12:15 UTC 2026
Cache sync 11 at Sun Apr 19 18:12:15 UTC 2026
Cache sync 12 at Sun Apr 19 18:12:15 UTC 2026
Cache sync 13 at Sun Apr 19 18:12:15 UTC 2026
Cache sync 14 at Sun Apr 19 18:12:15 UTC 2026
Cache sync 15 at Sun Apr 19 18:12:15 UTC 2026
Cache sync 16 at Sun Apr 19 18:12:15 UTC 2026
Cache sync 17 at Sun Apr 19 18:12:15 UTC 2026
Cache sync 18 at Sun Apr 19 18:12:15 UTC 2026
Cache sync 19 at Sun Apr 19 18:12:15 UTC 2026
Cache sync 20 at Sun Apr 19 18:12:15 UTC 2026
Cache sync 21 at Sun Apr 19 18:12:15 UTC 2026
Cache sync 22 at Sun Apr 19 18:12:15 UTC 2026
Cache sync 23 at Sun Apr 19 18:12:16 UTC 2026
Cache sync 24 at Sun Apr 19 18:12:16 UTC 2026
Cache sync 25 at Sun Apr 19 18:12:16 UTC 2026
Cache sync 26 at Sun Apr 19 18:12:16 UTC 2026
Cache sync 27 at Sun Apr 19 18:12:16 UTC 2026
Cache sync 28 at Sun Apr 19 18:12:16 UTC 2026
Cache sync 29 at Sun Apr 19 18:12:16 UTC 2026
Cache sync 30 at Sun Apr 19 18:12:16 UTC 2026
Cache sync 31 at Sun Apr 19 18:12:16 UTC 2026
Cache sync 32 at Sun Apr 19 18:12:16 UTC 2026
Cache sync 33 at Sun Apr 19 18:12:16 UTC 2026
Cache sync 34 at Sun Apr 19 18:12:16 UTC 2026
Cache sync 35 at Sun Apr 19 18:12:16 UTC 2026
Cache sync 36 at Sun Apr 19 18:12:16 UTC 2026
Cache sync 37 at Sun Apr 19 18:12:16 UTC 2026
Cache sync 38 at Sun Apr 19 18:12:16 UTC 2026
Cache sync 39 at Sun Apr 19 18:12:16 UTC 2026
Cache sync 40 at Sun Apr 19 18:12:16 UTC 2026
Cache sync 41 at Sun Apr 19 18:12:16 UTC 2026
Cache sync 42 at Sun Apr 19 18:12:16 UTC 2026
Cache sync 43 at Sun Apr 19 18:12:16 UTC 2026
Cache sync 44 at Sun Apr 19 18:12:16 UTC 2026
Cache sync 45 at Sun Apr 19 18:12:16 UTC 2026
Cache sync 46 at Sun Apr 19 18:12:16 UTC 2026
Cache sync 47 at Sun Apr 19 18:12:16 UTC 2026
Cache sync 48 at Sun Apr 19 18:12:16 UTC 2026
Cache sync 49 at Sun Apr 19 18:12:16 UTC 2026
Cache sync 50 at Sun Apr 19 18:12:16 UTC 2026
Cache sync 51 at Sun Apr 19 18:12:16 UTC 2026
Cache sync 52 at Sun Apr 19 18:12:16 UTC 2026
Cache sync 53 at Sun Apr 19 18:12:16 UTC 2026
Cache sync 54 at Sun Apr 19 18:12:16 UTC 2026
Cache sync 55 at Sun Apr 19 18:12:16 UTC 2026
Cache sync 56 at Sun Apr 19 18:12:16 UTC 2026
Cache sync 57 at Sun Apr 19 18:12:16 UTC 2026
Cache sync 58 at Sun Apr 19 18:12:16 UTC 2026
Cache sync 59 at Sun Apr 19 18:12:16 UTC 2026
Cache sync 60 at Sun Apr 19 18:12:16 UTC 2026
Cache sync 61 at Sun Apr 19 18:12:16 UTC 2026
Cache sync 62 at Sun Apr 19 18:12:16 UTC 2026
Cache sync 63 at Sun Apr 19 18:12:16 UTC 2026
Cache sync 64 at Sun Apr 19 18:12:16 UTC 2026
Cache sync 65 at Sun Apr 19 18:12:16 UTC 2026
Cache sync 66 at Sun Apr 19 18:12:16 UTC 2026
Cache sync 67 at Sun Apr 19 18:12:16 UTC 2026
Cache sync 68 at Sun Apr 19 18:12:16 UTC 2026
Cache sync 69 at Sun Apr 19 18:12:16 UTC 2026
Cache sync 70 at Sun Apr 19 18:12:16 UTC 2026
Cache sync 71 at Sun Apr 19 18:12:16 UTC 2026
Cache sync 72 at Sun Apr 19 18:12:16 UTC 2026
Cache sync 73 at Sun Apr 19 18:12:16 UTC 2026
Cache sync 74 at Sun Apr 19 18:12:16 UTC 2026
Cache sync 75 at Sun Apr 19 18:12:16 UTC 2026
Cache sync 76 at Sun Apr 19 18:12:16 UTC 2026
Cache sync 77 at Sun Apr 19 18:12:16 UTC 2026
Cache sync 78 at Sun Apr 19 18:12:16 UTC 2026
Cache sync 79 at Sun Apr 19 18:12:16 UTC 2026
Cache sync 80 at Sun Apr 19 18:12:16 UTC 2026
Cache sync 81 at Sun Apr 19 18:12:17 UTC 2026
Cache sync 1 at Sun Apr 19 21:10:36 UTC 2026
Cache sync 2 at Sun Apr 19 21:10:36 UTC 2026
Cache sync 3 at Sun Apr 19 21:10:36 UTC 2026
Cache sync 4 at Sun Apr 19 21:10:36 UTC 2026
Cache sync 5 at Sun Apr 19 21:10:36 UTC 2026
Cache sync 6 at Sun Apr 19 21:10:36 UTC 2026
Cache sync 7 at Sun Apr 19 21:10:36 UTC 2026
Cache sync 8 at Sun Apr 19 21:10:36 UTC 2026
Cache sync 9 at Sun Apr 19 21:10:36 UTC 2026
Cache sync 10 at Sun Apr 19 21:10:36 UTC 2026
Cache sync 11 at Sun Apr 19 21:10:36 UTC 2026
Cache sync 12 at Sun Apr 19 21:10:36 UTC 2026
Cache sync 13 at Sun Apr 19 21:10:36 UTC 2026
Cache sync 14 at Sun Apr 19 21:10:36 UTC 2026
Cache sync 15 at Sun Apr 19 21:10:36 UTC 2026
Cache sync 16 at Sun Apr 19 21:10:36 UTC 2026
Cache sync 17 at Sun Apr 19 21:10:36 UTC 2026
Cache sync 18 at Sun Apr 19 21:10:36 UTC 2026
Cache sync 19 at Sun Apr 19 21:10:36 UTC 2026
Cache sync 20 at Sun Apr 19 21:10:36 UTC 2026
Cache sync 21 at Sun Apr 19 21:10:37 UTC 2026
Cache sync 22 at Sun Apr 19 21:10:37 UTC 2026
Cache sync 23 at Sun Apr 19 21:10:37 UTC 2026
Cache sync 24 at Sun Apr 19 21:10:37 UTC 2026
Cache sync 25 at Sun Apr 19 21:10:37 UTC 2026
Cache sync 26 at Sun Apr 19 21:10:37 UTC 2026
Cache sync 27 at Sun Apr 19 21:10:37 UTC 2026
Cache sync 28 at Sun Apr 19 21:10:37 UTC 2026
Cache sync 29 at Sun Apr 19 21:10:37 UTC 2026
Cache sync 30 at Sun Apr 19 21:10:37 UTC 2026
Cache sync 31 at Sun Apr 19 21:10:37 UTC 2026
Cache sync 32 at Sun Apr 19 21:10:37 UTC 2026
Cache sync 33 at Sun Apr 19 21:10:37 UTC 2026
Cache sync 34 at Sun Apr 19 21:10:37 UTC 2026
Cache sync 35 at Sun Apr 19 21:10:37 UTC 2026
Cache sync 36 at Sun Apr 19 21:10:37 UTC 2026
Cache sync 37 at Sun Apr 19 21:10:37 UTC 2026
Cache sync 38 at Sun Apr 19 21:10:37 UTC 2026
Cache sync 39 at Sun Apr 19 21:10:37 UTC 2026
Cache sync 40 at Sun Apr 19 21:10:37 UTC 2026
Cache sync 41 at Sun Apr 19 21:10:37 UTC 2026
Cache sync 42 at Sun Apr 19 21:10:37 UTC 2026
Cache sync 43 at Sun Apr 19 21:10:37 UTC 2026
Cache sync 44 at Sun Apr 19 21:10:37 UTC 2026
Cache sync 45 at Sun Apr 19 21:10:37 UTC 2026
Cache sync 46 at Sun Apr 19 21:10:37 UTC 2026
Cache sync 47 at Sun Apr 19 21:10:37 UTC 2026
Cache sync 48 at Sun Apr 19 21:10:37 UTC 2026
Cache sync 49 at Sun Apr 19 21:10:37 UTC 2026
Cache sync 50 at Sun Apr 19 21:10:37 UTC 2026
Cache sync 51 at Sun Apr 19 21:10:37 UTC 2026
Cache sync 52 at Sun Apr 19 21:10:37 UTC 2026
Cache sync 53 at Sun Apr 19 21:10:37 UTC 2026
Cache sync 54 at Sun Apr 19 21:10:37 UTC 2026
Cache sync 55 at Sun Apr 19 21:10:37 UTC 2026
Cache sync 56 at Sun Apr 19 21:10:37 UTC 2026
Cache sync 57 at Sun Apr 19 21:10:37 UTC 2026
Cache sync 58 at Sun Apr 19 21:10:37 UTC 2026
Cache sync 59 at Sun Apr 19 21:10:37 UTC 2026
Cache sync 60 at Sun Apr 19 21:10:37 UTC 2026
Cache sync 61 at Sun Apr 19 21:10:37 UTC 2026
Cache sync 62 at Sun Apr 19 21:10:37 UTC 2026
Cache sync 63 at Sun Apr 19 21:10:37 UTC 2026
Cache sync 64 at Sun Apr 19 21:10:37 UTC 2026
Cache sync 65 at Sun Apr 19 21:10:37 UTC 2026
Cache sync 66 at Sun Apr 19 21:10:37 UTC 2026
Cache sync 67 at Sun Apr 19 21:10:37 UTC 2026
Cache sync 68 at Sun Apr 19 21:10:37 UTC 2026
Cache sync 69 at Sun Apr 19 21:10:37 UTC 2026
Cache sync 1 at Mon Apr 20 00:25:03 UTC 2026
Cache sync 2 at Mon Apr 20 00:25:03 UTC 2026
Cache sync 3 at Mon Apr 20 00:25:03 UTC 2026
Cache sync 4 at Mon Apr 20 00:25:03 UTC 2026
Cache sync 5 at Mon Apr 20 00:25:03 UTC 2026
Cache sync 6 at Mon Apr 20 00:25:03 UTC 2026
Cache sync 7 at Mon Apr 20 00:25:03 UTC 2026
Cache sync 8 at Mon Apr 20 00:25:03 UTC 2026
Cache sync 9 at Mon Apr 20 00:25:03 UTC 2026
Cache sync 10 at Mon Apr 20 00:25:03 UTC 2026
Cache sync 11 at Mon Apr 20 00:25:03 UTC 2026
Cache sync 12 at Mon Apr 20 00:25:03 UTC 2026
Cache sync 13 at Mon Apr 20 00:25:03 UTC 2026
Cache sync 14 at Mon Apr 20 00:25:03 UTC 2026
Cache sync 15 at Mon Apr 20 00:25:03 UTC 2026
Cache sync 16 at Mon Apr 20 00:25:03 UTC 2026
Cache sync 17 at Mon Apr 20 00:25:03 UTC 2026
Cache sync 18 at Mon Apr 20 00:25:03 UTC 2026
Cache sync 19 at Mon Apr 20 00:25:03 UTC 2026
Cache sync 20 at Mon Apr 20 00:25:03 UTC 2026
Cache sync 21 at Mon Apr 20 00:25:03 UTC 2026
Cache sync 22 at Mon Apr 20 00:25:03 UTC 2026
Cache sync 23 at Mon Apr 20 00:25:03 UTC 2026
Cache sync 24 at Mon Apr 20 00:25:03 UTC 2026
Cache sync 25 at Mon Apr 20 00:25:03 UTC 2026
Cache sync 26 at Mon Apr 20 00:25:03 UTC 2026
Cache sync 27 at Mon Apr 20 00:25:03 UTC 2026
Cache sync 28 at Mon Apr 20 00:25:03 UTC 2026
Cache sync 29 at Mon Apr 20 00:25:03 UTC 2026
Cache sync 30 at Mon Apr 20 00:25:03 UTC 2026
Cache sync 31 at Mon Apr 20 00:25:03 UTC 2026
Cache sync 32 at Mon Apr 20 00:25:03 UTC 2026
Cache sync 33 at Mon Apr 20 00:25:03 UTC 2026
Cache sync 34 at Mon Apr 20 00:25:03 UTC 2026
Cache sync 35 at Mon Apr 20 00:25:03 UTC 2026
Cache sync 36 at Mon Apr 20 00:25:03 UTC 2026
Cache sync 37 at Mon Apr 20 00:25:03 UTC 2026
Cache sync 38 at Mon Apr 20 00:25:03 UTC 2026
Cache sync 39 at Mon Apr 20 00:25:03 UTC 2026
Cache sync 40 at Mon Apr 20 00:25:03 UTC 2026
Cache sync 41 at Mon Apr 20 00:25:03 UTC 2026
Cache sync 42 at Mon Apr 20 00:25:03 UTC 2026
Cache sync 43 at Mon Apr 20 00:25:03 UTC 2026
Cache sync 44 at Mon Apr 20 00:25:03 UTC 2026
Cache sync 45 at Mon Apr 20 00:25:03 UTC 2026
Cache sync 46 at Mon Apr 20 00:25:03 UTC 2026
Cache sync 47 at Mon Apr 20 00:25:03 UTC 2026
Cache sync 48 at Mon Apr 20 00:25:03 UTC 2026
Cache sync 49 at Mon Apr 20 00:25:03 UTC 2026
Cache sync 50 at Mon Apr 20 00:25:03 UTC 2026
Cache sync 51 at Mon Apr 20 00:25:03 UTC 2026
Cache sync 52 at Mon Apr 20 00:25:03 UTC 2026
Cache sync 53 at Mon Apr 20 00:25:04 UTC 2026
Cache sync 54 at Mon Apr 20 00:25:04 UTC 2026
Cache sync 55 at Mon Apr 20 00:25:04 UTC 2026
Cache sync 56 at Mon Apr 20 00:25:04 UTC 2026
Cache sync 57 at Mon Apr 20 00:25:04 UTC 2026
Cache sync 58 at Mon Apr 20 00:25:04 UTC 2026
Cache sync 59 at Mon Apr 20 00:25:04 UTC 2026
Cache sync 60 at Mon Apr 20 00:25:04 UTC 2026
Cache sync 61 at Mon Apr 20 00:25:04 UTC 2026
Cache sync 62 at Mon Apr 20 00:25:04 UTC 2026
Cache sync 63 at Mon Apr 20 00:25:04 UTC 2026
Cache sync 64 at Mon Apr 20 00:25:04 UTC 2026
Cache sync 65 at Mon Apr 20 00:25:04 UTC 2026
Cache sync 66 at Mon Apr 20 00:25:04 UTC 2026
Cache sync 67 at Mon Apr 20 00:25:04 UTC 2026
Cache sync 68 at Mon Apr 20 00:25:04 UTC 2026
Cache sync 1 at Mon Apr 20 04:06:21 UTC 2026
Cache sync 2 at Mon Apr 20 04:06:21 UTC 2026
Cache sync 3 at Mon Apr 20 04:06:21 UTC 2026
Cache sync 4 at Mon Apr 20 04:06:21 UTC 2026
Cache sync 5 at Mon Apr 20 04:06:21 UTC 2026
Cache sync 6 at Mon Apr 20 04:06:21 UTC 2026
Cache sync 7 at Mon Apr 20 04:06:21 UTC 2026
Cache sync 8 at Mon Apr 20 04:06:21 UTC 2026
Cache sync 9 at Mon Apr 20 04:06:21 UTC 2026
Cache sync 10 at Mon Apr 20 04:06:21 UTC 2026
Cache sync 11 at Mon Apr 20 04:06:21 UTC 2026
Cache sync 12 at Mon Apr 20 04:06:21 UTC 2026
Cache sync 13 at Mon Apr 20 04:06:21 UTC 2026
Cache sync 14 at Mon Apr 20 04:06:21 UTC 2026
Cache sync 15 at Mon Apr 20 04:06:21 UTC 2026
Cache sync 16 at Mon Apr 20 04:06:21 UTC 2026
Cache sync 17 at Mon Apr 20 04:06:21 UTC 2026
Cache sync 18 at Mon Apr 20 04:06:21 UTC 2026
Cache sync 19 at Mon Apr 20 04:06:21 UTC 2026
Cache sync 20 at Mon Apr 20 04:06:21 UTC 2026
Cache sync 21 at Mon Apr 20 04:06:21 UTC 2026
Cache sync 22 at Mon Apr 20 04:06:21 UTC 2026
Cache sync 23 at Mon Apr 20 04:06:21 UTC 2026
Cache sync 24 at Mon Apr 20 04:06:21 UTC 2026
Cache sync 25 at Mon Apr 20 04:06:22 UTC 2026
Cache sync 26 at Mon Apr 20 04:06:22 UTC 2026
Cache sync 27 at Mon Apr 20 04:06:22 UTC 2026
Cache sync 28 at Mon Apr 20 04:06:22 UTC 2026
Cache sync 29 at Mon Apr 20 04:06:22 UTC 2026
Cache sync 30 at Mon Apr 20 04:06:22 UTC 2026
Cache sync 31 at Mon Apr 20 04:06:22 UTC 2026
Cache sync 32 at Mon Apr 20 04:06:22 UTC 2026
Cache sync 33 at Mon Apr 20 04:06:22 UTC 2026
Cache sync 34 at Mon Apr 20 04:06:22 UTC 2026
Cache sync 35 at Mon Apr 20 04:06:22 UTC 2026
Cache sync 36 at Mon Apr 20 04:06:22 UTC 2026
Cache sync 37 at Mon Apr 20 04:06:22 UTC 2026
Cache sync 38 at Mon Apr 20 04:06:22 UTC 2026
Cache sync 39 at Mon Apr 20 04:06:22 UTC 2026
Cache sync 40 at Mon Apr 20 04:06:22 UTC 2026
Cache sync 1 at Mon Apr 20 06:44:06 UTC 2026
Cache sync 2 at Mon Apr 20 06:44:06 UTC 2026
Cache sync 3 at Mon Apr 20 06:44:06 UTC 2026
Cache sync 4 at Mon Apr 20 06:44:06 UTC 2026
Cache sync 5 at Mon Apr 20 06:44:06 UTC 2026
Cache sync 6 at Mon Apr 20 06:44:06 UTC 2026
Cache sync 7 at Mon Apr 20 06:44:06 UTC 2026
Cache sync 8 at Mon Apr 20 06:44:06 UTC 2026
Cache sync 9 at Mon Apr 20 06:44:06 UTC 2026
Cache sync 10 at Mon Apr 20 06:44:06 UTC 2026
Cache sync 11 at Mon Apr 20 06:44:06 UTC 2026
Cache sync 12 at Mon Apr 20 06:44:06 UTC 2026
Cache sync 13 at Mon Apr 20 06:44:06 UTC 2026
Cache sync 14 at Mon Apr 20 06:44:06 UTC 2026
Cache sync 15 at Mon Apr 20 06:44:06 UTC 2026
Cache sync 16 at Mon Apr 20 06:44:06 UTC 2026
Cache sync 17 at Mon Apr 20 06:44:06 UTC 2026
Cache sync 18 at Mon Apr 20 06:44:06 UTC 2026
Cache sync 19 at Mon Apr 20 06:44:06 UTC 2026
Cache sync 20 at Mon Apr 20 06:44:06 UTC 2026
Cache sync 1 at Mon Apr 20 09:35:43 UTC 2026
Cache sync 2 at Mon Apr 20 09:35:43 UTC 2026
Cache sync 3 at Mon Apr 20 09:35:43 UTC 2026
Cache sync 4 at Mon Apr 20 09:35:44 UTC 2026
Cache sync 5 at Mon Apr 20 09:35:44 UTC 2026
Cache sync 6 at Mon Apr 20 09:35:44 UTC 2026
Cache sync 7 at Mon Apr 20 09:35:44 UTC 2026
Cache sync 8 at Mon Apr 20 09:35:44 UTC 2026
Cache sync 9 at Mon Apr 20 09:35:44 UTC 2026
Cache sync 10 at Mon Apr 20 09:35:44 UTC 2026
Cache sync 11 at Mon Apr 20 09:35:44 UTC 2026
Cache sync 12 at Mon Apr 20 09:35:44 UTC 2026
Cache sync 13 at Mon Apr 20 09:35:44 UTC 2026
Cache sync 14 at Mon Apr 20 09:35:44 UTC 2026
Cache sync 15 at Mon Apr 20 09:35:44 UTC 2026
Cache sync 16 at Mon Apr 20 09:35:44 UTC 2026
Cache sync 17 at Mon Apr 20 09:35:44 UTC 2026
Cache sync 18 at Mon Apr 20 09:35:44 UTC 2026
Cache sync 19 at Mon Apr 20 09:35:44 UTC 2026
Cache sync 20 at Mon Apr 20 09:35:44 UTC 2026
Cache sync 21 at Mon Apr 20 09:35:44 UTC 2026
Cache sync 22 at Mon Apr 20 09:35:44 UTC 2026
Cache sync 23 at Mon Apr 20 09:35:44 UTC 2026
Cache sync 1 at Mon Apr 20 12:23:10 UTC 2026
Cache sync 2 at Mon Apr 20 12:23:10 UTC 2026
Cache sync 3 at Mon Apr 20 12:23:10 UTC 2026
Cache sync 4 at Mon Apr 20 12:23:10 UTC 2026
Cache sync 5 at Mon Apr 20 12:23:10 UTC 2026
Cache sync 6 at Mon Apr 20 12:23:10 UTC 2026
Cache sync 7 at Mon Apr 20 12:23:10 UTC 2026
Cache sync 8 at Mon Apr 20 12:23:10 UTC 2026
Cache sync 9 at Mon Apr 20 12:23:10 UTC 2026
Cache sync 10 at Mon Apr 20 12:23:10 UTC 2026
Cache sync 11 at Mon Apr 20 12:23:10 UTC 2026
Cache sync 12 at Mon Apr 20 12:23:10 UTC 2026
Cache sync 13 at Mon Apr 20 12:23:10 UTC 2026
Cache sync 14 at Mon Apr 20 12:23:10 UTC 2026
Cache sync 15 at Mon Apr 20 12:23:10 UTC 2026
Cache sync 16 at Mon Apr 20 12:23:10 UTC 2026
Cache sync 17 at Mon Apr 20 12:23:10 UTC 2026
Cache sync 18 at Mon Apr 20 12:23:10 UTC 2026
Cache sync 1 at Mon Apr 20 15:29:44 UTC 2026
Cache sync 2 at Mon Apr 20 15:29:44 UTC 2026
Cache sync 3 at Mon Apr 20 15:29:44 UTC 2026
Cache sync 4 at Mon Apr 20 15:29:44 UTC 2026
Cache sync 5 at Mon Apr 20 15:29:44 UTC 2026
Cache sync 6 at Mon Apr 20 15:29:44 UTC 2026
Cache sync 7 at Mon Apr 20 15:29:44 UTC 2026
Cache sync 8 at Mon Apr 20 15:29:44 UTC 2026
Cache sync 9 at Mon Apr 20 15:29:44 UTC 2026
Cache sync 10 at Mon Apr 20 15:29:44 UTC 2026
Cache sync 11 at Mon Apr 20 15:29:44 UTC 2026
Cache sync 1 at Mon Apr 20 18:19:44 UTC 2026
Cache sync 2 at Mon Apr 20 18:19:44 UTC 2026
Cache sync 3 at Mon Apr 20 18:19:44 UTC 2026
Cache sync 4 at Mon Apr 20 18:19:44 UTC 2026
Cache sync 5 at Mon Apr 20 18:19:44 UTC 2026
Cache sync 6 at Mon Apr 20 18:19:44 UTC 2026
Cache sync 7 at Mon Apr 20 18:19:44 UTC 2026
Cache sync 8 at Mon Apr 20 18:19:44 UTC 2026
Cache sync 9 at Mon Apr 20 18:19:44 UTC 2026
Cache sync 10 at Mon Apr 20 18:19:44 UTC 2026
Cache sync 11 at Mon Apr 20 18:19:44 UTC 2026
Cache sync 12 at Mon Apr 20 18:19:44 UTC 2026
Cache sync 13 at Mon Apr 20 18:19:44 UTC 2026
Cache sync 14 at Mon Apr 20 18:19:44 UTC 2026
Cache sync 15 at Mon Apr 20 18:19:44 UTC 2026
Cache sync 16 at Mon Apr 20 18:19:44 UTC 2026
Cache sync 17 at Mon Apr 20 18:19:44 UTC 2026
Cache sync 18 at Mon Apr 20 18:19:44 UTC 2026
Cache sync 19 at Mon Apr 20 18:19:44 UTC 2026
Cache sync 20 at Mon Apr 20 18:19:44 UTC 2026
Cache sync 21 at Mon Apr 20 18:19:44 UTC 2026
Cache sync 22 at Mon Apr 20 18:19:44 UTC 2026
Cache sync 23 at Mon Apr 20 18:19:44 UTC 2026
Cache sync 24 at Mon Apr 20 18:19:44 UTC 2026
Cache sync 25 at Mon Apr 20 18:19:44 UTC 2026
Cache sync 26 at Mon Apr 20 18:19:44 UTC 2026
Cache sync 27 at Mon Apr 20 18:19:44 UTC 2026
Cache sync 28 at Mon Apr 20 18:19:44 UTC 2026
Cache sync 29 at Mon Apr 20 18:19:44 UTC 2026
Cache sync 30 at Mon Apr 20 18:19:44 UTC 2026
Cache sync 31 at Mon Apr 20 18:19:44 UTC 2026
Cache sync 32 at Mon Apr 20 18:19:44 UTC 2026
Cache sync 33 at Mon Apr 20 18:19:44 UTC 2026
Cache sync 34 at Mon Apr 20 18:19:44 UTC 2026
Cache sync 35 at Mon Apr 20 18:19:44 UTC 2026
Cache sync 36 at Mon Apr 20 18:19:44 UTC 2026
Cache sync 37 at Mon Apr 20 18:19:44 UTC 2026
Cache sync 38 at Mon Apr 20 18:19:45 UTC 2026
Cache sync 39 at Mon Apr 20 18:19:45 UTC 2026
Cache sync 40 at Mon Apr 20 18:19:45 UTC 2026
Cache sync 41 at Mon Apr 20 18:19:45 UTC 2026
Cache sync 42 at Mon Apr 20 18:19:45 UTC 2026
Cache sync 1 at Mon Apr 20 21:16:32 UTC 2026
Cache sync 2 at Mon Apr 20 21:16:32 UTC 2026
Cache sync 3 at Mon Apr 20 21:16:32 UTC 2026
Cache sync 4 at Mon Apr 20 21:16:32 UTC 2026
Cache sync 5 at Mon Apr 20 21:16:32 UTC 2026
Cache sync 6 at Mon Apr 20 21:16:32 UTC 2026
Cache sync 7 at Mon Apr 20 21:16:32 UTC 2026
Cache sync 8 at Mon Apr 20 21:16:32 UTC 2026
Cache sync 9 at Mon Apr 20 21:16:32 UTC 2026
Cache sync 10 at Mon Apr 20 21:16:32 UTC 2026
Cache sync 11 at Mon Apr 20 21:16:32 UTC 2026
Cache sync 12 at Mon Apr 20 21:16:32 UTC 2026
Cache sync 13 at Mon Apr 20 21:16:33 UTC 2026
Cache sync 14 at Mon Apr 20 21:16:33 UTC 2026
Cache sync 15 at Mon Apr 20 21:16:33 UTC 2026
Cache sync 16 at Mon Apr 20 21:16:33 UTC 2026
Cache sync 17 at Mon Apr 20 21:16:33 UTC 2026
Cache sync 18 at Mon Apr 20 21:16:33 UTC 2026
Cache sync 19 at Mon Apr 20 21:16:33 UTC 2026
Cache sync 20 at Mon Apr 20 21:16:33 UTC 2026
Cache sync 21 at Mon Apr 20 21:16:33 UTC 2026
Cache sync 22 at Mon Apr 20 21:16:33 UTC 2026
Cache sync 23 at Mon Apr 20 21:16:33 UTC 2026
Cache sync 24 at Mon Apr 20 21:16:33 UTC 2026
Cache sync 25 at Mon Apr 20 21:16:33 UTC 2026
Cache sync 26 at Mon Apr 20 21:16:33 UTC 2026
Cache sync 27 at Mon Apr 20 21:16:33 UTC 2026
Cache sync 28 at Mon Apr 20 21:16:33 UTC 2026
Cache sync 29 at Mon Apr 20 21:16:33 UTC 2026
Cache sync 30 at Mon Apr 20 21:16:33 UTC 2026
Cache sync 31 at Mon Apr 20 21:16:33 UTC 2026
Cache sync 32 at Mon Apr 20 21:16:33 UTC 2026
Cache sync 33 at Mon Apr 20 21:16:33 UTC 2026
Cache sync 34 at Mon Apr 20 21:16:33 UTC 2026
Cache sync 35 at Mon Apr 20 21:16:33 UTC 2026
Cache sync 36 at Mon Apr 20 21:16:33 UTC 2026
Cache sync 37 at Mon Apr 20 21:16:33 UTC 2026
Cache sync 38 at Mon Apr 20 21:16:33 UTC 2026
Cache sync 39 at Mon Apr 20 21:16:33 UTC 2026
Cache sync 40 at Mon Apr 20 21:16:33 UTC 2026
Cache sync 41 at Mon Apr 20 21:16:33 UTC 2026
Cache sync 42 at Mon Apr 20 21:16:33 UTC 2026
Cache sync 43 at Mon Apr 20 21:16:33 UTC 2026
Cache sync 44 at Mon Apr 20 21:16:33 UTC 2026
Cache sync 45 at Mon Apr 20 21:16:33 UTC 2026
Cache sync 46 at Mon Apr 20 21:16:33 UTC 2026
Cache sync 47 at Mon Apr 20 21:16:33 UTC 2026
Cache sync 48 at Mon Apr 20 21:16:33 UTC 2026
Cache sync 49 at Mon Apr 20 21:16:33 UTC 2026
Cache sync 50 at Mon Apr 20 21:16:33 UTC 2026
Cache sync 51 at Mon Apr 20 21:16:33 UTC 2026
Cache sync 52 at Mon Apr 20 21:16:33 UTC 2026
Cache sync 53 at Mon Apr 20 21:16:33 UTC 2026
Cache sync 54 at Mon Apr 20 21:16:33 UTC 2026
Cache sync 55 at Mon Apr 20 21:16:33 UTC 2026
Cache sync 56 at Mon Apr 20 21:16:33 UTC 2026
Cache sync 57 at Mon Apr 20 21:16:33 UTC 2026
Cache sync 58 at Mon Apr 20 21:16:33 UTC 2026
Cache sync 59 at Mon Apr 20 21:16:33 UTC 2026
Cache sync 60 at Mon Apr 20 21:16:33 UTC 2026
Cache sync 61 at Mon Apr 20 21:16:33 UTC 2026
Cache sync 62 at Mon Apr 20 21:16:33 UTC 2026
Cache sync 63 at Mon Apr 20 21:16:33 UTC 2026
Cache sync 64 at Mon Apr 20 21:16:33 UTC 2026
Cache sync 65 at Mon Apr 20 21:16:33 UTC 2026
Cache sync 66 at Mon Apr 20 21:16:33 UTC 2026
Cache sync 67 at Mon Apr 20 21:16:33 UTC 2026
Cache sync 68 at Mon Apr 20 21:16:33 UTC 2026
Cache sync 69 at Mon Apr 20 21:16:33 UTC 2026
Cache sync 70 at Mon Apr 20 21:16:34 UTC 2026
Cache sync 71 at Mon Apr 20 21:16:34 UTC 2026
Cache sync 72 at Mon Apr 20 21:16:34 UTC 2026
Cache sync 73 at Mon Apr 20 21:16:34 UTC 2026
Cache sync 74 at Mon Apr 20 21:16:34 UTC 2026
Cache sync 1 at Tue Apr 21 00:26:24 UTC 2026
Cache sync 2 at Tue Apr 21 00:26:24 UTC 2026
Cache sync 3 at Tue Apr 21 00:26:24 UTC 2026
Cache sync 4 at Tue Apr 21 00:26:24 UTC 2026
Cache sync 5 at Tue Apr 21 00:26:24 UTC 2026
Cache sync 6 at Tue Apr 21 00:26:24 UTC 2026
Cache sync 7 at Tue Apr 21 00:26:24 UTC 2026
Cache sync 8 at Tue Apr 21 00:26:24 UTC 2026
Cache sync 9 at Tue Apr 21 00:26:24 UTC 2026
Cache sync 10 at Tue Apr 21 00:26:24 UTC 2026
Cache sync 11 at Tue Apr 21 00:26:24 UTC 2026
Cache sync 12 at Tue Apr 21 00:26:24 UTC 2026
Cache sync 13 at Tue Apr 21 00:26:24 UTC 2026
Cache sync 14 at Tue Apr 21 00:26:24 UTC 2026
Cache sync 15 at Tue Apr 21 00:26:24 UTC 2026
Cache sync 16 at Tue Apr 21 00:26:24 UTC 2026
Cache sync 17 at Tue Apr 21 00:26:24 UTC 2026
Cache sync 18 at Tue Apr 21 00:26:24 UTC 2026
Cache sync 19 at Tue Apr 21 00:26:24 UTC 2026
Cache sync 20 at Tue Apr 21 00:26:24 UTC 2026
Cache sync 21 at Tue Apr 21 00:26:24 UTC 2026
Cache sync 22 at Tue Apr 21 00:26:24 UTC 2026
Cache sync 23 at Tue Apr 21 00:26:24 UTC 2026
Cache sync 24 at Tue Apr 21 00:26:24 UTC 2026
Cache sync 25 at Tue Apr 21 00:26:24 UTC 2026
Cache sync 26 at Tue Apr 21 00:26:24 UTC 2026
Cache sync 27 at Tue Apr 21 00:26:24 UTC 2026
Cache sync 28 at Tue Apr 21 00:26:24 UTC 2026
Cache sync 29 at Tue Apr 21 00:26:24 UTC 2026
Cache sync 30 at Tue Apr 21 00:26:24 UTC 2026
Cache sync 31 at Tue Apr 21 00:26:24 UTC 2026
Cache sync 32 at Tue Apr 21 00:26:24 UTC 2026
Cache sync 33 at Tue Apr 21 00:26:24 UTC 2026
Cache sync 34 at Tue Apr 21 00:26:24 UTC 2026
Cache sync 35 at Tue Apr 21 00:26:24 UTC 2026
Cache sync 36 at Tue Apr 21 00:26:24 UTC 2026
Cache sync 37 at Tue Apr 21 00:26:24 UTC 2026
Cache sync 38 at Tue Apr 21 00:26:24 UTC 2026
Cache sync 39 at Tue Apr 21 00:26:24 UTC 2026
Cache sync 40 at Tue Apr 21 00:26:24 UTC 2026
Cache sync 41 at Tue Apr 21 00:26:24 UTC 2026
Cache sync 42 at Tue Apr 21 00:26:24 UTC 2026
Cache sync 43 at Tue Apr 21 00:26:25 UTC 2026
Cache sync 44 at Tue Apr 21 00:26:25 UTC 2026
Cache sync 45 at Tue Apr 21 00:26:25 UTC 2026
Cache sync 46 at Tue Apr 21 00:26:25 UTC 2026
Cache sync 47 at Tue Apr 21 00:26:25 UTC 2026
Cache sync 48 at Tue Apr 21 00:26:25 UTC 2026
Cache sync 49 at Tue Apr 21 00:26:25 UTC 2026
Cache sync 50 at Tue Apr 21 00:26:25 UTC 2026
Cache sync 51 at Tue Apr 21 00:26:25 UTC 2026
Cache sync 52 at Tue Apr 21 00:26:25 UTC 2026
Cache sync 53 at Tue Apr 21 00:26:25 UTC 2026
Cache sync 54 at Tue Apr 21 00:26:25 UTC 2026
Cache sync 55 at Tue Apr 21 00:26:25 UTC 2026
Cache sync 56 at Tue Apr 21 00:26:25 UTC 2026
Cache sync 57 at Tue Apr 21 00:26:25 UTC 2026
Cache sync 58 at Tue Apr 21 00:26:25 UTC 2026
Cache sync 59 at Tue Apr 21 00:26:25 UTC 2026
Cache sync 60 at Tue Apr 21 00:26:25 UTC 2026
Cache sync 61 at Tue Apr 21 00:26:25 UTC 2026
Cache sync 62 at Tue Apr 21 00:26:25 UTC 2026
Cache sync 63 at Tue Apr 21 00:26:25 UTC 2026
Cache sync 64 at Tue Apr 21 00:26:25 UTC 2026
Cache sync 65 at Tue Apr 21 00:26:25 UTC 2026
Cache sync 66 at Tue Apr 21 00:26:25 UTC 2026
Cache sync 67 at Tue Apr 21 00:26:25 UTC 2026
Cache sync 68 at Tue Apr 21 00:26:25 UTC 2026
Cache sync 69 at Tue Apr 21 00:26:25 UTC 2026
Cache sync 70 at Tue Apr 21 00:26:25 UTC 2026
Cache sync 1 at Tue Apr 21 04:02:41 UTC 2026
Cache sync 2 at Tue Apr 21 04:02:41 UTC 2026
Cache sync 3 at Tue Apr 21 04:02:41 UTC 2026
Cache sync 4 at Tue Apr 21 04:02:41 UTC 2026
Cache sync 5 at Tue Apr 21 04:02:41 UTC 2026
Cache sync 6 at Tue Apr 21 04:02:41 UTC 2026
Cache sync 7 at Tue Apr 21 04:02:41 UTC 2026
Cache sync 8 at Tue Apr 21 04:02:41 UTC 2026
Cache sync 9 at Tue Apr 21 04:02:41 UTC 2026
Cache sync 10 at Tue Apr 21 04:02:41 UTC 2026
Cache sync 11 at Tue Apr 21 04:02:41 UTC 2026
Cache sync 12 at Tue Apr 21 04:02:41 UTC 2026
Cache sync 13 at Tue Apr 21 04:02:41 UTC 2026
Cache sync 1 at Tue Apr 21 09:32:45 UTC 2026
Cache sync 2 at Tue Apr 21 09:32:45 UTC 2026
Cache sync 3 at Tue Apr 21 09:32:45 UTC 2026
Cache sync 4 at Tue Apr 21 09:32:45 UTC 2026
Cache sync 5 at Tue Apr 21 09:32:45 UTC 2026
Cache sync 6 at Tue Apr 21 09:32:45 UTC 2026
Cache sync 7 at Tue Apr 21 09:32:45 UTC 2026
Cache sync 8 at Tue Apr 21 09:32:45 UTC 2026
Cache sync 9 at Tue Apr 21 09:32:45 UTC 2026
Cache sync 10 at Tue Apr 21 09:32:45 UTC 2026
Cache sync 11 at Tue Apr 21 09:32:45 UTC 2026
Cache sync 12 at Tue Apr 21 09:32:45 UTC 2026
Cache sync 13 at Tue Apr 21 09:32:45 UTC 2026
Cache sync 14 at Tue Apr 21 09:32:45 UTC 2026
Cache sync 15 at Tue Apr 21 09:32:45 UTC 2026
Cache sync 16 at Tue Apr 21 09:32:45 UTC 2026
Cache sync 17 at Tue Apr 21 09:32:45 UTC 2026
Cache sync 18 at Tue Apr 21 09:32:45 UTC 2026
Cache sync 19 at Tue Apr 21 09:32:45 UTC 2026
Cache sync 20 at Tue Apr 21 09:32:45 UTC 2026
Cache sync 21 at Tue Apr 21 09:32:45 UTC 2026
Cache sync 22 at Tue Apr 21 09:32:45 UTC 2026
Cache sync 23 at Tue Apr 21 09:32:45 UTC 2026
Cache sync 24 at Tue Apr 21 09:32:45 UTC 2026
Cache sync 25 at Tue Apr 21 09:32:45 UTC 2026
Cache sync 26 at Tue Apr 21 09:32:45 UTC 2026
Cache sync 27 at Tue Apr 21 09:32:45 UTC 2026
Cache sync 28 at Tue Apr 21 09:32:45 UTC 2026
Cache sync 29 at Tue Apr 21 09:32:45 UTC 2026
Cache sync 30 at Tue Apr 21 09:32:45 UTC 2026
Cache sync 31 at Tue Apr 21 09:32:45 UTC 2026
Cache sync 32 at Tue Apr 21 09:32:45 UTC 2026
Cache sync 33 at Tue Apr 21 09:32:45 UTC 2026
Cache sync 34 at Tue Apr 21 09:32:45 UTC 2026
Cache sync 35 at Tue Apr 21 09:32:45 UTC 2026
Cache sync 1 at Tue Apr 21 12:21:23 UTC 2026
Cache sync 2 at Tue Apr 21 12:21:23 UTC 2026
Cache sync 3 at Tue Apr 21 12:21:23 UTC 2026
Cache sync 4 at Tue Apr 21 12:21:23 UTC 2026
Cache sync 5 at Tue Apr 21 12:21:23 UTC 2026
Cache sync 6 at Tue Apr 21 12:21:23 UTC 2026
Cache sync 7 at Tue Apr 21 12:21:23 UTC 2026
Cache sync 8 at Tue Apr 21 12:21:23 UTC 2026
Cache sync 9 at Tue Apr 21 12:21:23 UTC 2026
Cache sync 10 at Tue Apr 21 12:21:23 UTC 2026
Cache sync 11 at Tue Apr 21 12:21:23 UTC 2026
Cache sync 12 at Tue Apr 21 12:21:23 UTC 2026
Cache sync 13 at Tue Apr 21 12:21:23 UTC 2026
Cache sync 14 at Tue Apr 21 12:21:23 UTC 2026
Cache sync 15 at Tue Apr 21 12:21:23 UTC 2026
Cache sync 16 at Tue Apr 21 12:21:23 UTC 2026
Cache sync 17 at Tue Apr 21 12:21:23 UTC 2026
Cache sync 18 at Tue Apr 21 12:21:23 UTC 2026
Cache sync 19 at Tue Apr 21 12:21:23 UTC 2026
Cache sync 20 at Tue Apr 21 12:21:23 UTC 2026
Cache sync 21 at Tue Apr 21 12:21:23 UTC 2026
Cache sync 22 at Tue Apr 21 12:21:23 UTC 2026
Cache sync 23 at Tue Apr 21 12:21:23 UTC 2026
Cache sync 24 at Tue Apr 21 12:21:23 UTC 2026
Cache sync 25 at Tue Apr 21 12:21:23 UTC 2026
Cache sync 26 at Tue Apr 21 12:21:23 UTC 2026
Cache sync 27 at Tue Apr 21 12:21:23 UTC 2026
Cache sync 28 at Tue Apr 21 12:21:23 UTC 2026
Cache sync 29 at Tue Apr 21 12:21:23 UTC 2026
Cache sync 30 at Tue Apr 21 12:21:23 UTC 2026
Cache sync 31 at Tue Apr 21 12:21:23 UTC 2026
Cache sync 32 at Tue Apr 21 12:21:23 UTC 2026
Cache sync 33 at Tue Apr 21 12:21:23 UTC 2026
Cache sync 34 at Tue Apr 21 12:21:23 UTC 2026
Cache sync 35 at Tue Apr 21 12:21:23 UTC 2026
Cache sync 36 at Tue Apr 21 12:21:24 UTC 2026
Cache sync 37 at Tue Apr 21 12:21:24 UTC 2026
Cache sync 38 at Tue Apr 21 12:21:24 UTC 2026
Cache sync 39 at Tue Apr 21 12:21:24 UTC 2026
Cache sync 40 at Tue Apr 21 12:21:24 UTC 2026
Cache sync 41 at Tue Apr 21 12:21:24 UTC 2026
Cache sync 42 at Tue Apr 21 12:21:24 UTC 2026
Cache sync 43 at Tue Apr 21 12:21:24 UTC 2026
Cache sync 44 at Tue Apr 21 12:21:24 UTC 2026
Cache sync 45 at Tue Apr 21 12:21:24 UTC 2026
Cache sync 46 at Tue Apr 21 12:21:24 UTC 2026
Cache sync 47 at Tue Apr 21 12:21:24 UTC 2026
Cache sync 48 at Tue Apr 21 12:21:24 UTC 2026
Cache sync 49 at Tue Apr 21 12:21:24 UTC 2026
Cache sync 50 at Tue Apr 21 12:21:24 UTC 2026
Cache sync 51 at Tue Apr 21 12:21:24 UTC 2026
Cache sync 52 at Tue Apr 21 12:21:24 UTC 2026
Cache sync 53 at Tue Apr 21 12:21:24 UTC 2026
Cache sync 54 at Tue Apr 21 12:21:24 UTC 2026
Cache sync 55 at Tue Apr 21 12:21:24 UTC 2026
Cache sync 56 at Tue Apr 21 12:21:24 UTC 2026
Cache sync 57 at Tue Apr 21 12:21:24 UTC 2026
Cache sync 58 at Tue Apr 21 12:21:24 UTC 2026
Cache sync 59 at Tue Apr 21 12:21:24 UTC 2026
Cache sync 60 at Tue Apr 21 12:21:24 UTC 2026
Cache sync 61 at Tue Apr 21 12:21:24 UTC 2026
Cache sync 62 at Tue Apr 21 12:21:24 UTC 2026
Cache sync 63 at Tue Apr 21 12:21:24 UTC 2026
Cache sync 64 at Tue Apr 21 12:21:24 UTC 2026
Cache sync 65 at Tue Apr 21 12:21:24 UTC 2026
Cache sync 66 at Tue Apr 21 12:21:24 UTC 2026
Cache sync 67 at Tue Apr 21 12:21:24 UTC 2026
Cache sync 68 at Tue Apr 21 12:21:24 UTC 2026
Cache sync 69 at Tue Apr 21 12:21:24 UTC 2026
Cache sync 70 at Tue Apr 21 12:21:24 UTC 2026
Cache sync 1 at Tue Apr 21 18:22:24 UTC 2026
Cache sync 2 at Tue Apr 21 18:22:24 UTC 2026
Cache sync 3 at Tue Apr 21 18:22:24 UTC 2026
Cache sync 4 at Tue Apr 21 18:22:24 UTC 2026
Cache sync 5 at Tue Apr 21 18:22:24 UTC 2026
Cache sync 6 at Tue Apr 21 18:22:24 UTC 2026
Cache sync 7 at Tue Apr 21 18:22:24 UTC 2026
Cache sync 8 at Tue Apr 21 18:22:24 UTC 2026
Cache sync 9 at Tue Apr 21 18:22:24 UTC 2026
Cache sync 10 at Tue Apr 21 18:22:24 UTC 2026
Cache sync 11 at Tue Apr 21 18:22:24 UTC 2026
Cache sync 12 at Tue Apr 21 18:22:24 UTC 2026
Cache sync 13 at Tue Apr 21 18:22:24 UTC 2026
Cache sync 14 at Tue Apr 21 18:22:24 UTC 2026
Cache sync 15 at Tue Apr 21 18:22:24 UTC 2026
Cache sync 16 at Tue Apr 21 18:22:24 UTC 2026
Cache sync 17 at Tue Apr 21 18:22:24 UTC 2026
Cache sync 18 at Tue Apr 21 18:22:24 UTC 2026
Cache sync 19 at Tue Apr 21 18:22:24 UTC 2026
Cache sync 20 at Tue Apr 21 18:22:24 UTC 2026
Cache sync 21 at Tue Apr 21 18:22:24 UTC 2026
Cache sync 22 at Tue Apr 21 18:22:24 UTC 2026
Cache sync 23 at Tue Apr 21 18:22:24 UTC 2026
Cache sync 24 at Tue Apr 21 18:22:24 UTC 2026
Cache sync 25 at Tue Apr 21 18:22:24 UTC 2026
Cache sync 26 at Tue Apr 21 18:22:24 UTC 2026
Cache sync 27 at Tue Apr 21 18:22:24 UTC 2026
Cache sync 28 at Tue Apr 21 18:22:24 UTC 2026
Cache sync 29 at Tue Apr 21 18:22:24 UTC 2026
Cache sync 30 at Tue Apr 21 18:22:24 UTC 2026
Cache sync 31 at Tue Apr 21 18:22:24 UTC 2026
Cache sync 32 at Tue Apr 21 18:22:25 UTC 2026
Cache sync 33 at Tue Apr 21 18:22:25 UTC 2026
Cache sync 34 at Tue Apr 21 18:22:25 UTC 2026
Cache sync 35 at Tue Apr 21 18:22:25 UTC 2026
Cache sync 36 at Tue Apr 21 18:22:25 UTC 2026
Cache sync 37 at Tue Apr 21 18:22:25 UTC 2026
Cache sync 38 at Tue Apr 21 18:22:25 UTC 2026
Cache sync 39 at Tue Apr 21 18:22:25 UTC 2026
Cache sync 40 at Tue Apr 21 18:22:25 UTC 2026
Cache sync 41 at Tue Apr 21 18:22:25 UTC 2026
Cache sync 42 at Tue Apr 21 18:22:25 UTC 2026
Cache sync 43 at Tue Apr 21 18:22:25 UTC 2026
Cache sync 44 at Tue Apr 21 18:22:25 UTC 2026
Cache sync 45 at Tue Apr 21 18:22:25 UTC 2026
Cache sync 46 at Tue Apr 21 18:22:25 UTC 2026
Cache sync 47 at Tue Apr 21 18:22:25 UTC 2026
Cache sync 48 at Tue Apr 21 18:22:25 UTC 2026
Cache sync 49 at Tue Apr 21 18:22:25 UTC 2026
Cache sync 50 at Tue Apr 21 18:22:25 UTC 2026
Cache sync 51 at Tue Apr 21 18:22:25 UTC 2026
Cache sync 52 at Tue Apr 21 18:22:25 UTC 2026
Cache sync 53 at Tue Apr 21 18:22:25 UTC 2026
Cache sync 54 at Tue Apr 21 18:22:25 UTC 2026
Cache sync 55 at Tue Apr 21 18:22:25 UTC 2026
Cache sync 56 at Tue Apr 21 18:22:25 UTC 2026
Cache sync 57 at Tue Apr 21 18:22:25 UTC 2026
Cache sync 58 at Tue Apr 21 18:22:25 UTC 2026
Cache sync 59 at Tue Apr 21 18:22:25 UTC 2026
Cache sync 60 at Tue Apr 21 18:22:25 UTC 2026
Cache sync 61 at Tue Apr 21 18:22:25 UTC 2026
Cache sync 62 at Tue Apr 21 18:22:25 UTC 2026
Cache sync 1 at Tue Apr 21 21:16:21 UTC 2026
Cache sync 2 at Tue Apr 21 21:16:21 UTC 2026
Cache sync 3 at Tue Apr 21 21:16:21 UTC 2026
Cache sync 4 at Tue Apr 21 21:16:21 UTC 2026
Cache sync 5 at Tue Apr 21 21:16:21 UTC 2026
Cache sync 6 at Tue Apr 21 21:16:21 UTC 2026
Cache sync 7 at Tue Apr 21 21:16:22 UTC 2026
Cache sync 8 at Tue Apr 21 21:16:22 UTC 2026
Cache sync 9 at Tue Apr 21 21:16:22 UTC 2026
Cache sync 10 at Tue Apr 21 21:16:22 UTC 2026
Cache sync 11 at Tue Apr 21 21:16:22 UTC 2026
Cache sync 12 at Tue Apr 21 21:16:22 UTC 2026
Cache sync 13 at Tue Apr 21 21:16:22 UTC 2026
Cache sync 14 at Tue Apr 21 21:16:22 UTC 2026
Cache sync 1 at Wed Apr 22 00:23:43 UTC 2026
Cache sync 2 at Wed Apr 22 00:23:43 UTC 2026
Cache sync 3 at Wed Apr 22 00:23:43 UTC 2026
Cache sync 4 at Wed Apr 22 00:23:43 UTC 2026
Cache sync 5 at Wed Apr 22 00:23:43 UTC 2026
Cache sync 6 at Wed Apr 22 00:23:43 UTC 2026
Cache sync 7 at Wed Apr 22 00:23:43 UTC 2026
Cache sync 8 at Wed Apr 22 00:23:43 UTC 2026
Cache sync 9 at Wed Apr 22 00:23:43 UTC 2026
Cache sync 1 at Wed Apr 22 04:01:28 UTC 2026
Cache sync 2 at Wed Apr 22 04:01:28 UTC 2026
Cache sync 3 at Wed Apr 22 04:01:28 UTC 2026
Cache sync 4 at Wed Apr 22 04:01:28 UTC 2026
Cache sync 5 at Wed Apr 22 04:01:28 UTC 2026
Cache sync 6 at Wed Apr 22 04:01:28 UTC 2026
Cache sync 7 at Wed Apr 22 04:01:28 UTC 2026
Cache sync 8 at Wed Apr 22 04:01:28 UTC 2026
Cache sync 9 at Wed Apr 22 04:01:28 UTC 2026
Cache sync 10 at Wed Apr 22 04:01:28 UTC 2026
Cache sync 11 at Wed Apr 22 04:01:28 UTC 2026
Cache sync 12 at Wed Apr 22 04:01:28 UTC 2026
Cache sync 13 at Wed Apr 22 04:01:28 UTC 2026
Cache sync 14 at Wed Apr 22 04:01:28 UTC 2026
Cache sync 15 at Wed Apr 22 04:01:28 UTC 2026
Cache sync 16 at Wed Apr 22 04:01:28 UTC 2026
Cache sync 17 at Wed Apr 22 04:01:28 UTC 2026
Cache sync 18 at Wed Apr 22 04:01:28 UTC 2026
Cache sync 19 at Wed Apr 22 04:01:28 UTC 2026
Cache sync 20 at Wed Apr 22 04:01:28 UTC 2026
Cache sync 21 at Wed Apr 22 04:01:28 UTC 2026
Cache sync 22 at Wed Apr 22 04:01:28 UTC 2026
Cache sync 23 at Wed Apr 22 04:01:28 UTC 2026
Cache sync 24 at Wed Apr 22 04:01:28 UTC 2026
Cache sync 25 at Wed Apr 22 04:01:28 UTC 2026
Cache sync 26 at Wed Apr 22 04:01:28 UTC 2026
Cache sync 27 at Wed Apr 22 04:01:28 UTC 2026
Cache sync 28 at Wed Apr 22 04:01:28 UTC 2026
Cache sync 29 at Wed Apr 22 04:01:28 UTC 2026
Cache sync 30 at Wed Apr 22 04:01:28 UTC 2026
Cache sync 31 at Wed Apr 22 04:01:28 UTC 2026
Cache sync 32 at Wed Apr 22 04:01:28 UTC 2026
Cache sync 33 at Wed Apr 22 04:01:28 UTC 2026
Cache sync 1 at Wed Apr 22 06:37:23 UTC 2026
Cache sync 2 at Wed Apr 22 06:37:23 UTC 2026
Cache sync 3 at Wed Apr 22 06:37:23 UTC 2026
Cache sync 4 at Wed Apr 22 06:37:23 UTC 2026
Cache sync 5 at Wed Apr 22 06:37:23 UTC 2026
Cache sync 6 at Wed Apr 22 06:37:23 UTC 2026
Cache sync 7 at Wed Apr 22 06:37:23 UTC 2026
Cache sync 8 at Wed Apr 22 06:37:23 UTC 2026
Cache sync 9 at Wed Apr 22 06:37:23 UTC 2026
Cache sync 10 at Wed Apr 22 06:37:23 UTC 2026
Cache sync 11 at Wed Apr 22 06:37:23 UTC 2026
Cache sync 12 at Wed Apr 22 06:37:23 UTC 2026
Cache sync 13 at Wed Apr 22 06:37:23 UTC 2026
Cache sync 14 at Wed Apr 22 06:37:23 UTC 2026
Cache sync 15 at Wed Apr 22 06:37:23 UTC 2026
Cache sync 16 at Wed Apr 22 06:37:23 UTC 2026
Cache sync 17 at Wed Apr 22 06:37:23 UTC 2026
Cache sync 18 at Wed Apr 22 06:37:23 UTC 2026
Cache sync 19 at Wed Apr 22 06:37:23 UTC 2026
Cache sync 20 at Wed Apr 22 06:37:23 UTC 2026
Cache sync 21 at Wed Apr 22 06:37:23 UTC 2026
Cache sync 22 at Wed Apr 22 06:37:23 UTC 2026
Cache sync 23 at Wed Apr 22 06:37:23 UTC 2026
Cache sync 24 at Wed Apr 22 06:37:23 UTC 2026
Cache sync 25 at Wed Apr 22 06:37:23 UTC 2026
Cache sync 26 at Wed Apr 22 06:37:23 UTC 2026
Cache sync 27 at Wed Apr 22 06:37:24 UTC 2026
Cache sync 28 at Wed Apr 22 06:37:24 UTC 2026
Cache sync 29 at Wed Apr 22 06:37:24 UTC 2026
Cache sync 30 at Wed Apr 22 06:37:24 UTC 2026
Cache sync 31 at Wed Apr 22 06:37:24 UTC 2026
Cache sync 32 at Wed Apr 22 06:37:24 UTC 2026
Cache sync 33 at Wed Apr 22 06:37:24 UTC 2026
Cache sync 34 at Wed Apr 22 06:37:24 UTC 2026
Cache sync 35 at Wed Apr 22 06:37:24 UTC 2026
Cache sync 36 at Wed Apr 22 06:37:24 UTC 2026
Cache sync 37 at Wed Apr 22 06:37:24 UTC 2026
Cache sync 38 at Wed Apr 22 06:37:24 UTC 2026
Cache sync 39 at Wed Apr 22 06:37:24 UTC 2026
Cache sync 40 at Wed Apr 22 06:37:24 UTC 2026
Cache sync 41 at Wed Apr 22 06:37:24 UTC 2026
Cache sync 42 at Wed Apr 22 06:37:24 UTC 2026
Cache sync 43 at Wed Apr 22 06:37:24 UTC 2026
Cache sync 44 at Wed Apr 22 06:37:24 UTC 2026
Cache sync 45 at Wed Apr 22 06:37:24 UTC 2026
Cache sync 46 at Wed Apr 22 06:37:24 UTC 2026
Cache sync 47 at Wed Apr 22 06:37:24 UTC 2026
Cache sync 48 at Wed Apr 22 06:37:24 UTC 2026
Cache sync 49 at Wed Apr 22 06:37:24 UTC 2026
Cache sync 50 at Wed Apr 22 06:37:24 UTC 2026
Cache sync 51 at Wed Apr 22 06:37:24 UTC 2026
Cache sync 52 at Wed Apr 22 06:37:24 UTC 2026
Cache sync 53 at Wed Apr 22 06:37:24 UTC 2026
Cache sync 54 at Wed Apr 22 06:37:24 UTC 2026
Cache sync 1 at Wed Apr 22 09:32:23 UTC 2026
Cache sync 2 at Wed Apr 22 09:32:23 UTC 2026
Cache sync 3 at Wed Apr 22 09:32:23 UTC 2026
Cache sync 4 at Wed Apr 22 09:32:23 UTC 2026
Cache sync 5 at Wed Apr 22 09:32:23 UTC 2026
Cache sync 6 at Wed Apr 22 09:32:23 UTC 2026
Cache sync 7 at Wed Apr 22 09:32:23 UTC 2026
Cache sync 8 at Wed Apr 22 09:32:23 UTC 2026
Cache sync 9 at Wed Apr 22 09:32:23 UTC 2026
Cache sync 10 at Wed Apr 22 09:32:23 UTC 2026
Cache sync 11 at Wed Apr 22 09:32:23 UTC 2026
Cache sync 12 at Wed Apr 22 09:32:23 UTC 2026
Cache sync 13 at Wed Apr 22 09:32:23 UTC 2026
Cache sync 14 at Wed Apr 22 09:32:23 UTC 2026
Cache sync 15 at Wed Apr 22 09:32:23 UTC 2026
Cache sync 16 at Wed Apr 22 09:32:23 UTC 2026
Cache sync 17 at Wed Apr 22 09:32:23 UTC 2026
Cache sync 18 at Wed Apr 22 09:32:23 UTC 2026
Cache sync 19 at Wed Apr 22 09:32:23 UTC 2026
Cache sync 20 at Wed Apr 22 09:32:23 UTC 2026
Cache sync 21 at Wed Apr 22 09:32:23 UTC 2026
Cache sync 22 at Wed Apr 22 09:32:23 UTC 2026
Cache sync 23 at Wed Apr 22 09:32:23 UTC 2026
Cache sync 24 at Wed Apr 22 09:32:23 UTC 2026
Cache sync 25 at Wed Apr 22 09:32:23 UTC 2026
Cache sync 26 at Wed Apr 22 09:32:23 UTC 2026
Cache sync 27 at Wed Apr 22 09:32:23 UTC 2026
Cache sync 28 at Wed Apr 22 09:32:23 UTC 2026
Cache sync 29 at Wed Apr 22 09:32:23 UTC 2026
Cache sync 30 at Wed Apr 22 09:32:23 UTC 2026
Cache sync 31 at Wed Apr 22 09:32:23 UTC 2026
Cache sync 32 at Wed Apr 22 09:32:23 UTC 2026
Cache sync 33 at Wed Apr 22 09:32:23 UTC 2026
Cache sync 34 at Wed Apr 22 09:32:23 UTC 2026
Cache sync 35 at Wed Apr 22 09:32:23 UTC 2026
Cache sync 36 at Wed Apr 22 09:32:23 UTC 2026
Cache sync 37 at Wed Apr 22 09:32:23 UTC 2026
Cache sync 38 at Wed Apr 22 09:32:23 UTC 2026
Cache sync 39 at Wed Apr 22 09:32:23 UTC 2026
Cache sync 40 at Wed Apr 22 09:32:23 UTC 2026
Cache sync 41 at Wed Apr 22 09:32:23 UTC 2026
Cache sync 42 at Wed Apr 22 09:32:23 UTC 2026
Cache sync 43 at Wed Apr 22 09:32:23 UTC 2026
Cache sync 44 at Wed Apr 22 09:32:23 UTC 2026
Cache sync 45 at Wed Apr 22 09:32:23 UTC 2026
Cache sync 46 at Wed Apr 22 09:32:23 UTC 2026
Cache sync 47 at Wed Apr 22 09:32:23 UTC 2026
Cache sync 48 at Wed Apr 22 09:32:23 UTC 2026
Cache sync 49 at Wed Apr 22 09:32:23 UTC 2026
Cache sync 50 at Wed Apr 22 09:32:23 UTC 2026
Cache sync 51 at Wed Apr 22 09:32:23 UTC 2026
Cache sync 52 at Wed Apr 22 09:32:23 UTC 2026
Cache sync 53 at Wed Apr 22 09:32:24 UTC 2026
Cache sync 54 at Wed Apr 22 09:32:24 UTC 2026
Cache sync 55 at Wed Apr 22 09:32:24 UTC 2026
Cache sync 56 at Wed Apr 22 09:32:24 UTC 2026
Cache sync 57 at Wed Apr 22 09:32:24 UTC 2026
Cache sync 58 at Wed Apr 22 09:32:24 UTC 2026
Cache sync 59 at Wed Apr 22 09:32:24 UTC 2026
Cache sync 60 at Wed Apr 22 09:32:24 UTC 2026
Cache sync 61 at Wed Apr 22 09:32:24 UTC 2026
Cache sync 62 at Wed Apr 22 09:32:24 UTC 2026
Cache sync 63 at Wed Apr 22 09:32:24 UTC 2026
Cache sync 64 at Wed Apr 22 09:32:24 UTC 2026
Cache sync 65 at Wed Apr 22 09:32:24 UTC 2026
Cache sync 66 at Wed Apr 22 09:32:24 UTC 2026
Cache sync 67 at Wed Apr 22 09:32:24 UTC 2026
Cache sync 68 at Wed Apr 22 09:32:24 UTC 2026
Cache sync 69 at Wed Apr 22 09:32:24 UTC 2026
Cache sync 70 at Wed Apr 22 09:32:24 UTC 2026
Cache sync 71 at Wed Apr 22 09:32:24 UTC 2026
Cache sync 72 at Wed Apr 22 09:32:24 UTC 2026
Cache sync 73 at Wed Apr 22 09:32:24 UTC 2026
Cache sync 74 at Wed Apr 22 09:32:24 UTC 2026
Cache sync 1 at Wed Apr 22 12:20:54 UTC 2026
Cache sync 2 at Wed Apr 22 12:20:54 UTC 2026
Cache sync 3 at Wed Apr 22 12:20:54 UTC 2026
Cache sync 4 at Wed Apr 22 12:20:54 UTC 2026
Cache sync 5 at Wed Apr 22 12:20:54 UTC 2026
Cache sync 6 at Wed Apr 22 12:20:54 UTC 2026
Cache sync 7 at Wed Apr 22 12:20:54 UTC 2026
Cache sync 8 at Wed Apr 22 12:20:54 UTC 2026
Cache sync 9 at Wed Apr 22 12:20:54 UTC 2026
Cache sync 10 at Wed Apr 22 12:20:54 UTC 2026
Cache sync 11 at Wed Apr 22 12:20:54 UTC 2026
Cache sync 12 at Wed Apr 22 12:20:54 UTC 2026
Cache sync 13 at Wed Apr 22 12:20:54 UTC 2026
Cache sync 14 at Wed Apr 22 12:20:54 UTC 2026
Cache sync 15 at Wed Apr 22 12:20:54 UTC 2026
Cache sync 16 at Wed Apr 22 12:20:54 UTC 2026
Cache sync 17 at Wed Apr 22 12:20:54 UTC 2026
Cache sync 18 at Wed Apr 22 12:20:54 UTC 2026
Cache sync 19 at Wed Apr 22 12:20:54 UTC 2026
Cache sync 20 at Wed Apr 22 12:20:54 UTC 2026
Cache sync 21 at Wed Apr 22 12:20:54 UTC 2026
Cache sync 22 at Wed Apr 22 12:20:54 UTC 2026
Cache sync 23 at Wed Apr 22 12:20:54 UTC 2026
Cache sync 24 at Wed Apr 22 12:20:54 UTC 2026
Cache sync 25 at Wed Apr 22 12:20:54 UTC 2026
Cache sync 26 at Wed Apr 22 12:20:54 UTC 2026
Cache sync 27 at Wed Apr 22 12:20:55 UTC 2026
Cache sync 28 at Wed Apr 22 12:20:55 UTC 2026
Cache sync 29 at Wed Apr 22 12:20:55 UTC 2026
Cache sync 30 at Wed Apr 22 12:20:55 UTC 2026
Cache sync 31 at Wed Apr 22 12:20:55 UTC 2026
Cache sync 32 at Wed Apr 22 12:20:55 UTC 2026
Cache sync 33 at Wed Apr 22 12:20:55 UTC 2026
Cache sync 34 at Wed Apr 22 12:20:55 UTC 2026
Cache sync 35 at Wed Apr 22 12:20:55 UTC 2026
Cache sync 36 at Wed Apr 22 12:20:55 UTC 2026
Cache sync 37 at Wed Apr 22 12:20:55 UTC 2026
Cache sync 38 at Wed Apr 22 12:20:55 UTC 2026
Cache sync 39 at Wed Apr 22 12:20:55 UTC 2026
Cache sync 40 at Wed Apr 22 12:20:55 UTC 2026
Cache sync 41 at Wed Apr 22 12:20:55 UTC 2026
Cache sync 42 at Wed Apr 22 12:20:55 UTC 2026
Cache sync 1 at Wed Apr 22 18:22:31 UTC 2026
Cache sync 2 at Wed Apr 22 18:22:31 UTC 2026
Cache sync 3 at Wed Apr 22 18:22:31 UTC 2026
Cache sync 4 at Wed Apr 22 18:22:31 UTC 2026
Cache sync 5 at Wed Apr 22 18:22:31 UTC 2026
Cache sync 6 at Wed Apr 22 18:22:31 UTC 2026
Cache sync 7 at Wed Apr 22 18:22:31 UTC 2026
Cache sync 8 at Wed Apr 22 18:22:31 UTC 2026
Cache sync 9 at Wed Apr 22 18:22:31 UTC 2026
Cache sync 10 at Wed Apr 22 18:22:31 UTC 2026
Cache sync 11 at Wed Apr 22 18:22:31 UTC 2026
Cache sync 12 at Wed Apr 22 18:22:31 UTC 2026
Cache sync 13 at Wed Apr 22 18:22:31 UTC 2026
Cache sync 14 at Wed Apr 22 18:22:31 UTC 2026
Cache sync 15 at Wed Apr 22 18:22:31 UTC 2026
Cache sync 16 at Wed Apr 22 18:22:31 UTC 2026
Cache sync 1 at Wed Apr 22 21:17:41 UTC 2026
Cache sync 2 at Wed Apr 22 21:17:41 UTC 2026
Cache sync 3 at Wed Apr 22 21:17:41 UTC 2026
Cache sync 4 at Wed Apr 22 21:17:41 UTC 2026
Cache sync 5 at Wed Apr 22 21:17:41 UTC 2026
Cache sync 6 at Wed Apr 22 21:17:41 UTC 2026
Cache sync 7 at Wed Apr 22 21:17:41 UTC 2026
Cache sync 8 at Wed Apr 22 21:17:41 UTC 2026
Cache sync 9 at Wed Apr 22 21:17:41 UTC 2026
Cache sync 10 at Wed Apr 22 21:17:41 UTC 2026
Cache sync 11 at Wed Apr 22 21:17:41 UTC 2026
Cache sync 12 at Wed Apr 22 21:17:41 UTC 2026
Cache sync 13 at Wed Apr 22 21:17:41 UTC 2026
Cache sync 14 at Wed Apr 22 21:17:41 UTC 2026
Cache sync 15 at Wed Apr 22 21:17:41 UTC 2026
Cache sync 16 at Wed Apr 22 21:17:41 UTC 2026
Cache sync 17 at Wed Apr 22 21:17:41 UTC 2026
Cache sync 18 at Wed Apr 22 21:17:41 UTC 2026
Cache sync 19 at Wed Apr 22 21:17:41 UTC 2026
Cache sync 20 at Wed Apr 22 21:17:41 UTC 2026
Cache sync 21 at Wed Apr 22 21:17:41 UTC 2026
Cache sync 22 at Wed Apr 22 21:17:41 UTC 2026
Cache sync 23 at Wed Apr 22 21:17:41 UTC 2026
Cache sync 24 at Wed Apr 22 21:17:41 UTC 2026
Cache sync 25 at Wed Apr 22 21:17:41 UTC 2026
Cache sync 26 at Wed Apr 22 21:17:41 UTC 2026
Cache sync 27 at Wed Apr 22 21:17:41 UTC 2026
Cache sync 28 at Wed Apr 22 21:17:41 UTC 2026
Cache sync 29 at Wed Apr 22 21:17:41 UTC 2026
Cache sync 30 at Wed Apr 22 21:17:41 UTC 2026
Cache sync 31 at Wed Apr 22 21:17:41 UTC 2026
Cache sync 32 at Wed Apr 22 21:17:41 UTC 2026
Cache sync 33 at Wed Apr 22 21:17:41 UTC 2026
Cache sync 34 at Wed Apr 22 21:17:41 UTC 2026
Cache sync 35 at Wed Apr 22 21:17:42 UTC 2026
Cache sync 36 at Wed Apr 22 21:17:42 UTC 2026
Cache sync 37 at Wed Apr 22 21:17:42 UTC 2026
Cache sync 38 at Wed Apr 22 21:17:42 UTC 2026
Cache sync 39 at Wed Apr 22 21:17:42 UTC 2026
Cache sync 40 at Wed Apr 22 21:17:42 UTC 2026
Cache sync 41 at Wed Apr 22 21:17:42 UTC 2026
Cache sync 42 at Wed Apr 22 21:17:42 UTC 2026
Cache sync 43 at Wed Apr 22 21:17:42 UTC 2026
Cache sync 44 at Wed Apr 22 21:17:42 UTC 2026
Cache sync 45 at Wed Apr 22 21:17:42 UTC 2026
Cache sync 46 at Wed Apr 22 21:17:42 UTC 2026
Cache sync 47 at Wed Apr 22 21:17:42 UTC 2026
Cache sync 48 at Wed Apr 22 21:17:42 UTC 2026
Cache sync 49 at Wed Apr 22 21:17:42 UTC 2026
Cache sync 50 at Wed Apr 22 21:17:42 UTC 2026
Cache sync 51 at Wed Apr 22 21:17:42 UTC 2026
Cache sync 52 at Wed Apr 22 21:17:42 UTC 2026
Cache sync 53 at Wed Apr 22 21:17:42 UTC 2026
Cache sync 54 at Wed Apr 22 21:17:42 UTC 2026
Cache sync 55 at Wed Apr 22 21:17:42 UTC 2026
Cache sync 56 at Wed Apr 22 21:17:42 UTC 2026
Cache sync 57 at Wed Apr 22 21:17:42 UTC 2026
Cache sync 58 at Wed Apr 22 21:17:42 UTC 2026
Cache sync 59 at Wed Apr 22 21:17:42 UTC 2026
Cache sync 60 at Wed Apr 22 21:17:42 UTC 2026
Cache sync 1 at Thu Apr 23 00:28:26 UTC 2026
Cache sync 2 at Thu Apr 23 00:28:26 UTC 2026
Cache sync 3 at Thu Apr 23 00:28:26 UTC 2026
Cache sync 4 at Thu Apr 23 00:28:26 UTC 2026
Cache sync 5 at Thu Apr 23 00:28:26 UTC 2026
Cache sync 6 at Thu Apr 23 00:28:26 UTC 2026
Cache sync 7 at Thu Apr 23 00:28:26 UTC 2026
Cache sync 8 at Thu Apr 23 00:28:26 UTC 2026
Cache sync 9 at Thu Apr 23 00:28:26 UTC 2026
Cache sync 10 at Thu Apr 23 00:28:26 UTC 2026
Cache sync 11 at Thu Apr 23 00:28:26 UTC 2026
Cache sync 12 at Thu Apr 23 00:28:26 UTC 2026
Cache sync 13 at Thu Apr 23 00:28:26 UTC 2026
Cache sync 14 at Thu Apr 23 00:28:26 UTC 2026
Cache sync 15 at Thu Apr 23 00:28:26 UTC 2026
Cache sync 16 at Thu Apr 23 00:28:26 UTC 2026
Cache sync 17 at Thu Apr 23 00:28:26 UTC 2026
Cache sync 18 at Thu Apr 23 00:28:26 UTC 2026
Cache sync 19 at Thu Apr 23 00:28:26 UTC 2026
Cache sync 20 at Thu Apr 23 00:28:26 UTC 2026
Cache sync 21 at Thu Apr 23 00:28:26 UTC 2026
Cache sync 22 at Thu Apr 23 00:28:26 UTC 2026
Cache sync 23 at Thu Apr 23 00:28:26 UTC 2026
Cache sync 24 at Thu Apr 23 00:28:26 UTC 2026
Cache sync 25 at Thu Apr 23 00:28:26 UTC 2026
Cache sync 26 at Thu Apr 23 00:28:26 UTC 2026
Cache sync 27 at Thu Apr 23 00:28:26 UTC 2026
Cache sync 28 at Thu Apr 23 00:28:26 UTC 2026
Cache sync 29 at Thu Apr 23 00:28:26 UTC 2026
Cache sync 30 at Thu Apr 23 00:28:26 UTC 2026
Cache sync 31 at Thu Apr 23 00:28:26 UTC 2026
Cache sync 32 at Thu Apr 23 00:28:26 UTC 2026
Cache sync 33 at Thu Apr 23 00:28:26 UTC 2026
Cache sync 34 at Thu Apr 23 00:28:26 UTC 2026
Cache sync 35 at Thu Apr 23 00:28:26 UTC 2026
Cache sync 36 at Thu Apr 23 00:28:26 UTC 2026
Cache sync 37 at Thu Apr 23 00:28:26 UTC 2026
Cache sync 38 at Thu Apr 23 00:28:27 UTC 2026
Cache sync 39 at Thu Apr 23 00:28:27 UTC 2026
Cache sync 40 at Thu Apr 23 00:28:27 UTC 2026
Cache sync 41 at Thu Apr 23 00:28:27 UTC 2026
Cache sync 42 at Thu Apr 23 00:28:27 UTC 2026
Cache sync 43 at Thu Apr 23 00:28:27 UTC 2026
Cache sync 44 at Thu Apr 23 00:28:27 UTC 2026
Cache sync 45 at Thu Apr 23 00:28:27 UTC 2026
Cache sync 46 at Thu Apr 23 00:28:27 UTC 2026
Cache sync 47 at Thu Apr 23 00:28:27 UTC 2026
Cache sync 48 at Thu Apr 23 00:28:27 UTC 2026
Cache sync 49 at Thu Apr 23 00:28:27 UTC 2026
Cache sync 1 at Thu Apr 23 04:03:00 UTC 2026
Cache sync 2 at Thu Apr 23 04:03:00 UTC 2026
Cache sync 3 at Thu Apr 23 04:03:00 UTC 2026
Cache sync 4 at Thu Apr 23 04:03:00 UTC 2026
Cache sync 5 at Thu Apr 23 04:03:00 UTC 2026
Cache sync 6 at Thu Apr 23 04:03:00 UTC 2026
Cache sync 7 at Thu Apr 23 04:03:00 UTC 2026
Cache sync 8 at Thu Apr 23 04:03:00 UTC 2026
Cache sync 1 at Thu Apr 23 06:37:55 UTC 2026
Cache sync 2 at Thu Apr 23 06:37:55 UTC 2026
Cache sync 3 at Thu Apr 23 06:37:55 UTC 2026
Cache sync 4 at Thu Apr 23 06:37:55 UTC 2026
Cache sync 5 at Thu Apr 23 06:37:55 UTC 2026
Cache sync 6 at Thu Apr 23 06:37:55 UTC 2026
Cache sync 7 at Thu Apr 23 06:37:55 UTC 2026
Cache sync 8 at Thu Apr 23 06:37:55 UTC 2026
Cache sync 9 at Thu Apr 23 06:37:55 UTC 2026
Cache sync 10 at Thu Apr 23 06:37:55 UTC 2026
Cache sync 11 at Thu Apr 23 06:37:55 UTC 2026
Cache sync 12 at Thu Apr 23 06:37:55 UTC 2026
Cache sync 13 at Thu Apr 23 06:37:55 UTC 2026
Cache sync 14 at Thu Apr 23 06:37:55 UTC 2026
Cache sync 15 at Thu Apr 23 06:37:55 UTC 2026
Cache sync 16 at Thu Apr 23 06:37:55 UTC 2026
Cache sync 17 at Thu Apr 23 06:37:55 UTC 2026
Cache sync 18 at Thu Apr 23 06:37:55 UTC 2026
Cache sync 19 at Thu Apr 23 06:37:55 UTC 2026
Cache sync 20 at Thu Apr 23 06:37:55 UTC 2026
Cache sync 21 at Thu Apr 23 06:37:55 UTC 2026
Cache sync 22 at Thu Apr 23 06:37:55 UTC 2026
Cache sync 23 at Thu Apr 23 06:37:55 UTC 2026
Cache sync 24 at Thu Apr 23 06:37:55 UTC 2026
Cache sync 25 at Thu Apr 23 06:37:55 UTC 2026
Cache sync 26 at Thu Apr 23 06:37:55 UTC 2026
Cache sync 27 at Thu Apr 23 06:37:55 UTC 2026
Cache sync 28 at Thu Apr 23 06:37:56 UTC 2026
Cache sync 29 at Thu Apr 23 06:37:56 UTC 2026
Cache sync 30 at Thu Apr 23 06:37:56 UTC 2026
Cache sync 31 at Thu Apr 23 06:37:56 UTC 2026
Cache sync 32 at Thu Apr 23 06:37:56 UTC 2026
Cache sync 33 at Thu Apr 23 06:37:56 UTC 2026
Cache sync 34 at Thu Apr 23 06:37:56 UTC 2026
Cache sync 35 at Thu Apr 23 06:37:56 UTC 2026
Cache sync 36 at Thu Apr 23 06:37:56 UTC 2026
Cache sync 37 at Thu Apr 23 06:37:56 UTC 2026
Cache sync 38 at Thu Apr 23 06:37:56 UTC 2026
Cache sync 39 at Thu Apr 23 06:37:56 UTC 2026
Cache sync 40 at Thu Apr 23 06:37:56 UTC 2026
Cache sync 1 at Thu Apr 23 09:33:24 UTC 2026
Cache sync 2 at Thu Apr 23 09:33:24 UTC 2026
Cache sync 3 at Thu Apr 23 09:33:24 UTC 2026
Cache sync 4 at Thu Apr 23 09:33:24 UTC 2026
Cache sync 5 at Thu Apr 23 09:33:24 UTC 2026
Cache sync 6 at Thu Apr 23 09:33:24 UTC 2026
Cache sync 7 at Thu Apr 23 09:33:24 UTC 2026
Cache sync 8 at Thu Apr 23 09:33:25 UTC 2026
Cache sync 9 at Thu Apr 23 09:33:25 UTC 2026
Cache sync 10 at Thu Apr 23 09:33:25 UTC 2026
Cache sync 11 at Thu Apr 23 09:33:25 UTC 2026
Cache sync 12 at Thu Apr 23 09:33:25 UTC 2026
Cache sync 13 at Thu Apr 23 09:33:25 UTC 2026
Cache sync 14 at Thu Apr 23 09:33:25 UTC 2026
Cache sync 15 at Thu Apr 23 09:33:25 UTC 2026
